Time (s),x (pixels),y (pixels)
0,125,942
0,133,942
0,130,950
0,138,953
0,141,947
0,146,944
0,147,940
0,144,935
0,144,931
0,150,926
0,153,919
0,139,914
0,137,913
0,134,911
0,138,910
0,126,913
0,126,915
0,125,916
0,127,912
0,126,902
0,126,902
0,119,908
0,119,911
0,121,909
0,120,919
0,107,916
0,106,924
0,91,926
0,89,931
0,106,933
0,105,937
0,102,940
1,158,897
1,812,983
1,1109,774
1,1700,790
1,1959,551
1,2206,543
1,2294,451
1,2333,465
1,2334,464
1,2333,427
1,2327,427
1,2324,410
1,2309,418
1,2303,413
1,2291,422
1,2275,408
1,2252,418
1,2218,405
1,2265,333
1,2311,305
1,2347,244
1,2340,238
1,2315,267
1,2295,263
1,2265,294
1,2253,297
1,2230,297
1,2192,285
1,2170,305
1,2153,307
1,2134,326
1,2059,317
1,2049,328
1,2069,320
1,2049,337
1,2020,327
1,1985,343
1,1934,310
1,1923,308
1,1902,303
1,1893,312
1,1871,298
1,1869,303
1,1860,302
1,1851,310
1,1841,308
1,1833,318
1,1825,315
1,1824,319
1,1811,308
1,1813,308
1,1805,303
1,1802,308
1,1797,299
1,1817,287
1,1838,297
1,1841,292
1,1833,282
1,1824,288
1,1802,274
1,1800,281
1,1795,278
1,1797,279
1,1795,280
2,1793,276
2,1783,266
2,1783,274
2,1761,253
2,1763,248
2,1766,254
2,1767,255
2,1774,257
2,1773,259
2,1772,254
2,1770,255
2,1763,243
2,1762,242
2,1766,250
2,1763,248
2,1766,250
2,1766,253
2,1765,245
2,1764,247
2,1770,252
2,1769,249
2,1768,248
2,1766,252
2,1772,259
2,1769,260
2,1771,270
2,1773,270
2,1775,270
2,1776,266
2,1785,276
2,1786,275
2,1805,294
2,1805,292
2,1806,291
2,1804,297
2,1809,302
2,1811,296
2,1815,299
2,1814,304
2,1812,306
2,1812,306
2,1812,307
2,1812,304
2,1819,308
2,1814,318
2,1812,315
2,1807,319
2,1808,317
2,1813,311
2,1813,312
2,1814,313
2,1804,303
2,1804,303
2,1783,282
2,1786,282
2,1779,271
2,1780,267
2,1778,263
2,1777,269
2,1769,260
2,1767,260
2,1765,254
2,1758,258
2,1748,252
3,1744,257
3,1751,260
3,1750,262
3,1751,262
3,1742,276
3,1733,308
3,1744,450
3,1727,604
3,1721,616
3,1735,615
3,1729,616
3,1742,627
3,1754,635
3,1747,638
3,1748,641
3,1758,651
3,1757,648
3,1767,656
3,1764,659
3,1774,668
3,1772,670
3,1774,673
3,1772,675
3,1778,681
3,1778,681
3,1778,685
3,1684,718
3,1525,656
3,1524,657
3,1518,658
3,1518,660
3,1519,659
3,1520,658
3,1517,662
3,1514,667
3,1511,672
3,1524,666
3,1669,695
3,1902,563
3,2162,664
3,2306,-73
3,2368,-122
3,2323,-507
3,2097,645
3,1374,176
3,1586,307
3,1881,123
3,2544,235
3,2499,298
3,2475,309
3,2437,342
3,2422,327
3,2387,357
3,2374,335
3,2352,355
3,2337,342
3,2316,363
3,2305,348
3,2291,368
3,2281,354
3,2288,373
3,2280,359
3,2274,374
3,2271,359
4,2275,354
4,2286,363
4,2348,271
4,2352,258
4,2354,251
4,2350,252
4,2351,245
4,2344,243
4,2337,249
4,2334,249
4,2323,260
4,2321,261
4,2318,262
4,2319,266
4,2316,272
4,2317,273
4,2309,276
4,2308,276
4,2310,283
4,2310,289
4,2308,290
4,2310,295
4,2309,304
4,2308,301
4,2304,305
4,2302,309
4,2302,310
4,2302,305
4,2303,308
4,2305,308
4,2306,305
4,2308,308
4,2312,315
4,2310,311
4,2306,311
4,2306,307
4,2307,313
4,2306,321
4,2278,346
4,2207,295
4,1916,491
4,1430,288
4,1576,1151
4,2089,1153
4,1442,401
4,641,257
4,1278,661
4,914,509
4,616,279
4,631,262
4,1725,1811
4,660,254
4,729,270
4,815,297
4,834,281
4,886,306
4,893,306
4,934,327
4,944,330
4,986,361
4,1002,357
4,1059,396
4,1069,405
4,1042,481
5,1043,591
5,997,647
5,1005,629
5,1057,633
5,1069,606
5,1099,610
5,1106,593
5,1113,590
5,1126,567
5,1155,549
5,1179,539
5,1329,543
5,1341,517
5,1259,517
5,1267,500
5,1265,493
5,1272,479
5,1274,473
5,1280,466
5,1295,461
5,1299,465
5,1332,489
5,1334,498
5,1349,501
5,1352,506
5,1353,514
5,1354,520
5,1355,520
5,1356,524
5,1352,533
5,1346,545
5,1356,557
5,1354,562
5,1361,567
5,1363,576
5,1370,572
5,1367,573
5,1377,582
5,1375,585
5,1366,588
5,1363,591
5,1349,594
5,1342,603
5,1332,603
5,1323,606
5,1313,603
5,1309,600
5,1309,597
5,1298,594
5,1294,582
5,1302,570
5,1312,566
5,1313,565
5,1319,564
5,1317,563
5,1323,569
5,1322,575
5,1320,582
5,1315,586
5,1309,590
5,1304,594
5,1311,595
5,1308,601
6,1302,596
6,1301,603
6,1296,611
6,1292,614
6,1285,615
6,1282,623
6,1277,617
6,1275,619
6,1295,636
6,1294,637
6,1278,632
6,1280,631
6,1275,624
6,1278,618
6,1280,615
6,1283,609
6,1286,609
6,1293,602
6,1297,597
6,1301,597
6,1308,596
6,1309,596
6,1310,590
6,1313,585
6,1316,590
6,1317,589
6,1321,595
6,1323,596
6,1327,600
6,1331,597
6,1333,602
6,1331,605
6,1336,606
6,1338,605
6,1348,606
6,1347,605
6,1346,603
6,1344,606
6,1345,607
6,1345,603
6,1338,608
6,1333,608
6,1326,604
6,1325,605
6,1320,608
6,1319,610
6,1320,614
6,1320,615
6,1320,607
6,1320,604
6,1323,601
6,1322,600
6,1315,591
6,1309,593
6,1293,591
6,1288,596
6,1282,596
6,1281,591
6,1282,587
6,1283,588
6,1289,584
6,1288,586
6,1286,588
6,1287,588
7,1280,592
7,1276,597
7,1276,600
7,1275,601
7,1271,602
7,1274,600
7,1276,597
7,1277,596
7,1283,596
7,1284,593
7,1281,592
7,1284,596
7,1292,597
7,1293,602
7,1295,604
7,1295,605
7,1297,605
7,1300,603
7,1307,603
7,1307,605
7,1315,612
7,1319,606
7,1318,603
7,1319,602
7,1323,607
7,1326,604
7,1332,606
7,1332,604
7,1337,599
7,1337,600
7,1336,598
7,1335,594
7,1337,592
7,1341,592
7,1341,594
7,1343,592
7,1345,594
7,1343,595
7,1342,595
7,1343,594
7,1343,596
7,1343,598
7,1349,600
7,1348,601
7,1343,596
7,1340,599
7,1329,594
7,1333,586
7,1326,592
7,1323,596
7,1335,599
7,1334,597
7,1332,601
7,1335,603
7,1335,604
7,1337,604
7,1340,610
7,1340,614
7,1336,612
7,1337,612
7,1334,608
7,1333,610
7,1331,609
7,1330,609
8,1325,605
8,1323,604
8,1331,603
8,1333,599
8,1335,599
8,1335,600
8,1326,597
8,1328,595
8,1321,593
8,1321,595
8,1321,595
8,1323,589
8,1329,586
8,1328,594
8,1319,597
8,1319,598
8,1320,606
8,1327,599
8,1344,602
8,1344,603
8,1356,604
8,1359,598
8,1353,594
8,1353,596
8,1356,596
8,1357,600
8,1358,597
8,1356,596
8,1366,597
8,1367,593
8,1370,592
8,1370,591
8,1369,595
8,1369,600
8,1373,605
8,1373,603
8,1369,601
8,1366,604
8,1354,599
8,1355,598
8,1348,595
8,1346,593
8,1357,593
8,1357,588
8,1353,583
8,1351,584
8,1358,583
8,1359,581
8,1358,578
8,1357,581
8,1349,581
8,1347,581
8,1343,576
8,1343,577
8,1344,575
8,1347,570
8,1337,565
8,1339,563
8,1331,573
8,1327,577
8,1320,579
8,1320,584
8,1320,589
8,1324,583
9,1322,585
9,1323,584
9,1319,577
9,1316,580
9,1321,588
9,1325,583
9,1331,584
9,1333,585
9,1338,586
9,1336,590
9,1330,588
9,1330,584
9,1337,581
9,1337,581
9,1350,580
9,1350,579
9,1352,570
9,1353,573
9,1351,568
9,1354,565
9,1358,564
9,1354,566
9,1358,573
9,1357,574
9,1356,573
9,1355,577
9,1353,579
9,1352,581
9,1348,583
9,1349,582
9,1357,584
9,1356,581
9,1359,585
9,1357,589
9,1351,589
9,1348,591
9,1355,595
9,1355,591
9,1359,593
9,1358,600
9,1363,600
9,1365,593
9,1370,596
9,1371,596
9,1374,588
9,1375,588
9,1378,588
9,1380,586
9,1382,587
9,1382,590
9,1375,592
9,1373,596
9,1370,592
9,1368,592
9,1360,590
9,1362,591
9,1358,587
9,1358,585
9,1353,583
9,1353,584
9,1348,585
9,1348,580
9,1349,580
9,1351,581
10,1353,584
10,1354,583
10,1361,587
10,1360,583
10,1358,581
10,1360,580
10,1360,578
10,1362,576
10,1362,574
10,1361,574
10,1366,575
10,1366,577
10,1366,576
10,1366,575
10,1366,577
10,1366,576
10,1374,577
10,1375,576
10,1374,569
10,1375,568
10,1373,563
10,1371,566
10,1368,571
10,1364,578
10,1363,578
10,1366,569
10,1371,570
10,1373,571
10,1373,572
10,1371,575
10,1373,575
10,1373,575
10,1376,576
10,1378,570
10,1375,573
10,1373,579
10,1375,573
10,1377,569
10,1379,575
10,1377,575
10,1375,572
10,1374,575
10,1374,575
10,1374,578
10,1367,576
10,1366,577
10,1360,577
10,1357,581
10,1356,584
10,1355,586
10,1353,583
10,1355,583
10,1355,585
10,1352,582
10,1354,581
10,1355,581
10,1350,581
10,1347,584
10,1339,579
10,1340,572
10,1341,573
10,1339,579
10,1337,573
10,1338,571
11,1337,573
11,1338,573
11,1336,574
11,1335,575
11,1332,572
11,1333,570
11,1330,571
11,1331,569
11,1336,567
11,1334,569
11,1330,568
11,1329,571
11,1329,573
11,1329,569
11,1321,568
11,1323,569
11,1328,575
11,1326,577
11,1322,576
11,1323,572
11,1325,580
11,1326,583
11,1331,582
11,1330,580
11,1332,582
11,1332,584
11,1331,581
11,1332,576
11,1334,576
11,1332,578
11,1326,580
11,1325,583
11,1323,580
11,1323,579
11,1329,581
11,1328,577
11,1329,582
11,1328,587
11,1333,584
11,1333,586
11,1336,587
11,1338,583
11,1339,585
11,1336,582
11,1337,582
11,1337,586
11,1338,589
11,1336,593
11,1338,594
11,1338,594
11,1339,593
11,1340,592
11,1342,591
11,1342,592
11,1336,594
11,1334,598
11,1335,604
11,1335,601
11,1334,598
11,1334,598
11,1339,603
11,1340,606
11,1341,603
12,1341,600
12,1340,607
12,1340,609
12,1341,610
12,1343,609
12,1343,608
12,1344,609
12,1342,612
12,1342,607
12,1342,609
12,1340,615
12,1336,611
12,1342,602
12,1342,600
12,1340,603
12,1342,602
12,1342,604
12,1342,607
12,1343,606
12,1345,606
12,1345,607
12,1340,606
12,1341,607
12,1341,602
12,1339,603
12,1339,602
12,1339,603
12,1338,603
12,1337,608
12,1339,603
12,1342,599
12,1337,600
12,1334,604
12,1334,606
12,1332,608
12,1325,602
12,1324,597
12,1322,597
12,1321,604
12,1321,601
12,1321,595
12,1317,592
12,1318,593
12,1315,596
12,1316,591
12,1317,590
12,1316,590
12,1320,587
12,1322,589
12,1321,589
12,1320,591
12,1317,592
12,1320,590
12,1312,584
12,1309,582
12,1311,585
12,1310,588
12,1315,590
12,1315,589
12,1318,586
12,1318,582
12,1320,585
12,1321,584
12,1325,580
13,1326,579
13,1321,579
13,1322,580
13,1330,582
13,1329,585
13,1335,581
13,1335,575
13,1331,578
13,1325,586
13,1330,590
13,1333,582
13,1332,583
13,1330,582
13,1329,582
13,1331,578
13,1332,584
13,1334,582
13,1337,577
13,1335,579
13,1342,580
13,1341,581
13,1343,582
13,1342,581
13,1347,584
13,1348,583
13,1350,586
13,1349,588
13,1352,587
13,1352,588
13,1354,584
13,1355,583
13,1358,585
13,1358,586
13,1360,584
13,1358,587
13,1355,589
13,1353,592
13,1354,595
13,1354,593
13,1356,593
13,1356,594
13,1357,595
13,1358,594
13,1355,597
13,1353,599
13,1355,597
13,1355,598
13,1352,605
13,1354,603
13,1356,608
13,1354,608
13,1353,601
13,1354,601
13,1356,601
13,1363,594
13,1372,603
13,1374,600
13,1375,598
13,1376,598
13,1374,593
13,1374,590
13,1368,590
13,1369,590
13,1366,591
14,1365,593
14,1367,587
14,1365,585
14,1359,577
14,1360,579
14,1357,575
14,1357,573
14,1354,572
14,1356,571
14,1353,579
14,1352,583
14,1351,584
14,1351,587
14,1355,592
14,1357,591
14,1362,587
14,1363,586
14,1365,585
14,1366,584
14,1370,585
14,1369,586
14,1363,588
14,1362,590
14,1362,587
14,1362,585
14,1362,589
14,1363,586
14,1362,586
14,1363,587
14,1364,580
14,1359,582
14,1351,577
14,1353,574
14,1350,573
14,1349,575
14,1354,576
14,1354,575
14,1355,575
14,1356,575
14,1354,572
14,1354,574
14,1351,576
14,1350,574
14,1352,569
14,1353,567
14,1350,568
14,1350,571
14,1354,574
14,1355,573
14,1355,575
14,1355,576
14,1357,574
14,1359,572
14,1358,573
14,1355,573
14,1356,577
14,1355,572
14,1354,570
14,1356,572
14,1357,571
14,1357,574
14,1353,569
14,1353,571
14,1352,575
15,1352,574
15,1355,572
15,1355,572
15,1356,572
15,1356,572
15,1360,576
15,1362,574
15,1355,566
15,1353,567
15,1353,562
15,1353,558
15,1354,560
15,1353,567
15,1351,562
15,1353,560
15,1346,563
15,1346,561
15,1346,563
15,1347,565
15,1352,565
15,1352,565
15,1356,566
15,1356,566
15,1356,570
15,1355,569
15,1353,562
15,1353,556
15,1353,559
15,1351,562
15,1355,565
15,1355,568
15,1358,568
15,1358,570
15,1359,569
15,1361,568
15,1360,566
15,1358,563
15,1356,559
15,1354,561
15,1348,563
15,1349,563
15,1348,563
15,1349,564
15,1350,559
15,1349,558
15,1350,559
15,1348,561
15,1350,565
15,1351,564
15,1347,559
15,1346,559
15,1346,554
15,1349,554
15,1345,549
15,1339,553
15,1343,554
15,1343,551
15,1346,554
15,1346,555
15,1340,551
15,1341,551
15,1345,552
15,1347,550
15,1349,553
16,1349,557
16,1351,560
16,1351,560
16,1354,560
16,1353,563
16,1353,566
16,1356,560
16,1356,563
16,1355,562
16,1358,563
16,1359,564
16,1361,565
16,1363,563
16,1362,561
16,1363,560
16,1367,569
16,1367,576
16,1366,579
16,1366,579
16,1363,579
16,1363,576
16,1361,573
16,1360,572
16,1357,570
16,1357,567
16,1358,567
16,1360,571
16,1362,577
16,1362,573
16,1366,568
16,1365,567
16,1357,566
16,1356,565
16,1362,565
16,1360,568
16,1366,566
16,1372,558
16,1370,551
16,1369,552
16,1367,551
16,1368,554
16,1373,554
16,1375,556
16,1374,558
16,1374,556
16,1374,560
16,1375,560
16,1366,553
16,1367,549
16,1363,548
16,1365,547
16,1363,543
16,1360,547
16,1359,550
16,1360,550
16,1355,552
16,1355,548
16,1353,548
16,1353,551
16,1354,553
16,1354,551
16,1379,572
16,1379,571
17,1354,560
17,1356,559
17,1349,555
17,1349,556
17,1345,554
17,1343,558
17,1344,557
17,1343,558
17,1343,556
17,1344,552
17,1348,551
17,1348,553
17,1349,557
17,1349,559
17,1353,559
17,1352,558
17,1351,563
17,1350,566
17,1352,566
17,1351,565
17,1350,564
17,1350,566
17,1349,559
17,1350,556
17,1345,552
17,1341,554
17,1330,553
17,1330,555
17,1330,554
17,1330,556
17,1329,559
17,1327,556
17,1320,555
17,1320,559
17,1323,557
17,1325,554
17,1328,553
17,1325,556
17,1319,558
17,1320,555
17,1324,553
17,1323,553
17,1318,558
17,1315,564
17,1327,573
17,1327,569
17,1323,568
17,1322,570
17,1328,569
17,1329,567
17,1336,568
17,1340,565
17,1341,571
17,1337,575
17,1335,574
17,1335,574
17,1339,574
17,1341,572
17,1339,570
17,1341,569
17,1340,573
17,1337,577
17,1337,572
17,1340,566
18,1340,568
18,1337,571
18,1328,568
18,1331,570
18,1334,569
18,1333,568
18,1336,566
18,1338,564
18,1329,562
18,1331,560
18,1332,555
18,1332,554
18,1328,559
18,1325,568
18,1327,571
18,1330,564
18,1329,559
18,1327,560
18,1328,559
18,1328,559
18,1334,558
18,1334,557
18,1341,555
18,1341,555
18,1340,556
18,1341,555
18,1344,554
18,1343,556
18,1352,558
18,1353,553
18,1358,557
18,1357,557
18,1354,550
18,1356,547
18,1361,551
18,1360,555
18,1360,553
18,1359,557
18,1361,563
18,1360,563
18,1358,562
18,1358,564
18,1351,564
18,1351,564
18,1354,571
18,1354,570
18,1353,570
18,1353,572
18,1352,568
18,1354,565
18,1354,564
18,1353,565
18,1351,567
18,1350,566
18,1349,568
18,1350,570
18,1346,569
18,1347,569
18,1347,570
18,1348,573
18,1356,577
18,1356,578
18,1359,576
18,1359,577
19,1359,581
19,1358,582
19,1358,577
19,1357,579
19,1357,577
19,1357,579
19,1361,583
19,1362,583
19,1364,580
19,1363,579
19,1361,583
19,1363,582
19,1362,583
19,1361,583
19,1356,584
19,1354,587
19,1355,590
19,1355,591
19,1352,590
19,1351,592
19,1358,598
19,1356,601
19,1356,602
19,1355,604
19,1352,607
19,1352,608
19,1353,612
19,1354,609
19,1356,619
19,1357,621
19,1365,616
19,1363,619
19,1364,622
19,1363,624
19,1365,622
19,1364,623
19,1361,627
19,1361,628
19,1357,622
19,1358,622
19,1356,618
19,1363,606
19,1359,601
19,1358,603
19,1348,605
19,1348,606
19,1348,599
19,1349,596
19,1348,593
19,1346,595
19,1348,601
19,1350,598
19,1351,594
19,1351,595
19,1355,601
19,1353,605
19,1350,602
19,1351,600
19,1353,596
19,1355,593
19,1355,594
19,1353,595
19,1354,593
19,1353,593
20,1357,596
20,1358,596
20,1362,595
20,1358,600
20,1359,599
20,1361,597
20,1357,591
20,1355,592
20,1354,593
20,1354,592
20,1356,592
20,1356,592
20,1352,592
20,1351,594
20,1353,597
20,1354,595
20,1359,599
20,1360,598
20,1364,599
20,1367,598
20,1369,595
20,1373,588
20,1373,588
20,1370,592
20,1370,593
20,1369,592
20,1369,602
20,1369,600
20,1371,597
20,1371,600
20,1375,601
20,1373,601
20,1376,606
20,1378,607
20,1373,601
20,1374,602
20,1372,598
20,1374,592
20,1374,598
20,1374,597
20,1373,595
20,1371,597
20,1370,603
20,1371,606
20,1366,602
20,1366,602
20,1366,600
20,1367,599
20,1369,596
20,1369,597
20,1369,600
20,1369,601
20,1363,597
20,1363,597
20,1366,603
20,1367,600
20,1377,602
20,1376,603
20,1370,594
20,1373,592
20,1374,597
20,1374,598
20,1375,596
20,1375,597
21,1375,595
21,1372,596
21,1373,597
21,1372,601
21,1369,600
21,1372,594
21,1369,590
21,1368,591
21,1371,591
21,1370,592
21,1366,595
21,1368,594
21,1362,587
21,1362,586
21,1367,590
21,1369,587
21,1372,588
21,1372,589
21,1372,591
21,1372,591
21,1371,594
21,1370,597
21,1365,594
21,1365,594
21,1366,596
21,1366,594
21,1362,593
21,1364,591
21,1372,593
21,1371,597
21,1367,593
21,1370,588
21,1371,589
21,1366,591
21,1368,591
21,1371,590
21,1371,584
21,1370,583
21,1367,581
21,1369,581
21,1369,579
21,1367,582
21,1369,585
21,1370,584
21,1368,581
21,1368,582
21,1366,586
21,1367,582
21,1363,581
21,1362,584
21,1361,583
21,1358,585
21,1362,579
21,1362,577
21,1357,582
21,1357,577
21,1358,579
21,1358,580
21,1363,584
21,1365,577
21,1371,574
21,1370,579
21,1374,581
22,1375,581
22,1379,581
22,1379,582
22,1384,582
22,1382,583
22,1381,580
22,1380,579
22,1375,577
22,1376,577
22,1376,586
22,1375,587
22,1372,577
22,1371,572
22,1367,569
22,1366,570
22,1368,572
22,1367,574
22,1362,576
22,1363,578
22,1360,578
22,1359,578
22,1354,573
22,1353,572
22,1350,573
22,1350,572
22,1351,573
22,1351,575
22,1353,574
22,1352,574
22,1356,582
22,1357,583
22,1358,583
22,1360,584
22,1359,589
22,1360,585
22,1359,583
22,1359,585
22,1358,582
22,1360,582
22,1358,588
22,1358,585
22,1359,581
22,1359,581
22,1365,583
22,1364,581
22,1360,577
22,1361,578
22,1362,580
22,1363,583
22,1356,585
22,1357,584
22,1357,580
22,1358,580
22,1358,586
22,1359,584
22,1365,577
22,1365,576
22,1369,580
22,1369,579
22,1368,573
22,1367,576
22,1366,580
22,1365,578
22,1363,579
23,1360,579
23,1363,581
23,1366,583
23,1368,582
23,1363,584
23,1360,585
23,1360,584
23,1363,588
23,1362,589
23,1363,594
23,1363,594
23,1360,594
23,1358,597
23,1362,598
23,1362,599
23,1362,605
23,1362,604
23,1368,601
23,1367,601
23,1369,613
23,1369,616
23,1370,611
23,1368,610
23,1368,614
23,1369,615
23,1377,611
23,1376,612
23,1377,609
23,1379,604
23,1374,598
23,1374,601
23,1373,603
23,1373,604
23,1367,597
23,1367,600
23,1367,600
23,1370,599
23,1367,602
23,1364,607
23,1356,603
23,1357,601
23,1358,607
23,1359,607
23,1358,603
23,1357,607
23,1357,612
23,1356,612
23,1356,613
23,1358,611
23,1354,607
23,1357,605
23,1363,606
23,1363,604
23,1367,609
23,1370,607
23,1369,606
23,1368,607
23,1370,599
23,1371,597
23,1362,594
23,1364,592
23,1366,588
23,1364,589
23,1367,594
24,1367,594
24,1365,588
24,1364,589
24,1360,590
24,1359,591
24,1365,592
24,1365,594
24,1363,595
24,1363,593
24,1361,584
24,1359,585
24,1364,587
24,1362,589
24,1359,592
24,1361,588
24,1369,585
24,1369,581
24,1368,580
24,1367,584
24,1366,580
24,1366,579
24,1372,582
24,1372,582
24,1369,583
24,1369,583
24,1366,581
24,1365,581
24,1363,577
24,1364,576
24,1364,572
24,1367,567
24,1366,563
24,1365,564
24,1363,566
24,1364,568
24,1358,567
24,1357,566
24,1353,568
24,1355,569
24,1355,568
24,1355,567
24,1353,569
24,1351,568
24,1348,568
24,1349,570
24,1348,568
24,1349,567
24,1352,567
24,1351,569
24,1348,574
24,1350,571
24,1353,581
24,1353,583
24,1360,579
24,1360,579
24,1365,581
24,1365,580
24,1362,583
24,1364,579
24,1364,577
24,1362,577
24,1367,577
24,1369,575
24,1371,570
25,1371,571
25,1371,573
25,1371,571
25,1368,566
25,1369,568
25,1372,574
25,1371,573
25,1369,572
25,1369,575
25,1366,580
25,1368,576
25,1372,576
25,1373,574
25,1371,574
25,1367,579
25,1364,580
25,1368,574
25,1362,573
25,1362,574
25,1362,573
25,1362,576
25,1369,581
25,1369,582
25,1370,577
25,1371,574
25,1364,571
25,1363,574
25,1369,579
25,1369,577
25,1363,570
25,1362,575
25,1356,578
25,1358,574
25,1359,578
25,1359,580
25,1358,570
25,1358,572
25,1364,574
25,1363,575
25,1357,576
25,1357,572
25,1355,565
25,1354,571
25,1351,571
25,1351,567
25,1352,573
25,1350,576
25,1353,576
25,1353,578
25,1353,575
25,1353,574
25,1354,577
25,1352,581
25,1356,577
25,1355,573
25,1361,568
25,1362,571
25,1358,577
25,1355,575
25,1355,568
25,1354,574
25,1354,576
25,1356,573
25,1357,572
26,1354,577
26,1358,577
26,1361,574
26,1364,575
26,1365,573
26,1370,573
26,1369,575
26,1371,578
26,1371,579
26,1370,579
26,1370,579
26,1375,578
26,1376,573
26,1376,577
26,1372,582
26,1373,584
26,1378,578
26,1380,580
26,1379,584
26,1378,582
26,1378,582
26,1382,578
26,1384,574
26,1377,581
26,1373,584
26,1377,588
26,1378,585
26,1378,582
26,1377,585
26,1376,584
26,1377,582
26,1382,583
26,1382,583
26,1382,582
26,1384,578
26,1385,582
26,1385,585
26,1390,587
26,1389,588
26,1390,589
26,1385,593
26,1381,591
26,1385,586
26,1383,588
26,1392,577
26,1400,572
26,1398,577
26,1394,578
26,1394,574
26,1397,576
26,1397,580
26,1397,576
26,1399,573
26,1400,574
26,1399,577
26,1397,573
26,1399,571
26,1402,574
26,1404,572
26,1405,569
26,1406,565
26,1407,565
26,1405,565
26,1405,562
27,1406,558
27,1411,557
27,1410,560
27,1409,565
27,1410,564
27,1413,564
27,1410,571
27,1411,574
27,1410,572
27,1409,575
27,1411,575
27,1415,575
27,1414,581
27,1416,584
27,1415,584
27,1413,585
27,1412,588
27,1410,585
27,1408,586
27,1407,586
27,1407,588
27,1406,592
27,1406,591
27,1406,588
27,1407,585
27,1406,588
27,1400,593
27,1392,589
27,1395,585
27,1398,587
27,1398,587
27,1393,590
27,1396,589
27,1394,588
27,1396,585
27,1394,580
27,1392,581
27,1390,579
27,1392,578
27,1394,580
27,1394,577
27,1387,580
27,1386,581
27,1387,580
27,1387,578
27,1382,577
27,1381,574
27,1382,577
27,1381,579
27,1378,577
27,1378,575
27,1380,577
27,1379,579
27,1377,582
27,1378,585
27,1381,586
27,1380,584
27,1382,585
27,1380,586
27,1377,585
27,1378,582
27,1382,579
27,1381,585
28,1379,586
28,1379,581
28,1377,581
28,1376,584
28,1376,582
28,1376,582
28,1372,582
28,1373,579
28,1373,579
28,1373,584
28,1375,582
28,1372,583
28,1373,575
28,1374,577
28,1366,586
28,1366,585
28,1363,577
28,1363,578
28,1362,571
28,1361,574
28,1367,578
28,1367,577
28,1366,572
28,1367,569
28,1365,569
28,1366,571
28,1369,572
28,1369,571
28,1364,571
28,1363,574
28,1368,570
28,1369,568
28,1372,565
28,1371,569
28,1378,571
28,1379,570
28,1375,573
28,1374,573
28,1382,578
28,1384,581
28,1385,579
28,1383,578
28,1386,579
28,1387,579
28,1375,580
28,1371,582
28,1371,583
28,1371,582
28,1369,578
28,1371,579
28,1372,589
28,1372,590
28,1371,587
28,1372,588
28,1366,597
28,1366,597
28,1370,591
28,1370,589
28,1368,591
28,1366,592
28,1354,593
28,1354,590
28,1357,590
28,1358,591
29,1372,586
29,1375,580
29,1379,582
29,1378,583
29,1379,580
29,1380,576
29,1377,571
29,1379,569
29,1379,571
29,1376,576
29,1380,573
29,1382,570
29,1381,573
29,1381,577
29,1376,582
29,1377,580
29,1387,576
29,1386,578
29,1389,576
29,1390,574
29,1388,576
29,1386,581
29,1377,583
29,1376,580
29,1374,577
29,1373,579
29,1375,585
29,1374,588
29,1378,587
29,1379,588
29,1382,587
29,1382,586
29,1383,590
29,1386,584
29,1389,583
29,1389,583
29,1385,586
29,1387,581
29,1391,581
29,1392,578
29,1393,576
29,1394,579
29,1397,577
29,1398,572
29,1396,573
29,1393,574
29,1388,570
29,1392,567
29,1390,563
29,1390,562
29,1386,558
29,1387,556
29,1388,563
29,1388,564
29,1390,557
29,1390,557
29,1384,557
29,1384,558
29,1387,557
29,1386,557
29,1375,556
29,1374,558
29,1375,555
29,1373,561
30,1371,563
30,1372,560
30,1372,563
30,1371,563
30,1370,557
30,1372,556
30,1370,556
30,1368,560
30,1358,560
30,1356,561
30,1362,568
30,1362,570
30,1357,568
30,1356,567
30,1352,571
30,1350,573
30,1340,568
30,1345,562
30,1338,567
30,1338,569
30,1341,570
30,1339,573
30,1340,570
30,1343,565
30,1340,565
30,1336,568
30,1334,572
30,1336,570
30,1339,569
30,1339,568
30,1331,567
30,1330,569
30,1330,567
30,1332,564
30,1334,565
30,1334,565
30,1341,563
30,1339,565
30,1339,562
30,1336,563
30,1337,570
30,1337,576
30,1335,573
30,1336,567
30,1332,561
30,1329,568
30,1331,575
30,1333,571
30,1331,565
30,1332,567
30,1343,565
30,1343,562
30,1338,560
30,1338,560
30,1344,561
30,1344,562
30,1351,556
30,1351,556
30,1351,563
30,1351,563
30,1352,563
30,1352,564
30,1350,564
30,1349,566
31,1351,567
31,1352,562
31,1350,564
31,1348,568
31,1352,574
31,1350,577
31,1346,571
31,1344,573
31,1349,569
31,1348,570
31,1353,568
31,1352,569
31,1350,569
31,1351,568
31,1354,570
31,1355,570
31,1364,568
31,1362,568
31,1357,569
31,1357,568
31,1367,571
31,1366,578
31,1370,579
31,1373,575
31,1378,577
31,1378,576
31,1383,577
31,1384,576
31,1387,575
31,1386,575
31,1386,576
31,1389,571
31,1390,573
31,1388,572
31,1387,577
31,1387,579
31,1389,579
31,1389,578
31,1385,578
31,1385,577
31,1382,576
31,1381,576
31,1382,574
31,1384,573
31,1379,568
31,1380,566
31,1378,565
31,1378,567
31,1376,565
31,1377,563
31,1378,569
31,1377,569
31,1373,568
31,1373,570
31,1373,569
31,1372,566
31,1375,559
31,1377,558
31,1378,563
31,1378,564
31,1379,561
31,1380,559
31,1372,559
31,1371,559
32,1374,567
32,1375,568
32,1380,566
32,1381,567
32,1387,567
32,1386,565
32,1381,567
32,1383,568
32,1385,565
32,1385,564
32,1385,566
32,1386,567
32,1381,570
32,1383,569
32,1381,567
32,1381,568
32,1386,566
32,1385,565
32,1391,568
32,1391,570
32,1389,570
32,1390,566
32,1393,564
32,1391,566
32,1391,570
32,1391,568
32,1393,564
32,1394,564
32,1394,567
32,1393,568
32,1394,570
32,1394,567
32,1392,567
32,1391,570
32,1391,567
32,1389,570
32,1388,573
32,1386,570
32,1381,569
32,1382,571
32,1384,574
32,1381,573
32,1377,571
32,1379,571
32,1373,570
32,1372,574
32,1369,582
32,1369,580
32,1368,578
32,1368,575
32,1364,573
32,1363,572
32,1359,567
32,1360,572
32,1356,573
32,1355,573
32,1354,570
32,1356,566
32,1355,572
32,1354,579
32,1352,575
32,1354,571
32,1356,575
33,1356,570
33,1353,564
33,1352,567
33,1357,569
33,1356,571
33,1353,567
33,1351,572
33,1354,572
33,1357,567
33,1368,570
33,1364,569
33,1355,567
33,1357,568
33,1359,564
33,1359,563
33,1356,567
33,1356,565
33,1358,565
33,1360,560
33,1365,559
33,1366,564
33,1361,563
33,1360,562
33,1368,567
33,1366,569
33,1360,565
33,1360,566
33,1366,570
33,1364,574
33,1357,569
33,1360,565
33,1358,567
33,1354,571
33,1355,573
33,1355,572
33,1354,566
33,1356,566
33,1353,568
33,1350,570
33,1348,568
33,1349,564
33,1349,565
33,1346,566
33,1342,563
33,1345,564
33,1347,567
33,1348,568
33,1343,569
33,1343,566
33,1351,575
33,1359,569
33,1373,576
33,1373,576
33,1362,574
33,1364,575
33,1372,575
33,1373,573
33,1373,575
33,1373,573
33,1371,572
33,1370,570
33,1375,572
33,1374,574
33,1370,570
34,1373,570
34,1371,571
34,1371,570
34,1368,573
34,1368,573
34,1367,569
34,1365,571
34,1368,575
34,1371,572
34,1365,563
34,1365,565
34,1367,562
34,1365,566
34,1359,568
34,1359,566
34,1354,562
34,1359,557
34,1355,559
34,1354,562
34,1346,560
34,1344,562
34,1341,563
34,1338,565
34,1333,563
34,1333,560
34,1327,562
34,1327,562
34,1316,554
34,1314,556
34,1315,558
34,1314,559
34,1310,562
34,1311,560
34,1323,565
34,1324,563
34,1327,559
34,1325,558
34,1333,561
34,1333,563
34,1338,562
34,1337,563
34,1338,562
34,1340,558
34,1350,558
34,1350,562
34,1353,563
34,1353,562
34,1357,562
34,1358,561
34,1355,562
34,1356,562
34,1360,562
34,1361,562
34,1360,561
34,1361,561
34,1361,558
34,1363,557
34,1357,553
34,1356,557
34,1361,561
34,1360,558
34,1361,561
34,1362,560
34,1360,564
35,1359,567
35,1372,565
35,1373,564
35,1375,570
35,1376,568
35,1379,565
35,1378,566
35,1372,571
35,1373,572
35,1370,579
35,1369,579
35,1368,575
35,1370,571
35,1370,574
35,1370,576
35,1363,573
35,1364,571
35,1361,572
35,1362,570
35,1354,568
35,1356,565
35,1347,573
35,1347,575
35,1349,574
35,1348,573
35,1340,563
35,1342,563
35,1341,572
35,1343,568
35,1353,564
35,1351,568
35,1351,569
35,1352,570
35,1363,568
35,1365,563
35,1365,560
35,1364,562
35,1365,564
35,1362,568
35,1368,567
35,1367,569
35,1370,567
35,1373,557
35,1380,553
35,1379,553
35,1386,557
35,1384,560
35,1386,560
35,1382,563
35,1383,558
35,1385,554
35,1377,550
35,1377,551
35,1378,556
35,1376,560
35,1373,557
35,1372,562
35,1377,563
35,1378,564
35,1381,564
35,1382,563
35,1382,560
35,1380,563
35,1381,567
36,1381,567
36,1380,567
36,1382,565
36,1380,564
36,1380,566
36,1382,564
36,1384,561
36,1386,561
36,1386,562
36,1382,563
36,1384,560
36,1388,569
36,1387,571
36,1388,570
36,1388,576
36,1386,578
36,1386,571
36,1386,572
36,1386,571
36,1383,574
36,1385,573
36,1378,566
36,1377,571
36,1377,571
36,1377,567
36,1385,568
36,1386,572
36,1386,577
36,1387,575
36,1386,577
36,1388,575
36,1389,573
36,1388,570
36,1384,564
36,1384,567
36,1376,570
36,1378,566
36,1379,566
36,1379,566
36,1375,566
36,1374,567
36,1375,570
36,1373,569
36,1380,571
36,1380,571
36,1379,571
36,1379,569
36,1378,565
36,1378,565
36,1379,564
36,1380,565
36,1377,571
36,1376,571
36,1374,567
36,1376,563
36,1370,565
36,1370,567
36,1370,568
36,1370,570
36,1378,567
36,1375,567
36,1375,566
36,1376,569
37,1375,569
37,1375,565
37,1374,563
37,1375,567
37,1360,567
37,1359,569
37,1357,567
37,1357,568
37,1357,564
37,1358,562
37,1356,564
37,1354,567
37,1363,576
37,1364,574
37,1371,576
37,1371,574
37,1381,571
37,1384,570
37,1380,573
37,1379,576
37,1385,579
37,1384,579
37,1384,581
37,1383,583
37,1386,587
37,1386,587
37,1394,590
37,1395,588
37,1401,588
37,1401,589
37,1397,586
37,1397,586
37,1401,582
37,1399,585
37,1396,576
37,1395,577
37,1395,584
37,1397,580
37,1401,578
37,1400,579
37,1394,577
37,1395,580
37,1402,580
37,1402,576
37,1399,575
37,1400,578
37,1396,573
37,1394,573
37,1394,576
37,1395,575
37,1398,575
37,1399,572
37,1397,573
37,1397,573
37,1399,576
37,1400,577
37,1395,579
37,1397,574
37,1398,570
37,1397,573
37,1397,576
37,1396,574
37,1394,574
37,1398,571
38,1397,574
38,1397,573
38,1399,571
38,1399,569
38,1403,567
38,1400,571
38,1401,566
38,1401,565
38,1395,571
38,1397,571
38,1400,572
38,1398,575
38,1395,569
38,1392,573
38,1393,573
38,1394,569
38,1393,572
38,1394,575
38,1394,578
38,1394,578
38,1396,579
38,1395,579
38,1393,580
38,1393,582
38,1392,578
38,1393,576
38,1391,576
38,1390,578
38,1379,572
38,1378,573
38,1381,577
38,1381,580
38,1376,582
38,1376,582
38,1378,580
38,1377,580
38,1379,575
38,1380,573
38,1381,575
38,1383,572
38,1387,571
38,1385,573
38,1386,570
38,1384,571
38,1386,570
38,1386,569
38,1387,570
38,1387,572
38,1388,570
38,1389,567
38,1394,568
38,1394,570
38,1388,569
38,1388,568
38,1386,566
38,1384,568
38,1385,572
38,1384,572
38,1382,572
38,1381,574
38,1382,576
38,1382,577
38,1376,577
38,1378,575
39,1378,576
39,1377,578
39,1372,580
39,1371,582
39,1371,573
39,1372,570
39,1374,571
39,1372,576
39,1369,574
39,1368,576
39,1367,577
39,1366,576
39,1364,576
39,1367,575
39,1371,576
39,1370,579
39,1372,575
39,1370,576
39,1369,577
39,1371,578
39,1372,580
39,1372,578
39,1375,575
39,1375,574
39,1378,579
39,1378,580
39,1379,584
39,1379,583
39,1382,585
39,1383,584
39,1381,584
39,1378,588
39,1382,588
39,1382,589
39,1383,592
39,1383,592
39,1386,593
39,1388,591
39,1390,592
39,1392,589
39,1395,590
39,1394,590
39,1393,590
39,1394,586
39,1394,591
39,1394,590
39,1388,592
39,1388,594
39,1394,591
39,1394,590
39,1395,588
39,1395,590
39,1396,594
39,1392,597
39,1391,593
39,1392,591
39,1393,588
39,1392,588
39,1389,587
39,1390,585
39,1394,586
39,1397,589
39,1403,590
39,1404,588
40,1402,585
40,1400,591
40,1406,592
40,1406,592
40,1403,590
40,1402,590
40,1400,586
40,1402,586
40,1404,585
40,1405,584
40,1403,586
40,1404,584
40,1405,583
40,1406,584
40,1404,585
40,1404,587
40,1406,583
40,1407,580
40,1407,578
40,1406,579
40,1403,584
40,1403,582
40,1402,580
40,1404,578
40,1403,577
40,1405,576
40,1405,576
40,1406,573
40,1401,571
40,1397,574
40,1391,575
40,1392,577
40,1387,580
40,1386,578
40,1384,580
40,1388,575
40,1387,577
40,1385,581
40,1382,579
40,1383,576
40,1384,581
40,1385,577
40,1384,576
40,1382,580
40,1380,581
40,1381,575
40,1382,576
40,1384,574
40,1386,574
40,1386,575
40,1391,578
40,1393,574
40,1393,578
40,1390,581
40,1393,581
40,1394,580
40,1400,580
40,1398,586
40,1395,578
40,1396,573
40,1397,563
40,1400,559
40,1400,556
40,1397,562
41,1396,568
41,1397,566
41,1402,569
41,1402,571
41,1400,569
41,1402,566
41,1407,564
41,1406,569
41,1411,565
41,1411,564
41,1407,561
41,1408,559
41,1408,560
41,1406,561
41,1403,556
41,1404,554
41,1406,558
41,1405,564
41,1405,574
41,1403,574
41,1408,579
41,1410,578
41,1414,579
41,1415,576
41,1414,575
41,1412,578
41,1409,578
41,1410,577
41,1408,573
41,1408,576
41,1408,579
41,1404,581
41,1403,579
41,1404,579
41,1404,576
41,1401,578
41,1401,577
41,1401,576
41,1408,579
41,1405,581
41,1404,579
41,1406,578
41,1407,577
41,1406,578
41,1407,575
41,1407,574
41,1417,571
41,1424,565
41,1422,566
41,1422,566
41,1419,564
41,1417,568
41,1419,567
41,1420,564
41,1421,563
41,1423,563
41,1422,565
41,1412,572
41,1395,565
41,1395,560
41,1394,568
41,1392,574
41,1391,573
41,1391,575
42,1394,580
42,1394,575
42,1394,574
42,1394,578
42,1393,576
42,1393,575
42,1395,572
42,1395,574
42,1396,583
42,1395,585
42,1391,580
42,1390,580
42,1384,581
42,1390,579
42,1387,581
42,1397,577
42,1415,581
42,1415,580
42,1415,582
42,1415,581
42,1412,574
42,1413,576
42,1410,572
42,1410,570
42,1411,572
42,1411,573
42,1416,579
42,1414,578
42,1409,577
42,1402,577
42,1397,573
42,1401,573
42,1395,579
42,1391,579
42,1388,580
42,1389,581
42,1385,584
42,1383,584
42,1373,584
42,1371,585
42,1369,593
42,1371,594
42,1377,603
42,1379,602
42,1375,605
42,1375,607
42,1379,608
42,1381,607
42,1373,602
42,1373,600
42,1377,603
42,1375,604
42,1375,605
42,1378,606
42,1377,603
42,1376,602
42,1380,599
42,1379,601
42,1386,598
42,1388,597
42,1388,597
42,1390,595
42,1396,601
43,1396,599
43,1399,591
43,1400,590
43,1405,581
43,1405,583
43,1407,581
43,1409,576
43,1411,573
43,1412,571
43,1416,567
43,1417,567
43,1417,568
43,1418,569
43,1414,564
43,1415,563
43,1421,565
43,1421,564
43,1419,562
43,1418,562
43,1417,560
43,1419,558
43,1418,561
43,1418,561
43,1422,559
43,1422,558
43,1422,564
43,1419,566
43,1424,575
43,1426,575
43,1422,573
43,1423,568
43,1424,567
43,1425,564
43,1430,574
43,1428,581
43,1426,579
43,1427,576
43,1428,575
43,1426,579
43,1429,580
43,1430,579
43,1429,580
43,1429,579
43,1427,579
43,1426,580
43,1433,586
43,1435,583
43,1435,582
43,1434,584
43,1432,583
43,1431,584
43,1431,584
43,1433,581
43,1428,578
43,1429,577
43,1428,578
43,1428,577
43,1431,580
43,1422,584
43,1411,578
43,1411,577
43,1414,586
43,1413,586
43,1415,585
44,1414,588
44,1409,581
44,1407,581
44,1404,585
44,1403,586
44,1400,577
44,1401,576
44,1401,574
44,1401,574
44,1400,578
44,1400,583
44,1397,585
44,1396,587
44,1395,586
44,1394,585
44,1389,583
44,1387,583
44,1390,582
44,1389,584
44,1387,581
44,1387,581
44,1382,574
44,1383,575
44,1388,575
44,1389,574
44,1381,577
44,1383,574
44,1380,572
44,1381,573
44,1387,572
44,1387,573
44,1385,570
44,1385,571
44,1384,573
44,1385,573
44,1389,573
44,1390,573
44,1387,570
44,1386,572
44,1386,572
44,1388,568
44,1383,569
44,1384,568
44,1383,570
44,1383,570
44,1385,569
44,1385,570
44,1390,569
44,1390,573
44,1391,575
44,1391,576
44,1392,580
44,1392,575
44,1392,574
44,1393,576
44,1391,574
44,1390,572
44,1387,572
44,1390,568
44,1391,567
44,1390,567
44,1391,571
44,1391,570
44,1392,573
45,1392,575
45,1394,571
45,1394,571
45,1391,572
45,1392,573
45,1384,576
45,1386,572
45,1387,572
45,1386,575
45,1383,576
45,1383,576
45,1385,572
45,1382,573
45,1387,579
45,1390,577
45,1390,573
45,1390,572
45,1392,570
45,1390,572
45,1391,560
45,1389,561
45,1381,566
45,1385,561
45,1388,558
45,1387,559
45,1390,561
45,1388,566
45,1390,565
45,1391,563
45,1390,558
45,1389,558
45,1388,560
45,1389,556
45,1389,555
45,1387,558
45,1385,563
45,1389,560
45,1392,560
45,1390,561
45,1392,560
45,1392,563
45,1394,569
45,1395,565
45,1399,565
45,1398,567
45,1397,563
45,1396,562
45,1398,563
45,1397,560
45,1393,565
45,1392,568
45,1393,568
45,1395,561
45,1397,566
45,1394,571
45,1398,567
45,1398,568
45,1394,565
45,1396,565
45,1401,566
45,1400,567
45,1398,570
45,1396,571
45,1390,573
46,1388,574
46,1387,572
46,1387,571
46,1392,572
46,1394,572
46,1389,569
46,1389,571
46,1391,573
46,1389,575
46,1385,572
46,1388,570
46,1388,566
46,1387,565
46,1381,568
46,1381,569
46,1403,575
46,1405,577
46,1397,581
46,1399,580
46,1397,576
46,1397,575
46,1401,572
46,1402,572
46,1399,573
46,1399,573
46,1400,574
46,1401,572
46,1399,571
46,1402,567
46,1403,571
46,1405,570
46,1402,567
46,1400,570
46,1400,570
46,1402,569
46,1395,563
46,1398,557
46,1392,560
46,1392,558
46,1403,555
46,1403,558
46,1399,561
46,1399,561
46,1401,564
46,1399,566
46,1403,565
46,1403,566
46,1393,563
46,1392,560
46,1393,560
46,1395,564
46,1396,565
46,1396,562
46,1395,561
46,1393,569
46,1402,573
46,1403,571
46,1402,569
46,1403,564
46,1396,564
46,1395,565
46,1391,561
46,1391,567
46,1393,565
47,1393,562
47,1387,566
47,1386,572
47,1393,569
47,1392,568
47,1399,570
47,1400,570
47,1397,575
47,1399,577
47,1402,575
47,1400,574
47,1405,576
47,1406,576
47,1402,577
47,1400,579
47,1398,584
47,1399,584
47,1401,583
47,1398,584
47,1402,588
47,1402,592
47,1407,587
47,1407,587
47,1411,589
47,1410,588
47,1412,589
47,1413,589
47,1413,589
47,1413,588
47,1412,580
47,1412,581
47,1413,577
47,1412,580
47,1408,585
47,1410,580
47,1413,580
47,1410,584
47,1407,583
47,1410,581
47,1410,584
47,1404,583
47,1386,574
47,1388,572
47,1384,572
47,1383,573
47,1374,567
47,1375,565
47,1378,567
47,1380,562
47,1372,560
47,1370,565
47,1372,569
47,1373,568
47,1388,566
47,1390,561
47,1387,561
47,1391,563
47,1389,562
47,1388,563
47,1389,558
47,1388,555
47,1389,553
47,1390,557
47,1388,557
48,1388,552
48,1390,553
48,1393,556
48,1392,558
48,1392,553
48,1391,552
48,1390,557
48,1393,563
48,1392,564
48,1399,564
48,1400,564
48,1394,563
48,1394,561
48,1400,565
48,1401,567
48,1401,571
48,1403,571
48,1407,574
48,1408,573
48,1411,580
48,1409,582
48,1412,583
48,1415,578
48,1422,577
48,1420,582
48,1417,580
48,1419,573
48,1422,580
48,1422,582
48,1426,582
48,1428,581
48,1427,578
48,1430,572
48,1432,572
48,1431,574
48,1435,574
48,1435,576
48,1434,570
48,1436,565
48,1430,558
48,1429,561
48,1425,558
48,1425,555
48,1424,556
48,1423,557
48,1424,557
48,1426,555
48,1423,553
48,1423,554
48,1422,556
48,1418,553
48,1410,551
48,1411,557
48,1402,554
48,1398,551
48,1391,548
48,1390,549
48,1397,549
48,1396,548
48,1398,544
48,1395,550
48,1398,554
48,1399,556
49,1397,556
49,1398,551
49,1399,551
49,1395,553
49,1393,552
49,1393,552
49,1398,554
49,1398,555
49,1398,552
49,1401,546
49,1403,549
49,1402,550
49,1397,543
49,1396,547
49,1390,540
49,1390,536
49,1385,533
49,1384,535
49,1384,541
49,1385,544
49,1383,540
49,1382,541
49,1382,538
49,1382,536
49,1378,533
49,1378,535
49,1373,535
49,1373,535
49,1381,540
49,1384,535
49,1387,534
49,1386,534
49,1390,542
49,1387,544
49,1387,548
49,1384,554
49,1389,557
49,1393,553
49,1392,552
49,1395,550
49,1395,552
49,1396,554
49,1397,559
49,1395,560
49,1400,565
49,1399,565
49,1403,574
49,1406,570
49,1408,567
49,1407,570
49,1408,570
49,1406,576
49,1408,578
49,1407,578
49,1404,578
49,1407,574
49,1409,570
49,1408,569
49,1413,567
49,1414,569
49,1411,565
49,1412,562
49,1415,563
49,1411,568
50,1414,566
50,1414,566
50,1415,571
50,1414,571
50,1415,574
50,1415,573
50,1411,570
50,1987,-318
50,1412,572
50,1416,571
50,1414,570
50,1412,571
50,1416,582
50,1417,580
50,1410,576
50,1409,581
50,1412,581
50,1411,578
50,1415,581
50,1415,582
50,1416,582
50,1414,582
50,1416,582
50,1417,580
50,1416,578
50,1414,583
50,1413,585
50,1415,586
50,1413,590
50,1414,587
50,1417,588
50,1416,589
50,1408,587
50,1405,583
50,1408,581
50,1410,585
50,1410,586
50,1408,585
50,1411,586
50,1411,588
50,1410,589
50,1409,590
50,1407,593
50,1410,591
50,1411,588
50,1409,591
50,1412,593
50,1413,590
50,1409,584
50,1412,585
50,1414,586
50,1415,585
50,1418,586
50,1421,583
50,1423,582
50,1423,581
50,1412,575
50,1413,572
50,1414,570
50,1415,569
50,1406,556
50,1407,559
50,1398,559
50,1400,553
51,1402,552
51,1403,551
51,1404,546
51,1402,550
51,1396,547
51,1397,548
51,1399,547
51,1401,541
51,1402,536
51,1402,540
51,1399,541
51,1400,537
51,1398,536
51,1397,536
51,1404,540
51,1402,538
51,1397,537
51,1404,534
51,1420,535
51,1419,535
51,1423,537
51,1422,537
51,1417,536
51,1417,535
51,1411,534
51,1410,537
51,1407,533
51,1410,530
51,1405,527
51,1404,529
51,1393,530
51,1391,529
51,1394,530
51,1390,531
51,1389,530
51,1391,534
51,1391,535
51,1392,529
51,1389,531
51,1391,531
51,1394,527
51,1394,527
51,1393,526
51,1394,526
51,1396,526
51,1397,524
51,1400,524
51,1399,525
51,1395,528
51,1393,533
51,1401,540
51,1398,542
51,1411,545
51,1410,547
51,1410,548
51,1411,548
51,1414,546
51,1416,542
51,1415,541
51,1412,550
51,1411,544
51,1412,538
51,1405,540
51,1405,538
52,1407,538
52,1406,541
52,1399,543
52,1398,542
52,1397,538
52,1398,538
52,1400,538
52,1401,537
52,1396,533
52,1398,531
52,1390,536
52,1388,540
52,1391,539
52,1391,538
52,1387,533
52,1385,539
52,1384,541
52,1383,537
52,1382,536
52,1380,537
52,1378,538
52,1375,542
52,1369,537
52,1373,536
52,1384,544
52,1383,547
52,1390,553
52,1390,552
52,1397,552
52,1393,556
52,1397,562
52,1398,561
52,1398,559
52,1395,561
52,1397,570
52,1396,573
52,1397,575
52,1398,574
52,1402,578
52,1403,577
52,1403,580
52,1400,583
52,1405,586
52,1408,588
52,1403,587
52,1404,585
52,1402,585
52,1403,582
52,1412,588
52,1410,598
52,1404,610
52,1401,616
52,1400,617
52,1401,618
52,1400,616
52,1400,616
52,1393,617
52,1390,624
52,1380,623
52,1375,630
52,1367,622
52,1363,630
52,1355,638
53,1355,647
53,1351,646
53,1353,650
53,1356,662
53,1355,672
53,1360,683
53,1360,689
53,1361,694
53,1364,697
53,1362,701
53,1362,711
53,1371,723
53,1339,733
53,1531,731
53,1391,223
53,1881,1189
53,1828,1038
53,1335,319
53,1381,304
53,1244,360
53,1428,291
53,1353,354
53,1414,268
53,1567,756
53,1302,410
53,1749,554
53,1406,208
53,1700,280
53,1326,406
53,1170,1061
53,1304,417
53,1089,1135
53,1274,367
53,1478,447
53,1298,360
53,1626,218
53,1488,258
53,1588,719
53,1315,390
53,1496,761
53,1444,279
53,1825,-1179
53,1443,180
53,1874,-265
53,1276,284
53,1733,-1037
53,1501,554
53,1792,-1102
53,1686,245
53,1784,-1102
53,1351,360
53,2000,-359
53,1366,292
53,1940,-1212
53,1344,303
53,1852,-231
54,1436,369
53,1900,-296
54,1362,334
53,1891,-303
53,1960,-1229
53,1964,-1229
53,1980,-1175
53,1985,-1174
53,1985,-1186
53,1949,-715
53,1995,-681
54,2035,-655
54,1504,-964
54,1535,-1003
54,1564,-1047
54,1363,435
54,1568,-1062
54,1614,-1111
54,1624,-1136
54,1434,319
54,1517,326
54,1336,296
54,1422,299
54,1458,418
54,1227,443
54,1379,324
54,1206,457
54,1522,680
54,1443,342
54,2260,-629
54,1522,741
54,2288,-662
54,1473,402
54,2176,-710
54,1403,521
54,2234,-700
54,1475,407
54,2250,-694
54,1599,648
54,2252,-660
54,1633,553
54,2231,-678
54,1536,725
54,2218,-689
54,1442,398
54,2207,-691
54,1399,417
54,2202,-704
54,1611,826
54,2179,-729
54,1450,468
54,2171,-743
54,2180,-741
54,2173,-749
54,2174,-742
54,2177,-754
54,2192,-748
54,2189,-753
54,2191,-748
54,2182,-755
54,1592,-1217
54,1584,-1210
54,1581,-1205
54,1658,567
54,1690,533
54,1660,512
54,1628,613
54,1542,752
54,2165,-749
54,2174,-750
54,2175,-739
54,2166,-742
55,1581,-1138
55,1579,-1135
55,1650,-882
55,1721,-294
55,1704,141
55,1681,583
55,1653,818
55,1605,966
55,1601,964
55,1605,967
55,1599,953
55,1602,960
55,1591,953
55,1605,962
55,1586,942
55,1589,940
55,1572,910
55,1580,920
55,1561,894
55,1557,886
55,1535,860
55,1547,845
55,1519,845
55,1550,849
55,1549,835
55,1551,802
55,1550,786
55,1542,771
55,1541,762
55,1523,744
55,1526,728
55,1516,707
55,1514,706
55,1502,689
55,1500,689
55,1489,682
55,1482,692
55,1449,680
55,1276,750
55,679,592
55,571,653
55,306,605
55,304,622
55,284,648
55,281,661
55,269,692
55,264,705
55,277,731
55,274,740
55,285,765
55,277,790
55,294,813
55,286,843
55,314,866
55,303,895
55,334,911
55,327,946
55,346,949
55,353,943
55,375,953
55,374,947
55,369,936
55,374,934
55,426,949
56,395,997
56,1370,694
56,10,957
56,-32,1109
56,-30,1117
56,-19,1112
56,-16,1107
56,4,1098
56,8,1102
56,37,1100
56,43,1098
56,78,1100
56,84,1091
56,101,1087
56,105,1076
56,120,1076
56,128,1056
56,145,1045
56,145,1033
56,138,1020
56,136,919
56,103,911
56,112,864
56,129,867
56,131,863
56,156,866
56,154,879
56,177,883
56,187,900
56,243,923
56,247,925
56,284,941
56,283,949
56,308,970
56,313,976
56,333,983
56,336,983
56,365,989
56,367,995
56,383,1001
56,381,1020
56,386,1029
56,382,1040
56,400,1051
56,481,970
56,826,975
56,834,973
56,832,979
56,833,970
56,838,968
56,844,964
56,848,964
56,854,946
56,860,936
56,861,928
56,853,920
56,852,916
56,838,910
56,912,887
56,1272,962
56,1390,913
56,1476,915
56,1485,907
56,1479,882
57,1479,885
57,1472,884
57,1474,870
57,1470,857
57,1472,837
57,1464,822
57,1462,814
57,1456,807
57,1459,795
57,1443,772
57,1442,765
57,1437,747
57,1441,741
57,1439,724
57,1440,712
57,1438,686
57,1439,677
57,1447,675
57,1450,666
57,1453,663
57,1452,661
57,1445,660
57,1443,662
57,1431,663
57,1426,663
57,1424,664
57,1423,667
57,1417,662
57,1292,717
57,805,588
57,710,632
57,551,583
57,545,590
57,523,593
57,517,602
57,523,606
57,517,612
57,522,627
57,508,651
57,505,661
57,490,699
57,485,704
57,480,726
57,515,744
57,514,761
57,543,781
57,564,807
57,880,922
57,1000,896
57,1152,951
57,1162,947
57,1158,938
57,1169,922
57,1167,914
57,1179,897
57,1166,893
57,1180,882
57,1168,869
57,1181,857
57,1187,865
57,1205,850
57,1235,848
57,1250,830
57,1258,823
58,1271,812
58,1297,815
58,1222,834
58,878,721
58,783,741
58,604,688
58,598,691
58,435,674
58,374,737
58,234,721
58,237,717
58,289,733
58,288,744
58,353,781
58,360,775
58,399,785
58,398,789
58,400,810
58,400,823
58,431,851
58,429,878
58,425,884
58,427,870
58,441,881
58,440,880
58,443,884
58,442,877
58,434,880
58,438,864
58,432,862
58,438,850
58,452,855
58,458,842
