13201.14,2000,5480.338,13225.65,2000,5482.665,13154.09,2000,5414.529,13187.82,2000,5418.833,13222.89,2000,5437.224
13202.13,2000,5479.879,13226.73,2000,5482.715,13154.34,2000,5415.583,13186.94,2000,5419.466,13222.41,2000,5438.195
13203.12,2000,5479.453,13227.81,2000,5482.801,13154.56,2000,5416.646,13186.04,2000,5420.069,13221.96,2000,5439.181
13204.13,2000,5479.06,13228.89,2000,5482.922,13154.74,2000,5417.714,13185.12,2000,5420.642,13221.54,2000,5440.182
13205.15,2000,5478.699,13229.96,2000,5483.079,13154.88,2000,5418.788,13184.18,2000,5421.185,13221.16,2000,5441.195
13206.19,2000,5478.373,13231.02,2000,5483.27,13154.99,2000,5419.865,13183.23,2000,5421.697,13220.81,2000,5442.221
13207.23,2000,5478.08,13232.08,2000,5483.496,13155.06,2000,5420.946,13182.26,2000,5422.178,13220.5,2000,5443.257
13208.28,2000,5477.822,13233.14,2000,5483.757,13155.1,2000,5422.028,13181.27,2000,5422.626,13220.21,2000,5444.303
13209.34,2000,5477.598,13234.18,2000,5484.052,13155.11,2000,5423.112,13180.27,2000,5423.042,13219.97,2000,5445.357
13210.41,2000,5477.409,13235.21,2000,5484.38,13155.07,2000,5424.195,13179.26,2000,5423.426,13219.75,2000,5446.42
13211.48,2000,5477.254,13236.23,2000,5484.743,13155.01,2000,5425.276,13178.23,2000,5423.775,13219.58,2000,5447.489
13212.56,2000,5477.135,13237.24,2000,5485.138,13154.9,2000,5426.354,13177.2,2000,5424.091,13219.43,2000,5448.563
13213.64,2000,5477.052,13238.23,2000,5485.566,13154.77,2000,5427.429,13176.15,2000,5424.373,13219.33,2000,5449.641
13214.72,2000,5477.003,13239.21,2000,5486.027,13154.59,2000,5428.499,13175.09,2000,5424.621,13219.25,2000,5450.722
13215.8,2000,5476.991,13240.18,2000,5486.52,13154.39,2000,5429.562,13174.03,2000,5424.833,13219.22,2000,5451.804
13216.88,2000,5477.013,13241.13,2000,5487.044,13154.14,2000,5430.617,13172.96,2000,5425.012,13219.22,2000,5452.888
13217.97,2000,5477.071,13242.06,2000,5487.599,13153.87,2000,5431.665,13171.89,2000,5425.155,13219.25,2000,5453.971
13219.05,2000,5477.165,13242.97,2000,5488.184,13153.55,2000,5432.702,13170.81,2000,5425.263,13219.32,2000,5455.052
13220.12,2000,5477.293,13243.86,2000,5488.798,13153.21,2000,5433.729,13169.73,2000,5425.335,13219.42,2000,5456.13
13221.19,2000,5477.458,13244.74,2000,5489.441,13152.83,2000,5434.744,13168.65,2000,5425.372,13219.57,2000,5457.204
13222.26,2000,5477.656,13245.59,2000,5490.112,13152.42,2000,5435.747,13167.56,2000,5425.374,13219.74,2000,5458.273
13223.31,2000,5477.89,13246.42,2000,5490.8,13151.98,2000,5436.735,13166.48,2000,5425.34,13219.95,2000,5459.336
13224.36,2000,5478.158,13247.26,2000,5491.488,13151.5,2000,5437.708,13165.4,2000,5425.271,13220.2,2000,5460.391
13225.4,2000,5478.46,13248.09,2000,5492.179,13150.99,2000,5438.665,13164.32,2000,5425.166,13220.47,2000,5461.438
13226.43,2000,5478.796,13248.93,2000,5492.871,13150.45,2000,5439.605,13163.25,2000,5425.026,13220.79,2000,5462.475
13227.45,2000,5479.166,13249.76,2000,5493.563,13149.88,2000,5440.527,13162.18,2000,5424.852,13221.13,2000,5463.501
13228.46,2000,5479.568,13250.59,2000,5494.255,13149.29,2000,5441.43,13161.12,2000,5424.642,13221.52,2000,5464.516
13229.45,2000,5480.004,13251.43,2000,5494.947,13148.66,2000,5442.313,13160.06,2000,5424.397,13221.93,2000,5465.517
13230.43,2000,5480.472,13252.26,2000,5495.638,13148,2000,5443.174,13159.01,2000,5424.118,13222.38,2000,5466.504
13231.39,2000,5480.971,13253.1,2000,5496.327,13147.32,2000,5444.014,13157.98,2000,5423.805,13222.85,2000,5467.477
13232.33,2000,5481.502,13253.93,2000,5497.016,13146.61,2000,5444.831,13156.95,2000,5423.458,13223.36,2000,5468.433
13233.26,2000,5482.063,13254.77,2000,5497.701,13145.87,2000,5445.624,13155.94,2000,5423.079,13223.9,2000,5469.372
13234.17,2000,5482.654,13255.61,2000,5498.39,13145.1,2000,5446.393,13154.93,2000,5422.666,13224.48,2000,5470.292
13235.06,2000,5483.275,13256.45,2000,5499.074,13144.32,2000,5447.136,13153.95,2000,5422.22,13225.08,2000,5471.193
13235.94,2000,5483.906,13257.29,2000,5499.754,13143.5,2000,5447.853,13152.97,2000,5421.742,13225.71,2000,5472.075
13236.84,2000,5484.508,13258.14,2000,5500.436,13142.67,2000,5448.542,13152.02,2000,5421.233,13226.36,2000,5472.935
13237.72,2000,5485.14,13258.98,2000,5501.117,13141.81,2000,5449.205,13151.08,2000,5420.693,13227.05,2000,5473.773
13238.58,2000,5485.799,13259.83,2000,5501.792,13140.93,2000,5449.838,13150.16,2000,5420.122,13227.76,2000,5474.589
13239.42,2000,5486.487,13260.67,2000,5502.468,13140.03,2000,5450.443,13149.26,2000,5419.521,13228.5,2000,5475.38
13240.23,2000,5487.201,13261.52,2000,5503.144,13139.12,2000,5451.019,13148.37,2000,5418.892,13229.27,2000,5476.147
13241.02,2000,5487.942,13262.37,2000,5503.813,13138.18,2000,5451.563,13147.51,2000,5418.233,13230.06,2000,5476.889
13241.79,2000,5488.708,13263.22,2000,5504.484,13137.24,2000,5452.095,13146.67,2000,5417.547,13230.87,2000,5477.604
13242.53,2000,5489.499,13264.08,2000,5505.15,13136.29,2000,5452.632,13145.86,2000,5416.834,13231.71,2000,5478.292
13243.24,2000,5490.313,13264.93,2000,5505.817,13135.36,2000,5453.174,13145.07,2000,5416.095,13232.57,2000,5478.953
13243.93,2000,5491.151,13265.79,2000,5506.479,13134.44,2000,5453.747,13144.3,2000,5415.331,13233.45,2000,5479.584
13244.59,2000,5492.011,13266.65,2000,5507.137,13133.54,2000,5454.349,13143.56,2000,5414.541,13234.35,2000,5480.188
13245.22,2000,5492.892,13267.51,2000,5507.791,13132.66,2000,5454.98,13142.84,2000,5413.728,13235.27,2000,5480.761
13245.82,2000,5493.792,13268.38,2000,5508.443,13131.8,2000,5455.641,13142.15,2000,5412.891,13236.2,2000,5481.304
13246.39,2000,5494.712,13269.25,2000,5509.089,13130.96,2000,5456.328,13141.49,2000,5412.033,13237.16,2000,5481.815
13246.93,2000,5495.651,13270.12,2000,5509.729,13130.15,2000,5457.043,13140.86,2000,5411.153,13238.13,2000,5482.296
13247.44,2000,5496.606,13271,2000,5510.363,13129.36,2000,5457.784,13140.26,2000,5410.253,13239.12,2000,5482.744
13247.92,2000,5497.575,13271.88,2000,5510.991,13128.59,2000,5458.548,13139.68,2000,5409.337,13240.11,2000,5483.158
13248.37,2000,5498.558,13272.76,2000,5511.616,13127.86,2000,5459.336,13139.14,2000,5408.404,13241.12,2000,5483.54
13248.78,2000,5499.554,13273.64,2000,5512.236,13127.14,2000,5460.147,13138.63,2000,5407.453,13242.14,2000,5483.887
13249.16,2000,5500.563,13274.53,2000,5512.849,13126.46,2000,5460.981,13138.16,2000,5406.487,13243.17,2000,5484.201
13249.5,2000,5501.584,13275.42,2000,5513.454,13125.81,2000,5461.837,13137.71,2000,5405.506,13244.22,2000,5484.481
13249.82,2000,5502.615,13276.31,2000,5514.05,13125.18,2000,5462.713,13137.29,2000,5404.511,13245.26,2000,5484.727
13250.09,2000,5503.656,13277.21,2000,5514.64,13124.58,2000,5463.608,13136.91,2000,5403.504,13246.32,2000,5484.938
13250.34,2000,5504.704,13278.12,2000,5515.227,13124.01,2000,5464.523,13136.57,2000,5402.485,13247.38,2000,5485.115
13250.55,2000,5505.759,13279.02,2000,5515.805,13123.48,2000,5465.455,13136.25,2000,5401.457,13248.45,2000,5485.257
13250.72,2000,5506.82,13279.93,2000,5516.38,13122.97,2000,5466.404,13135.97,2000,5400.418,13249.52,2000,5485.363
13250.86,2000,5507.886,13280.85,2000,5516.947,13122.5,2000,5467.368,13135.73,2000,5399.373,13250.59,2000,5485.435
13250.97,2000,5508.954,13281.76,2000,5517.506,13122.05,2000,5468.346,13135.52,2000,5398.32,13251.66,2000,5485.471
13251.04,2000,5510.025,13282.68,2000,5518.064,13121.64,2000,5469.337,13135.34,2000,5397.262,13252.74,2000,5485.472
13251.07,2000,5511.096,13283.6,2000,5518.615,13121.27,2000,5470.34,13135.2,2000,5396.199,13253.81,2000,5485.438
13251.07,2000,5512.167,13284.52,2000,5519.162,13120.92,2000,5471.354,13135.09,2000,5395.133,13254.88,2000,5485.369
13251.04,2000,5513.236,13285.44,2000,5519.699,13120.61,2000,5472.378,13135.02,2000,5394.066,13255.94,2000,5485.266
13250.97,2000,5514.303,13286.37,2000,5520.232,13120.34,2000,5473.411,13134.98,2000,5392.998,13257,2000,5485.127
13250.86,2000,5515.365,13287.3,2000,5520.76,13120.09,2000,5474.45,13134.98,2000,5391.931,13258.05,2000,5484.955
13250.72,2000,5516.422,13288.22,2000,5521.289,13119.89,2000,5475.496,13135.02,2000,5390.865,13259.1,2000,5484.748
13250.55,2000,5517.473,13289.15,2000,5521.809,13119.7,2000,5476.544,13135.08,2000,5389.803,13260.14,2000,5484.507
13250.34,2000,5518.515,13290.08,2000,5522.329,13119.52,2000,5477.591,13135.19,2000,5388.745,13261.17,2000,5484.233
13250.1,2000,5519.548,13291.01,2000,5522.843,13119.33,2000,5478.636,13135.32,2000,5387.692,13262.18,2000,5483.926
13249.83,2000,5520.571,13291.93,2000,5523.357,13119.15,2000,5479.679,13135.49,2000,5386.647,13263.18,2000,5483.586
13249.52,2000,5521.583,13292.86,2000,5523.869,13118.96,2000,5480.72,13135.67,2000,5385.605,13264.17,2000,5483.215
13249.18,2000,5522.582,13293.78,2000,5524.376,13118.78,2000,5481.758,13135.86,2000,5384.567,13265.15,2000,5482.813
13248.81,2000,5523.567,13294.71,2000,5524.882,13118.6,2000,5482.795,13136.04,2000,5383.531,13266.11,2000,5482.379
13248.41,2000,5524.537,13295.63,2000,5525.386,13118.45,2000,5483.834,13136.26,2000,5382.503,13267.05,2000,5481.916
13247.97,2000,5525.49,13296.55,2000,5525.891,13118.33,2000,5484.875,13136.51,2000,5381.486,13267.97,2000,5481.423
13247.51,2000,5526.427,13297.46,2000,5526.397,13118.26,2000,5485.917,13136.79,2000,5380.481,13268.88,2000,5480.902
13247.02,2000,5527.345,13298.37,2000,5526.899,13118.21,2000,5486.957,13137.11,2000,5379.488,13269.76,2000,5480.354
13246.5,2000,5528.243,13299.28,2000,5527.403,13118.2,2000,5487.994,13137.45,2000,5378.51,13270.63,2000,5479.778
13245.95,2000,5529.121,13300.18,2000,5527.904,13118.22,2000,5489.028,13137.83,2000,5377.546,13271.47,2000,5479.176
13245.38,2000,5529.978,13301.08,2000,5528.402,13118.28,2000,5490.057,13138.23,2000,5376.599,13272.29,2000,5478.55
13244.78,2000,5530.812,13301.98,2000,5528.905,13118.37,2000,5491.079,13138.67,2000,5375.669,13273.08,2000,5477.899
13244.16,2000,5531.622,13302.87,2000,5529.408,13118.49,2000,5492.094,13139.13,2000,5374.758,13273.85,2000,5477.227
13243.52,2000,5532.409,13303.76,2000,5529.905,13118.65,2000,5493.1,13139.62,2000,5373.866,13274.59,2000,5476.532
13242.85,2000,5533.17,13304.64,2000,5530.406,13118.83,2000,5494.096,13140.14,2000,5372.995,13275.31,2000,5475.816
13242.16,2000,5533.906,13305.52,2000,5530.902,13119.05,2000,5495.081,13140.68,2000,5372.145,13276,2000,5475.081
13241.45,2000,5534.616,13306.39,2000,5531.397,13119.3,2000,5496.053,13141.25,2000,5371.316,13276.67,2000,5474.327
13240.72,2000,5535.298,13307.25,2000,5531.895,13119.58,2000,5497.012,13141.84,2000,5370.511,13277.3,2000,5473.555
13239.97,2000,5535.954,13308.12,2000,5532.393,13119.89,2000,5497.956,13142.46,2000,5369.73,13277.91,2000,5472.768
13239.21,2000,5536.581,13308.97,2000,5532.885,13120.23,2000,5498.885,13143.09,2000,5368.973,13278.48,2000,5471.964
13238.43,2000,5537.179,13309.82,2000,5533.381,13120.6,2000,5499.798,13143.75,2000,5368.241,13279.03,2000,5471.147
13237.63,2000,5537.749,13310.67,2000,5533.876,13120.99,2000,5500.693,13144.43,2000,5367.535,13279.55,2000,5470.316
13236.82,2000,5538.29,13311.51,2000,5534.369,13121.42,2000,5501.571,13145.12,2000,5366.855,13280.04,2000,5469.474
13236,2000,5538.801,13312.34,2000,5534.863,13121.86,2000,5502.43,13145.84,2000,5366.202,13280.49,2000,5468.621
13235.17,2000,5539.286,13313.17,2000,5535.354,13122.33,2000,5503.269,13146.57,2000,5365.575,13280.92,2000,5467.757
13234.34,2000,5539.765,13313.99,2000,5535.847,13122.83,2000,5504.088,13147.32,2000,5364.976,13281.32,2000,5466.884
13233.51,2000,5540.241,13314.81,2000,5536.337,13123.35,2000,5504.887,13148.08,2000,5364.404,13281.68,2000,5466.003
13232.69,2000,5540.716,13315.62,2000,5536.829,13123.9,2000,5505.665,13148.86,2000,5363.86,13282.02,2000,5465.114
13231.87,2000,5541.188,13316.43,2000,5537.318,13124.47,2000,5506.421,13149.65,2000,5363.344,13282.32,2000,5464.219
13231.05,2000,5541.656,13317.24,2000,5537.804,13125.06,2000,5507.156,13150.46,2000,5362.856,13282.6,2000,5463.318
13230.24,2000,5542.122,13318.04,2000,5538.29,13125.67,2000,5507.868,13151.28,2000,5362.397,13282.84,2000,5462.413
13229.42,2000,5542.58,13318.84,2000,5538.778,13126.3,2000,5508.557,13152.11,2000,5361.966,13283.05,2000,5461.502
13228.61,2000,5543.037,13319.63,2000,5539.262,13126.95,2000,5509.223,13152.95,2000,5361.564,13283.24,2000,5460.588
13227.8,2000,5543.496,13320.43,2000,5539.748,13127.62,2000,5509.865,13153.8,2000,5361.19,13283.39,2000,5459.671
13226.98,2000,5543.928,13321.22,2000,5540.231,13128.32,2000,5510.484,13154.66,2000,5360.846,13283.51,2000,5458.752
13226.15,2000,5544.332,13322,2000,5540.717,13129.03,2000,5511.08,13155.53,2000,5360.53,13283.6,2000,5457.831
13225.3,2000,5544.708,13322.79,2000,5541.2,13129.75,2000,5511.65,13156.41,2000,5360.243,13283.66,2000,5456.908
13224.45,2000,5545.055,13323.58,2000,5541.683,13130.5,2000,5512.197,13157.3,2000,5359.985,13283.7,2000,5455.984
13223.6,2000,5545.431,13324.37,2000,5542.168,13131.22,2000,5512.767,13158.19,2000,5359.757,13283.7,2000,5455.06
13222.77,2000,5545.834,13325.14,2000,5542.679,13131.93,2000,5513.361,13159.09,2000,5359.558,13283.67,2000,5454.136
13221.95,2000,5546.264,13325.89,2000,5543.215,13132.62,2000,5513.978,13160,2000,5359.388,13283.61,2000,5453.213
13221.15,2000,5546.722,13326.63,2000,5543.776,13133.29,2000,5514.618,13160.92,2000,5359.248,13283.52,2000,5452.292
13220.36,2000,5547.206,13327.35,2000,5544.362,13133.94,2000,5515.281,13161.84,2000,5359.138,13283.4,2000,5451.372
13219.58,2000,5547.717,13328.05,2000,5544.972,13134.57,2000,5515.966,13162.76,2000,5359.058,13283.25,2000,5450.455
13218.82,2000,5548.255,13328.73,2000,5545.607,13135.17,2000,5516.673,13163.7,2000,5359.008,13283.07,2000,5449.541
13218.07,2000,5548.819,13329.39,2000,5546.266,13135.76,2000,5517.401,13164.63,2000,5358.989,13282.86,2000,5448.63
13217.35,2000,5549.409,13330.04,2000,5546.948,13136.32,2000,5518.151,13165.57,2000,5359,13282.61,2000,5447.724
13216.63,2000,5550.024,13330.66,2000,5547.654,13136.86,2000,5518.922,13166.51,2000,5359.042,13282.34,2000,5446.823
13215.94,2000,5550.666,13331.26,2000,5548.382,13137.38,2000,5519.714,13167.45,2000,5359.115,13282.04,2000,5445.928
13215.26,2000,5551.333,13331.84,2000,5549.133,13137.87,2000,5520.525,13168.39,2000,5359.22,13281.71,2000,5445.039
13214.61,2000,5552.024,13332.4,2000,5549.907,13138.34,2000,5521.356,13169.34,2000,5359.355,13281.34,2000,5444.158
13213.97,2000,5552.74,13332.94,2000,5550.702,13138.78,2000,5522.206,13170.28,2000,5359.523,13280.95,2000,5443.285
13213.35,2000,5553.48,13333.45,2000,5551.518,13139.2,2000,5523.074,13171.22,2000,5359.722,13280.52,2000,5442.42
13212.76,2000,5554.244,13333.93,2000,5552.354,13139.59,2000,5523.96,13172.16,2000,5359.953,13280.07,2000,5441.566
13212.19,2000,5555.031,13334.39,2000,5553.21,13139.95,2000,5524.863,13173.1,2000,5360.216,13279.58,2000,5440.723
13211.64,2000,5555.841,13334.83,2000,5554.086,13140.29,2000,5525.782,13174.03,2000,5360.511,13279.07,2000,5439.892
13211.11,2000,5556.672,13335.24,2000,5554.98,13140.59,2000,5526.716,13174.96,2000,5360.838,13278.52,2000,5439.074
13210.61,2000,5557.524,13335.62,2000,5555.892,13140.87,2000,5527.665,13175.88,2000,5361.197,13277.95,2000,5438.271
13210.14,2000,5558.397,13335.97,2000,5556.82,13141.12,2000,5528.626,13176.79,2000,5361.588,13277.34,2000,5437.482
13209.69,2000,5559.289,13336.29,2000,5557.764,13141.33,2000,5529.601,13177.7,2000,5362.011,13276.71,2000,5436.709
13209.27,2000,5560.2,13336.59,2000,5558.723,13141.52,2000,5530.587,13178.59,2000,5362.465,13276.05,2000,5435.955
13208.88,2000,5561.128,13336.85,2000,5559.696,13141.67,2000,5531.583,13179.47,2000,5362.951,13275.36,2000,5435.218
13208.52,2000,5562.074,13337.09,2000,5560.681,13141.79,2000,5532.588,13180.35,2000,5363.468,13274.65,2000,5434.501
13208.19,2000,5563.035,13337.29,2000,5561.678,13141.88,2000,5533.602,13181.2,2000,5364.015,13273.91,2000,5433.805
13207.88,2000,5564.01,13337.46,2000,5562.686,13141.94,2000,5534.622,13182.05,2000,5364.593,13273.14,2000,5433.131
13207.61,2000,5564.999,13337.6,2000,5563.702,13141.96,2000,5535.647,13182.87,2000,5365.2,13272.35,2000,5432.479
13207.37,2000,5566,13337.7,2000,5564.727,13141.95,2000,5536.677,13183.68,2000,5365.837,13271.53,2000,5431.852
13207.16,2000,5567.012,13337.77,2000,5565.757,13141.9,2000,5537.709,13184.47,2000,5366.502,13270.69,2000,5431.249
13206.99,2000,5568.034,13337.81,2000,5566.793,13141.82,2000,5538.743,13185.24,2000,5367.195,13269.83,2000,5430.671
13206.84,2000,5569.065,13337.81,2000,5567.834,13141.71,2000,5539.777,13186,2000,5367.915,13268.95,2000,5430.121
13206.73,2000,5570.103,13337.78,2000,5568.877,13141.56,2000,5540.811,13186.72,2000,5368.662,13268.04,2000,5429.598
13206.66,2000,5571.147,13337.72,2000,5569.921,13141.38,2000,5541.841,13187.43,2000,5369.434,13267.12,2000,5429.104
13206.62,2000,5572.196,13337.62,2000,5570.966,13141.17,2000,5542.868,13188.11,2000,5370.231,13266.18,2000,5428.638
13206.61,2000,5573.248,13337.48,2000,5572.01,13140.92,2000,5543.89,13188.77,2000,5371.053,13265.22,2000,5428.203
13206.64,2000,5574.302,13337.31,2000,5573.051,13140.63,2000,5544.906,13189.4,2000,5371.897,13264.25,2000,5427.798
13206.7,2000,5575.357,13337.11,2000,5574.088,13140.32,2000,5545.914,13190.01,2000,5372.763,13263.26,2000,5427.425
13206.8,2000,5576.412,13336.87,2000,5575.12,13139.96,2000,5546.913,13190.59,2000,5373.65,13262.26,2000,5427.083
13206.93,2000,5577.465,13336.6,2000,5576.146,13139.58,2000,5547.901,13191.14,2000,5374.558,13261.24,2000,5426.774
13207.09,2000,5578.515,13336.3,2000,5577.164,13139.16,2000,5548.879,13191.66,2000,5375.484,13260.22,2000,5426.498
13207.29,2000,5579.56,13335.96,2000,5578.172,13138.71,2000,5549.844,13192.15,2000,5376.428,13259.18,2000,5426.255
13207.53,2000,5580.6,13335.59,2000,5579.171,13138.23,2000,5550.794,13192.61,2000,5377.39,13258.14,2000,5426.046
13207.8,2000,5581.632,13335.18,2000,5580.158,13137.72,2000,5551.73,13193.04,2000,5378.367,13257.08,2000,5425.872
13208.1,2000,5582.657,13334.74,2000,5581.133,13137.18,2000,5552.65,13193.43,2000,5379.359,13256.02,2000,5425.731
13208.44,2000,5583.672,13334.27,2000,5582.094,13136.6,2000,5553.552,13193.8,2000,5380.364,13254.96,2000,5425.625
13208.81,2000,5584.677,13333.77,2000,5583.04,13136,2000,5554.436,13194.13,2000,5381.382,13253.89,2000,5425.554
13209.21,2000,5585.67,13333.24,2000,5583.969,13135.36,2000,5555.301,13194.43,2000,5382.412,13252.82,2000,5425.518
13209.65,2000,5586.65,13332.68,2000,5584.882,13134.7,2000,5556.145,13194.69,2000,5383.451,13251.75,2000,5425.517
13210.12,2000,5587.616,13332.08,2000,5585.776,13134.01,2000,5556.968,13194.93,2000,5384.5,13250.67,2000,5425.55
13210.62,2000,5588.566,13331.46,2000,5586.652,13133.3,2000,5557.768,13195.12,2000,5385.556,13249.6,2000,5425.619
13211.15,2000,5589.501,13330.81,2000,5587.507,13132.55,2000,5558.545,13195.29,2000,5386.618,13248.53,2000,5425.723
13211.71,2000,5590.418,13330.13,2000,5588.34,13131.78,2000,5559.297,13195.41,2000,5387.686,13247.46,2000,5425.862
13212.3,2000,5591.317,13329.42,2000,5589.152,13130.99,2000,5560.025,13195.51,2000,5388.758,13246.4,2000,5426.037
13212.92,2000,5592.196,13328.69,2000,5589.94,13130.17,2000,5560.726,13195.56,2000,5389.833,13245.35,2000,5426.246
13213.57,2000,5593.055,13327.93,2000,5590.704,13129.33,2000,5561.4,13195.59,2000,5390.911,13244.3,2000,5426.489
13214.25,2000,5593.893,13327.14,2000,5591.443,13128.47,2000,5562.047,13195.57,2000,5391.988,13243.26,2000,5426.767
13214.96,2000,5594.708,13326.34,2000,5592.157,13127.59,2000,5562.666,13195.53,2000,5393.065,13242.22,2000,5427.079
13215.69,2000,5595.5,13325.5,2000,5592.844,13126.69,2000,5563.256,13195.44,2000,5394.141,13241.2,2000,5427.425
13216.44,2000,5596.269,13324.65,2000,5593.503,13125.76,2000,5563.816,13195.32,2000,5395.213,13240.19,2000,5427.804
13217.23,2000,5597.012,13323.78,2000,5594.135,13124.82,2000,5564.346,13195.17,2000,5396.281,13239.2,2000,5428.215
13218.03,2000,5597.729,13322.88,2000,5594.737,13123.87,2000,5564.844,13194.98,2000,5397.344,13238.21,2000,5428.66
13218.86,2000,5598.419,13321.97,2000,5595.311,13122.89,2000,5565.312,13194.76,2000,5398.4,13237.24,2000,5429.136
13219.72,2000,5599.083,13321.03,2000,5595.854,13121.94,2000,5565.811,13194.5,2000,5399.449,13236.29,2000,5429.644
13220.59,2000,5599.718,13320.08,2000,5596.366,13120.99,2000,5566.341,13194.21,2000,5400.489,13235.35,2000,5430.183
13221.44,2000,5600.381,13319.15,2000,5596.909,13120.07,2000,5566.901,13193.88,2000,5401.519,13234.44,2000,5430.752
13222.27,2000,5601.072,13318.23,2000,5597.482,13119.17,2000,5567.492,13193.52,2000,5402.538,13233.54,2000,5431.352
13223.08,2000,5601.79,13317.33,2000,5598.086,13118.28,2000,5568.112,13193.13,2000,5403.544,13232.66,2000,5431.98
13223.86,2000,5602.534,13316.46,2000,5598.718,13117.42,2000,5568.761,13192.71,2000,5404.538,13231.8,2000,5432.637
13224.62,2000,5603.304,13315.6,2000,5599.379,13116.58,2000,5569.438,13192.25,2000,5405.517,13230.96,2000,5433.321
13225.36,2000,5604.098,13314.77,2000,5600.067,13115.75,2000,5570.142,13191.76,2000,5406.481,13230.15,2000,5434.033
13226.06,2000,5604.916,13313.96,2000,5600.783,13114.96,2000,5570.873,13191.24,2000,5407.428,13229.36,2000,5434.771
13226.74,2000,5605.756,13313.17,2000,5601.524,13114.19,2000,5571.629,13190.69,2000,5408.358,13228.59,2000,5435.535
13227.4,2000,5606.618,13312.41,2000,5602.292,13113.44,2000,5572.411,13190.1,2000,5409.27,13227.85,2000,5436.324
13228.02,2000,5607.501,13311.67,2000,5603.083,13112.72,2000,5573.216,13189.49,2000,5410.162,13227.14,2000,5437.136
13228.62,2000,5608.405,13310.96,2000,5603.898,13112.02,2000,5574.045,13188.85,2000,5411.033,13226.45,2000,5437.972
13229.18,2000,5609.327,13310.28,2000,5604.737,13111.35,2000,5574.896,13188.18,2000,5411.883,13225.79,2000,5438.829
13229.71,2000,5610.268,13309.63,2000,5605.597,13110.71,2000,5575.769,13187.49,2000,5412.711,13225.16,2000,5439.708
13230.22,2000,5611.225,13309,2000,5606.479,13110.1,2000,5576.662,13186.76,2000,5413.516,13224.56,2000,5440.606
13230.69,2000,5612.199,13308.4,2000,5607.38,13109.52,2000,5577.574,13186.01,2000,5414.297,13223.99,2000,5441.524
13231.13,2000,5613.187,13307.83,2000,5608.3,13108.97,2000,5578.505,13185.24,2000,5415.053,13223.45,2000,5442.461
13231.54,2000,5614.189,13307.29,2000,5609.239,13108.45,2000,5579.454,13184.44,2000,5415.783,13222.94,2000,5443.415
13231.91,2000,5615.205,13306.79,2000,5610.195,13107.96,2000,5580.419,13183.62,2000,5416.486,13222.46,2000,5444.384
13232.25,2000,5616.231,13306.31,2000,5611.167,13107.51,2000,5581.4,13182.77,2000,5417.163,13222.01,2000,5445.369
13232.56,2000,5617.269,13305.87,2000,5612.154,13107.08,2000,5582.396,13181.91,2000,5417.811,13221.59,2000,5446.368
13232.83,2000,5618.316,13305.46,2000,5613.155,13106.69,2000,5583.404,13181.02,2000,5418.431,13221.21,2000,5447.38
13233.07,2000,5619.372,13305.08,2000,5614.169,13106.33,2000,5584.425,13180.11,2000,5419.021,13220.86,2000,5448.405
13233.27,2000,5620.435,13304.74,2000,5615.195,13106.01,2000,5585.458,13179.19,2000,5419.582,13220.55,2000,5449.44
13233.44,2000,5621.503,13304.42,2000,5616.232,13105.72,2000,5586.5,13178.25,2000,5420.111,13220.27,2000,5450.485
13233.58,2000,5622.577,13304.15,2000,5617.278,13105.46,2000,5587.551,13177.29,2000,5420.61,13220.02,2000,5451.539
13233.67,2000,5623.655,13303.91,2000,5618.333,13105.24,2000,5588.61,13176.31,2000,5421.077,13219.81,2000,5452.6
13233.74,2000,5624.735,13303.7,2000,5619.395,13105.05,2000,5589.676,13175.32,2000,5421.512,13219.63,2000,5453.667
13233.77,2000,5625.817,13303.53,2000,5620.463,13104.9,2000,5590.748,13174.31,2000,5421.915,13219.49,2000,5454.74
13233.76,2000,5626.899,13303.39,2000,5621.537,13104.78,2000,5591.823,13173.29,2000,5422.284,13219.38,2000,5455.817
13233.72,2000,5627.981,13303.29,2000,5622.614,13104.7,2000,5592.902,13172.27,2000,5422.619,13219.31,2000,5456.897
13233.64,2000,5629.061,13303.22,2000,5623.694,13104.65,2000,5593.983,13171.23,2000,5422.921,13219.27,2000,5457.979
13233.52,2000,5630.137,13303.19,2000,5624.775,13104.64,2000,5595.065,13170.18,2000,5423.188,13219.27,2000,5459.061
13233.38,2000,5631.208,13303.19,2000,5625.857,13104.66,2000,5596.147,13169.12,2000,5423.422,13219.3,2000,5460.142
13233.19,2000,5632.275,13303.23,2000,5626.939,13104.72,2000,5597.228,13168.06,2000,5423.62,13219.37,2000,5461.222
13232.97,2000,5633.335,13303.3,2000,5628.019,13104.82,2000,5598.306,13166.99,2000,5423.784,13219.48,2000,5462.299
13232.72,2000,5634.387,13303.41,2000,5629.095,13104.95,2000,5599.38,13165.91,2000,5423.912,13219.62,2000,5463.373
13232.43,2000,5635.431,13303.56,2000,5630.167,13105.11,2000,5600.45,13164.84,2000,5424.005,13219.79,2000,5464.44
13232.11,2000,5636.464,13303.74,2000,5631.235,13105.31,2000,5601.514,13163.75,2000,5424.063,13220,2000,5465.502
13231.76,2000,5637.487,13303.95,2000,5632.295,13105.55,2000,5602.57,13162.67,2000,5424.086,13220.25,2000,5466.556
13231.37,2000,5638.497,13304.2,2000,5633.349,13105.82,2000,5603.619,13161.59,2000,5424.073,13220.53,2000,5467.602
13230.95,2000,5639.494,13304.48,2000,5634.393,13106.12,2000,5604.658,13160.51,2000,5424.025,13220.84,2000,5468.638
13230.5,2000,5640.477,13304.8,2000,5635.428,13106.46,2000,5605.686,13159.43,2000,5423.941,13221.19,2000,5469.663
13230.01,2000,5641.444,13305.15,2000,5636.451,13106.83,2000,5606.703,13158.36,2000,5423.823,13221.57,2000,5470.676
13229.49,2000,5642.395,13305.54,2000,5637.463,13107.23,2000,5607.707,13157.28,2000,5423.669,13221.98,2000,5471.676
13228.95,2000,5643.328,13305.95,2000,5638.461,13107.67,2000,5608.697,13156.22,2000,5423.48,13222.42,2000,5472.662
13228.37,2000,5644.243,13306.4,2000,5639.445,13108.13,2000,5609.672,13155.16,2000,5423.256,13222.9,2000,5473.633
13227.76,2000,5645.139,13306.89,2000,5640.414,13108.63,2000,5610.632,13154.11,2000,5422.998,13223.41,2000,5474.588
13227.13,2000,5646.014,13307.4,2000,5641.367,13109.17,2000,5611.575,13153.07,2000,5422.706,13223.95,2000,5475.525
13226.46,2000,5646.868,13307.94,2000,5642.302,13109.73,2000,5612.5,13152.04,2000,5422.379,13224.52,2000,5476.445
13225.77,2000,5647.699,13308.52,2000,5643.219,13110.32,2000,5613.405,13151.02,2000,5422.02,13225.12,2000,5477.345
13225.05,2000,5648.508,13309.12,2000,5644.116,13110.94,2000,5614.291,13150.01,2000,5421.626,13225.75,2000,5478.225
13224.31,2000,5649.292,13309.75,2000,5644.994,13111.59,2000,5615.156,13149.01,2000,5421.201,13226.41,2000,5479.084
13223.54,2000,5650.052,13310.41,2000,5645.85,13112.27,2000,5616,13148.03,2000,5420.743,13227.09,2000,5479.921
13222.74,2000,5650.786,13311.1,2000,5646.684,13112.97,2000,5616.82,13147.07,2000,5420.253,13227.8,2000,5480.735
13221.92,2000,5651.494,13311.82,2000,5647.495,13113.7,2000,5617.618,13146.09,2000,5419.795,13228.49,2000,5481.572
13221.08,2000,5652.174,13312.56,2000,5648.282,13114.46,2000,5618.391,13145.1,2000,5419.369,13229.15,2000,5482.431
13220.22,2000,5652.826,13313.33,2000,5649.044,13115.24,2000,5619.138,13144.09,2000,5418.976,13229.78,2000,5483.311
13219.34,2000,5653.45,13314.12,2000,5649.781,13116.05,2000,5619.86,13143.07,2000,5418.616,13230.38,2000,5484.21
13218.43,2000,5654.045,13314.94,2000,5650.491,13116.88,2000,5620.555,13142.04,2000,5418.29,13230.95,2000,5485.129
13217.51,2000,5654.61,13315.77,2000,5651.174,13117.73,2000,5621.222,13141,2000,5417.998,13231.48,2000,5486.066
13216.57,2000,5655.144,13316.63,2000,5651.83,13118.6,2000,5621.861,13139.95,2000,5417.74,13231.99,2000,5487.021
13215.61,2000,5655.647,13317.47,2000,5652.513,13119.49,2000,5622.471,13138.89,2000,5417.516,13232.47,2000,5487.991
13214.64,2000,5656.119,13318.29,2000,5653.223,13120.4,2000,5623.051,13137.83,2000,5417.327,13232.92,2000,5488.976
13213.68,2000,5656.622,13319.08,2000,5653.959,13121.29,2000,5623.661,13136.75,2000,5417.173,13233.33,2000,5489.975
13212.74,2000,5657.156,13319.84,2000,5654.721,13122.17,2000,5624.3,13135.68,2000,5417.055,13233.71,2000,5490.987
13211.82,2000,5657.72,13320.59,2000,5655.507,13123.02,2000,5624.967,13134.6,2000,5416.971,13234.05,2000,5492.011
13210.92,2000,5658.314,13321.3,2000,5656.318,13123.85,2000,5625.661,13133.52,2000,5416.923,13234.37,2000,5493.046
13210.04,2000,5658.938,13321.99,2000,5657.151,13124.65,2000,5626.382,13132.44,2000,5416.91,13234.65,2000,5494.09
13209.17,2000,5659.59,13322.65,2000,5658.007,13125.43,2000,5627.129,13131.36,2000,5416.933,13234.89,2000,5495.144
13208.33,2000,5660.271,13323.28,2000,5658.883,13126.19,2000,5627.902,13130.28,2000,5416.99,13235.1,2000,5496.204
13207.52,2000,5660.978,13323.89,2000,5659.78,13126.92,2000,5628.699,13129.2,2000,5417.083,13235.27,2000,5497.271
13206.72,2000,5661.711,13324.46,2000,5660.696,13127.62,2000,5629.519,13128.13,2000,5417.212,13235.41,2000,5498.343
13205.95,2000,5662.47,13325.01,2000,5661.631,13128.3,2000,5630.362,13127.06,2000,5417.375,13235.52,2000,5499.419
13205.21,2000,5663.254,13325.52,2000,5662.583,13128.95,2000,5631.227,13126,2000,5417.574,13235.59,2000,5500.498
13204.49,2000,5664.063,13326,2000,5663.551,13129.57,2000,5632.112,13124.94,2000,5417.807,13235.62,2000,5501.579
13203.8,2000,5664.894,13326.45,2000,5664.534,13130.16,2000,5633.017,13123.9,2000,5418.074,13235.62,2000,5502.66
13203.13,2000,5665.747,13326.87,2000,5665.532,13130.72,2000,5633.941,13122.86,2000,5418.376,13235.58,2000,5503.74
13202.5,2000,5666.622,13327.25,2000,5666.542,13131.25,2000,5634.884,13121.83,2000,5418.711,13235.51,2000,5504.819
13201.89,2000,5667.517,13327.6,2000,5667.565,13131.75,2000,5635.843,13120.81,2000,5419.08,13235.41,2000,5505.896
13201.32,2000,5668.431,13327.92,2000,5668.599,13132.22,2000,5636.818,13119.81,2000,5419.482,13235.26,2000,5506.968
13200.77,2000,5669.364,13328.2,2000,5669.643,13132.66,2000,5637.808,13118.82,2000,5419.917,13235.08,2000,5508.035
13200.25,2000,5670.315,13328.45,2000,5670.696,13133.06,2000,5638.811,13117.84,2000,5420.383,13234.87,2000,5509.095
13199.77,2000,5671.282,13328.67,2000,5671.756,13133.43,2000,5639.828,13116.88,2000,5420.882,13234.63,2000,5510.148
13199.31,2000,5672.264,13328.84,2000,5672.823,13133.77,2000,5640.855,13115.94,2000,5421.412,13234.34,2000,5511.193
13198.89,2000,5673.261,13328.99,2000,5673.895,13134.07,2000,5641.894,13115.01,2000,5421.972,13234.03,2000,5512.228
13198.5,2000,5674.271,13329.1,2000,5674.972,13134.34,2000,5642.942,13114.11,2000,5422.563,13233.68,2000,5513.252
13198.15,2000,5675.293,13329.17,2000,5676.051,13134.57,2000,5643.998,13113.22,2000,5423.182,13233.3,2000,5514.265
13197.83,2000,5676.327,13329.21,2000,5677.133,13134.77,2000,5645.062,13112.36,2000,5423.831,13232.88,2000,5515.264
13197.54,2000,5677.37,13329.22,2000,5678.215,13134.94,2000,5646.131,13111.51,2000,5424.507,13232.44,2000,5516.25
13197.29,2000,5678.422,13329.18,2000,5679.297,13135.07,2000,5647.205,13110.69,2000,5425.211,13231.96,2000,5517.22
13197.07,2000,5679.482,13329.12,2000,5680.377,13135.16,2000,5648.283,13109.89,2000,5425.942,13231.45,2000,5518.174
13196.89,2000,5680.549,13329.01,2000,5681.455,13135.22,2000,5649.364,13109.12,2000,5426.698,13230.94,2000,5519.131
13196.74,2000,5681.622,13328.88,2000,5682.528,13135.25,2000,5650.446,13108.37,2000,5427.479,13230.43,2000,5520.086
13196.63,2000,5682.698,13328.7,2000,5683.597,13135.23,2000,5651.528,13107.64,2000,5428.285,13229.93,2000,5521.044
13196.55,2000,5683.778,13328.5,2000,5684.66,13135.19,2000,5652.61,13106.95,2000,5429.113,13229.43,2000,5522.004
13196.5,2000,5684.86,13328.25,2000,5685.715,13135.1,2000,5653.689,13106.28,2000,5429.964,13228.93,2000,5522.966
13196.5,2000,5685.942,13327.98,2000,5686.762,13134.99,2000,5654.766,13105.64,2000,5430.837,13228.43,2000,5523.928
13196.52,2000,5687.025,13327.67,2000,5687.799,13134.83,2000,5655.837,13105.02,2000,5431.73,13227.94,2000,5524.893
13196.59,2000,5688.106,13327.32,2000,5688.825,13134.65,2000,5656.904,13104.44,2000,5432.643,13227.45,2000,5525.856
13196.69,2000,5689.184,13326.94,2000,5689.84,13134.42,2000,5657.963,13103.89,2000,5433.574,13226.96,2000,5526.822
13196.82,2000,5690.259,13326.53,2000,5690.842,13134.17,2000,5659.015,13103.37,2000,5434.522,13226.47,2000,5527.789
13196.99,2000,5691.329,13326.09,2000,5691.83,13133.88,2000,5660.058,13102.88,2000,5435.488,13225.98,2000,5528.755
13197.19,2000,5692.392,13325.61,2000,5692.802,13133.55,2000,5661.091,13102.42,2000,5436.469,13225.5,2000,5529.725
13197.43,2000,5693.448,13325.11,2000,5693.759,13133.19,2000,5662.113,13101.99,2000,5437.464,13225.02,2000,5530.695
13197.71,2000,5694.496,13324.57,2000,5694.698,13132.8,2000,5663.123,13101.6,2000,5438.473,13224.54,2000,5531.667
13198.01,2000,5695.535,13324,2000,5695.62,13132.38,2000,5664.119,13101.24,2000,5439.495,13224.07,2000,5532.64
13198.35,2000,5696.563,13323.4,2000,5696.522,13131.92,2000,5665.101,13100.91,2000,5440.527,13223.59,2000,5533.615
13198.73,2000,5697.579,13322.77,2000,5697.404,13131.43,2000,5666.067,13100.62,2000,5441.57,13223.12,2000,5534.588
13199.14,2000,5698.582,13322.12,2000,5698.266,13130.91,2000,5667.017,13100.36,2000,5442.622,13222.65,2000,5535.563
13199.58,2000,5699.572,13321.43,2000,5699.105,13130.36,2000,5667.949,13100.13,2000,5443.682,13222.18,2000,5536.539
13200.05,2000,5700.546,13320.72,2000,5699.922,13129.77,2000,5668.862,13099.95,2000,5444.748,13221.71,2000,5537.517
13200.55,2000,5701.505,13319.98,2000,5700.715,13129.16,2000,5669.756,13099.79,2000,5445.82,13221.25,2000,5538.496
13201.09,2000,5702.447,13319.22,2000,5701.483,13128.52,2000,5670.63,13099.67,2000,5446.897,13220.79,2000,5539.477
13201.65,2000,5703.371,13318.43,2000,5702.227,13127.85,2000,5671.482,13099.59,2000,5447.977,13220.33,2000,5540.455
13202.25,2000,5704.275,13317.62,2000,5702.943,13127.16,2000,5672.313,13099.54,2000,5449.059,13219.87,2000,5541.436
13202.87,2000,5705.16,13316.78,2000,5703.633,13126.44,2000,5673.119,13099.53,2000,5450.142,13219.41,2000,5542.417
13203.53,2000,5706.024,13315.92,2000,5704.295,13125.69,2000,5673.902,13099.55,2000,5451.225,13218.95,2000,5543.398
13204.21,2000,5706.866,13315.04,2000,5704.929,13124.91,2000,5674.66,13099.61,2000,5452.307,13218.49,2000,5544.382
13204.92,2000,5707.685,13314.15,2000,5705.534,13124.11,2000,5675.392,13099.7,2000,5453.386,13218.04,2000,5545.367
13205.65,2000,5708.48,13313.23,2000,5706.109,13123.29,2000,5676.097,13099.83,2000,5454.461,13217.59,2000,5546.35
13206.41,2000,5709.251,13312.29,2000,5706.654,13122.45,2000,5676.775,13099.99,2000,5455.532,13217.14,2000,5547.335
13207.2,2000,5709.998,13311.34,2000,5707.168,13121.58,2000,5677.426,13100.19,2000,5456.597,13216.69,2000,5548.32
13208.01,2000,5710.717,13310.37,2000,5707.65,13120.69,2000,5678.047,13100.43,2000,5457.655,13216.24,2000,5549.307
13208.84,2000,5711.41,13309.38,2000,5708.101,13119.79,2000,5678.64,13100.69,2000,5458.705,13215.8,2000,5550.295
13209.7,2000,5712.075,13308.38,2000,5708.519,13118.86,2000,5679.202,13101,2000,5459.745,13215.35,2000,5551.284
13210.53,2000,5712.768,13307.4,2000,5708.969,13117.92,2000,5679.734,13101.33,2000,5460.775,13214.91,2000,5552.272
13211.34,2000,5713.488,13306.43,2000,5709.451,13116.96,2000,5680.234,13101.7,2000,5461.793,13214.47,2000,5553.261
13212.12,2000,5714.234,13305.47,2000,5709.965,13116.01,2000,5680.766,13102.1,2000,5462.799,13214.03,2000,5554.253
13212.88,2000,5715.005,13304.54,2000,5710.51,13115.09,2000,5681.329,13102.54,2000,5463.792,13213.6,2000,5555.245
13213.62,2000,5715.801,13303.62,2000,5711.085,13114.18,2000,5681.921,13103.01,2000,5464.769,13213.16,2000,5556.235
13214.33,2000,5716.62,13302.72,2000,5711.69,13113.29,2000,5682.542,13103.5,2000,5465.73,13212.72,2000,5557.228
13215.01,2000,5717.462,13301.84,2000,5712.324,13112.43,2000,5683.193,13104.03,2000,5466.676,13212.29,2000,5558.22
13215.66,2000,5718.326,13300.99,2000,5712.986,13111.58,2000,5683.871,13104.55,2000,5467.625,13211.86,2000,5559.214
13216.29,2000,5719.211,13300.15,2000,5713.676,13110.76,2000,5684.577,13105.07,2000,5468.577,13211.43,2000,5560.21
13216.88,2000,5720.116,13299.34,2000,5714.393,13109.96,2000,5685.309,13105.59,2000,5469.529,13211,2000,5561.206
13217.45,2000,5721.04,13298.55,2000,5715.136,13109.19,2000,5686.066,13106.1,2000,5470.484,13210.58,2000,5562.202
13217.99,2000,5721.981,13297.79,2000,5715.904,13108.44,2000,5686.849,13106.61,2000,5471.439,13210.16,2000,5563.2
13218.49,2000,5722.94,13297.05,2000,5716.697,13107.71,2000,5687.656,13107.12,2000,5472.396,13209.74,2000,5564.198
13218.96,2000,5723.915,13296.34,2000,5717.514,13107.02,2000,5688.486,13107.62,2000,5473.356,13209.32,2000,5565.197
13219.4,2000,5724.905,13295.65,2000,5718.354,13106.35,2000,5689.339,13108.13,2000,5474.316,13208.9,2000,5566.197
13219.81,2000,5725.908,13295,2000,5719.216,13105.71,2000,5690.213,13108.62,2000,5475.28,13208.48,2000,5567.197
13220.19,2000,5726.925,13294.37,2000,5720.099,13105.1,2000,5691.107,13109.11,2000,5476.243,13208.07,2000,5568.198
13220.53,2000,5727.953,13293.77,2000,5721.001,13104.52,2000,5692.021,13109.6,2000,5477.21,13207.66,2000,5569.2
13220.83,2000,5728.992,13293.2,2000,5721.923,13103.96,2000,5692.954,13110.09,2000,5478.177,13207.25,2000,5570.202
13221.11,2000,5730.04,13292.66,2000,5722.863,13103.44,2000,5693.904,13110.58,2000,5479.145,13206.84,2000,5571.205
13221.35,2000,5731.097,13292.15,2000,5723.82,13102.95,2000,5694.871,13111.06,2000,5480.116,13206.43,2000,5572.21
13221.55,2000,5732.161,13291.68,2000,5724.793,13102.5,2000,5695.853,13111.54,2000,5481.089,13206.03,2000,5573.217
13221.72,2000,5733.23,13291.23,2000,5725.782,13102.07,2000,5696.849,13112.01,2000,5482.063,13205.63,2000,5574.224
13221.85,2000,5734.306,13290.82,2000,5726.784,13101.68,2000,5697.859,13112.48,2000,5483.038,13205.23,2000,5575.229
13221.95,2000,5735.384,13290.44,2000,5727.799,13101.32,2000,5698.881,13112.95,2000,5484.013,13204.84,2000,5576.239
13222.02,2000,5736.466,13290.1,2000,5728.826,13101,2000,5699.914,13113.42,2000,5484.991,13204.44,2000,5577.249
13222.04,2000,5737.549,13289.79,2000,5729.864,13100.7,2000,5700.958,13113.89,2000,5485.968,13204.05,2000,5578.257
13222.04,2000,5738.632,13289.51,2000,5730.911,13100.45,2000,5702.01,13114.35,2000,5486.949,13203.66,2000,5579.268
13221.99,2000,5739.715,13289.27,2000,5731.967,13100.22,2000,5703.07,13114.8,2000,5487.932,13203.27,2000,5580.279
13221.92,2000,5740.795,13289.06,2000,5733.03,13100.04,2000,5704.137,13115.25,2000,5488.917,13202.88,2000,5581.292
13221.8,2000,5741.873,13288.89,2000,5734.099,13099.88,2000,5705.209,13115.7,2000,5489.902,13202.5,2000,5582.304
13221.65,2000,5742.946,13288.75,2000,5735.174,13099.77,2000,5706.286,13116.15,2000,5490.889,13202.12,2000,5583.319
13221.47,2000,5744.014,13288.65,2000,5736.252,13099.69,2000,5707.366,13116.6,2000,5491.876,13201.74,2000,5584.333
13221.25,2000,5745.075,13288.58,2000,5737.333,13099.64,2000,5708.449,13117.04,2000,5492.866,13201.36,2000,5585.35
13221,2000,5746.128,13288.55,2000,5738.417,13099.63,2000,5709.532,13117.48,2000,5493.857,13201,2000,5586.369
13220.71,2000,5747.172,13288.55,2000,5739.5,13099.65,2000,5710.615,13117.92,2000,5494.847,13200.63,2000,5587.388
13220.39,2000,5748.207,13288.59,2000,5740.583,13099.71,2000,5711.697,13118.35,2000,5495.839,13200.26,2000,5588.408
13220.03,2000,5749.23,13288.66,2000,5741.663,13099.81,2000,5712.776,13118.78,2000,5496.832,13199.91,2000,5589.43
13219.65,2000,5750.242,13288.77,2000,5742.741,13099.94,2000,5713.852,13119.21,2000,5497.826,13199.55,2000,5590.453
13219.22,2000,5751.24,13288.92,2000,5743.814,13100.1,2000,5714.922,13119.64,2000,5498.822,13199.19,2000,5591.477
13218.77,2000,5752.224,13289.1,2000,5744.883,13100.3,2000,5715.987,13120.07,2000,5499.817,13198.84,2000,5592.501
13218.29,2000,5753.192,13289.31,2000,5745.945,13100.54,2000,5717.044,13120.49,2000,5500.815,13198.49,2000,5593.525
13217.77,2000,5754.144,13289.56,2000,5746.999,13100.81,2000,5718.094,13120.91,2000,5501.813,13198.14,2000,5594.551
13217.22,2000,5755.079,13289.85,2000,5748.044,13101.11,2000,5719.134,13121.33,2000,5502.812,13197.8,2000,5595.579
13216.64,2000,5755.995,13290.16,2000,5749.08,13101.45,2000,5720.163,13121.74,2000,5503.813,13197.46,2000,5596.607
13216.03,2000,5756.891,13290.52,2000,5750.105,13101.82,2000,5721.181,13122.16,2000,5504.815,13197.12,2000,5597.636
13215.4,2000,5757.768,13290.9,2000,5751.118,13102.22,2000,5722.187,13122.57,2000,5505.817,13196.79,2000,5598.668
13214.73,2000,5758.623,13291.32,2000,5752.117,13102.66,2000,5723.178,13122.98,2000,5506.82,13196.46,2000,5599.7
13214.04,2000,5759.455,13291.77,2000,5753.103,13103.13,2000,5724.154,13123.38,2000,5507.825,13196.13,2000,5600.734
13213.32,2000,5760.265,13292.25,2000,5754.073,13103.63,2000,5725.115,13123.79,2000,5508.831,13195.81,2000,5601.768
13212.57,2000,5761.05,13292.76,2000,5755.026,13104.16,2000,5726.059,13124.19,2000,5509.838,13195.49,2000,5602.804
13211.8,2000,5761.811,13293.31,2000,5755.963,13104.72,2000,5726.985,13124.58,2000,5510.846,13195.18,2000,5603.841
13211,2000,5762.546,13293.88,2000,5756.881,13105.32,2000,5727.892,13124.98,2000,5511.853,13194.87,2000,5604.879
13210.19,2000,5763.255,13294.49,2000,5757.78,13105.94,2000,5728.779,13125.38,2000,5512.861,13194.56,2000,5605.918
13209.34,2000,5763.937,13295.12,2000,5758.658,13106.59,2000,5729.646,13125.77,2000,5513.87,13194.26,2000,5606.959
13208.48,2000,5764.591,13295.79,2000,5759.516,13107.27,2000,5730.49,13126.17,2000,5514.879,13193.96,2000,5608
13207.59,2000,5765.216,13296.48,2000,5760.351,13107.97,2000,5731.312,13126.56,2000,5515.891,13193.67,2000,5609.044
13206.69,2000,5765.812,13297.19,2000,5761.163,13108.71,2000,5732.11,13126.95,2000,5516.901,13193.38,2000,5610.087
13205.77,2000,5766.377,13297.94,2000,5761.951,13109.46,2000,5732.884,13127.33,2000,5517.912,13193.09,2000,5611.131
13204.82,2000,5766.913,13298.7,2000,5762.714,13110.25,2000,5733.633,13127.72,2000,5518.925,13192.81,2000,5612.177
13203.87,2000,5767.417,13299.5,2000,5763.452,13111.05,2000,5734.356,13128.11,2000,5519.937,13192.53,2000,5613.224
13202.92,2000,5767.952,13300.31,2000,5764.164,13111.84,2000,5735.105,13128.49,2000,5520.95,13192.26,2000,5614.272
13202,2000,5768.518,13301.15,2000,5764.848,13112.59,2000,5735.879,13128.87,2000,5521.965,13191.98,2000,5615.321
13201.09,2000,5769.114,13302.01,2000,5765.505,13113.33,2000,5736.677,13129.25,2000,5522.979,13191.72,2000,5616.371
13200.21,2000,5769.739,13302.85,2000,5766.189,13114.03,2000,5737.499,13129.63,2000,5523.995,13191.46,2000,5617.422
13199.35,2000,5770.393,13303.67,2000,5766.901,13114.71,2000,5738.344,13130,2000,5525.012,13191.2,2000,5618.475
13198.5,2000,5771.074,13304.46,2000,5767.639,13115.36,2000,5739.21,13130.37,2000,5526.028,13190.95,2000,5619.528
13197.68,2000,5771.783,13305.23,2000,5768.402,13115.98,2000,5740.097,13130.75,2000,5527.045,13190.7,2000,5620.583
13196.89,2000,5772.519,13305.98,2000,5769.19,13116.58,2000,5741.004,13131.12,2000,5528.064,13190.46,2000,5621.64
13196.12,2000,5773.279,13306.69,2000,5770.002,13117.14,2000,5741.93,13131.49,2000,5529.081,13190.23,2000,5622.697
13195.37,2000,5774.065,13307.38,2000,5770.837,13117.67,2000,5742.874,13131.86,2000,5530.099,13189.99,2000,5623.755
13194.65,2000,5774.875,13308.04,2000,5771.695,13118.17,2000,5743.835,13132.23,2000,5531.118,13189.76,2000,5624.814
13193.96,2000,5775.707,13308.68,2000,5772.573,13118.64,2000,5744.812,13132.59,2000,5532.139,13189.54,2000,5625.875
13193.29,2000,5776.562,13309.28,2000,5773.472,13119.08,2000,5745.803,13132.95,2000,5533.16,13189.32,2000,5626.935
13192.66,2000,5777.438,13309.86,2000,5774.39,13119.48,2000,5746.808,13133.31,2000,5534.181,13189.1,2000,5627.996
13192.05,2000,5778.335,13310.4,2000,5775.327,13119.85,2000,5747.826,13133.67,2000,5535.203,13188.89,2000,5629.059
13191.47,2000,5779.251,13310.92,2000,5776.28,13120.19,2000,5748.855,13134.03,2000,5536.225,13188.68,2000,5630.121
13190.92,2000,5780.186,13311.4,2000,5777.25,13120.49,2000,5749.896,13134.39,2000,5537.249,13188.47,2000,5631.185
13190.4,2000,5781.138,13311.85,2000,5778.236,13120.76,2000,5750.945,13134.74,2000,5538.273,13188.27,2000,5632.249
13189.92,2000,5782.106,13312.27,2000,5779.235,13121,2000,5752.002,13135.09,2000,5539.298,13188.07,2000,5633.314
13189.46,2000,5783.09,13312.65,2000,5780.248,13121.2,2000,5753.067,13135.44,2000,5540.323,13187.87,2000,5634.379
13189.04,2000,5784.088,13313,2000,5781.273,13121.36,2000,5754.138,13135.79,2000,5541.349,13187.68,2000,5635.446
13188.66,2000,5785.099,13313.32,2000,5782.309,13121.49,2000,5755.213,13136.13,2000,5542.376,13187.5,2000,5636.513
13188.3,2000,5786.123,13313.61,2000,5783.354,13121.59,2000,5756.292,13136.47,2000,5543.405,13187.31,2000,5637.581
13187.98,2000,5787.157,13313.86,2000,5784.408,13121.65,2000,5757.374,13136.81,2000,5544.433,13187.13,2000,5638.648
13187.69,2000,5788.202,13314.07,2000,5785.47,13121.67,2000,5758.457,13137.15,2000,5545.463,13186.96,2000,5639.717
13187.44,2000,5789.255,13314.25,2000,5786.539,13121.66,2000,5759.541,13137.49,2000,5546.493,13186.78,2000,5640.786
13187.22,2000,5790.316,13314.39,2000,5787.612,13121.61,2000,5760.623,13137.82,2000,5547.524,13186.61,2000,5641.855
13187.04,2000,5791.384,13314.5,2000,5788.69,13121.53,2000,5761.703,13138.15,2000,5548.557,13186.43,2000,5642.924
13186.89,2000,5792.457,13314.58,2000,5789.771,13121.41,2000,5762.78,13138.47,2000,5549.589,13186.27,2000,5643.995
13186.77,2000,5793.534,13314.62,2000,5790.853,13121.26,2000,5763.853,13138.8,2000,5550.622,13186.11,2000,5645.066
13186.7,2000,5794.615,13314.62,2000,5791.937,13121.07,2000,5764.92,13139.13,2000,5551.655,13185.94,2000,5646.137
13186.65,2000,5795.697,13314.59,2000,5793.02,13120.85,2000,5765.98,13139.45,2000,5552.689,13185.79,2000,5647.208
13186.65,2000,5796.781,13314.52,2000,5794.101,13120.59,2000,5767.032,13139.77,2000,5553.725,13185.63,2000,5648.28
13186.67,2000,5797.864,13314.42,2000,5795.179,13120.3,2000,5768.076,13140.08,2000,5554.761,13185.48,2000,5649.353
13186.74,2000,5798.945,13314.28,2000,5796.254,13119.98,2000,5769.109,13140.39,2000,5555.799,13185.33,2000,5650.426
13186.84,2000,5800.024,13314.11,2000,5797.323,13119.62,2000,5770.131,13140.71,2000,5556.836,13185.18,2000,5651.499
13186.97,2000,5801.099,13313.9,2000,5798.386,13119.23,2000,5771.141,13141.02,2000,5557.874,13185.03,2000,5652.573
13187.14,2000,5802.169,13313.66,2000,5799.442,13118.8,2000,5772.137,13141.32,2000,5558.913,13184.89,2000,5653.646
13187.34,2000,5803.233,13313.38,2000,5800.489,13118.34,2000,5773.119,13141.63,2000,5559.953,13184.74,2000,5654.72
13187.58,2000,5804.29,13313.07,2000,5801.527,13117.86,2000,5774.085,13141.93,2000,5560.992,13184.6,2000,5655.794
13187.86,2000,5805.338,13312.72,2000,5802.554,13117.33,2000,5775.036,13142.23,2000,5562.034,13184.46,2000,5656.868
13188.16,2000,5806.376,13312.35,2000,5803.569,13116.78,2000,5775.968,13142.53,2000,5563.076,13184.33,2000,5657.943
13188.5,2000,5807.405,13311.94,2000,5804.571,13116.2,2000,5776.882,13142.82,2000,5564.119,13184.2,2000,5659.019
13188.88,2000,5808.421,13311.49,2000,5805.56,13115.59,2000,5777.777,13143.11,2000,5565.162,13184.06,2000,5660.093
13189.29,2000,5809.425,13311.02,2000,5806.533,13114.95,2000,5778.651,13143.4,2000,5566.207,13183.93,2000,5661.169
13189.73,2000,5810.415,13310.51,2000,5807.49,13114.28,2000,5779.503,13143.69,2000,5567.25,13183.8,2000,5662.244
13190.2,2000,5811.39,13309.97,2000,5808.43,13113.58,2000,5780.333,13143.97,2000,5568.296,13183.67,2000,5663.319
13190.7,2000,5812.349,13309.4,2000,5809.352,13112.86,2000,5781.141,13144.25,2000,5569.343,13183.54,2000,5664.396
13191.24,2000,5813.291,13308.8,2000,5810.254,13112.11,2000,5781.923,13144.53,2000,5570.391,13183.42,2000,5665.472
13191.8,2000,5814.214,13308.17,2000,5811.137,13111.34,2000,5782.681,13144.8,2000,5571.438,13183.29,2000,5666.548
13192.4,2000,5815.119,13307.52,2000,5811.999,13110.54,2000,5783.414,13145.08,2000,5572.486,13183.17,2000,5667.624
13193.03,2000,5816.004,13306.83,2000,5812.839,13109.72,2000,5784.119,13145.35,2000,5573.535,13183.04,2000,5668.7
13193.68,2000,5816.868,13306.12,2000,5813.656,13108.87,2000,5784.797,13145.62,2000,5574.583,13182.92,2000,5669.777
13194.36,2000,5817.71,13305.38,2000,5814.449,13108.01,2000,5785.448,13145.88,2000,5575.633,13182.8,2000,5670.854
13195.07,2000,5818.529,13304.62,2000,5815.217,13107.12,2000,5786.069,13146.15,2000,5576.684,13182.69,2000,5671.931
13195.8,2000,5819.325,13303.83,2000,5815.96,13106.21,2000,5786.662,13146.41,2000,5577.735,13182.57,2000,5673.008
13196.57,2000,5820.096,13303.02,2000,5816.677,13105.29,2000,5787.224,13146.67,2000,5578.787,13182.45,2000,5674.085
13197.35,2000,5820.842,13302.18,2000,5817.367,13104.34,2000,5787.756,13146.93,2000,5579.839,13182.34,2000,5675.163
13198.16,2000,5821.562,13301.33,2000,5818.029,13103.38,2000,5788.256,13147.18,2000,5580.891,13182.23,2000,5676.24
13198.99,2000,5822.255,13300.45,2000,5818.663,13102.44,2000,5788.788,13147.44,2000,5581.945,13182.12,2000,5677.317
13199.85,2000,5822.92,13299.55,2000,5819.268,13101.51,2000,5789.351,13147.68,2000,5583,13182.01,2000,5678.395
13200.68,2000,5823.613,13298.67,2000,5819.902,13100.6,2000,5789.943,13147.93,2000,5584.055,13181.9,2000,5679.473
13201.49,2000,5824.333,13297.81,2000,5820.564,13099.72,2000,5790.564,13148.17,2000,5585.11,13181.79,2000,5680.551
13202.28,2000,5825.079,13296.98,2000,5821.254,13098.85,2000,5791.215,13148.41,2000,5586.167,13181.69,2000,5681.629
13203.04,2000,5825.85,13296.16,2000,5821.971,13098.01,2000,5791.893,13148.65,2000,5587.223,13181.58,2000,5682.708
13203.77,2000,5826.646,13295.38,2000,5822.714,13097.18,2000,5792.599,13148.89,2000,5588.28,13181.48,2000,5683.786
13204.48,2000,5827.465,13294.61,2000,5823.482,13096.38,2000,5793.331,13149.09,2000,5589.345,13181.42,2000,5684.868
13205.16,2000,5828.308,13293.87,2000,5824.275,13095.61,2000,5794.089,13149.26,2000,5590.415,13181.39,2000,5685.951
13205.82,2000,5829.171,13293.16,2000,5825.092,13094.86,2000,5794.872,13149.39,2000,5591.49,13181.39,2000,5687.034
13206.44,2000,5830.056,13292.48,2000,5825.932,13094.14,2000,5795.679,13149.53,2000,5592.564,13181.43,2000,5688.117
13207.04,2000,5830.961,13291.82,2000,5826.794,13093.44,2000,5796.509,13149.68,2000,5593.637,13181.51,2000,5689.197
13207.6,2000,5831.885,13291.19,2000,5827.677,13092.77,2000,5797.361,13149.83,2000,5594.709,13181.61,2000,5690.276
13208.14,2000,5832.827,13290.59,2000,5828.58,13092.13,2000,5798.235,13149.99,2000,5595.781,13181.7,2000,5691.355
13208.64,2000,5833.786,13290.03,2000,5829.501,13091.52,2000,5799.13,13150.15,2000,5596.853,13181.8,2000,5692.435
13209.11,2000,5834.76,13289.49,2000,5830.441,13090.94,2000,5800.044,13150.31,2000,5597.924,13181.89,2000,5693.514
13209.55,2000,5835.75,13288.98,2000,5831.398,13090.39,2000,5800.977,13150.47,2000,5598.996,13181.98,2000,5694.593
13209.96,2000,5836.754,13288.5,2000,5832.372,13089.87,2000,5801.927,13150.63,2000,5600.067,13182.08,2000,5695.673
13210.34,2000,5837.771,13288.06,2000,5833.36,13089.38,2000,5802.893,13150.79,2000,5601.14,13182.17,2000,5696.752
13210.68,2000,5838.799,13287.65,2000,5834.362,13088.92,2000,5803.875,13150.95,2000,5602.211,13182.26,2000,5697.832
13210.99,2000,5839.837,13287.27,2000,5835.377,13088.5,2000,5804.872,13151.1,2000,5603.284,13182.34,2000,5698.911
13211.26,2000,5840.886,13286.92,2000,5836.404,13088.1,2000,5805.881,13151.25,2000,5604.357,13182.43,2000,5699.991
13211.5,2000,5841.942,13286.61,2000,5837.442,13087.74,2000,5806.903,13151.4,2000,5605.43,13182.51,2000,5701.071
13211.7,2000,5843.006,13286.34,2000,5838.489,13087.42,2000,5807.937,13151.55,2000,5606.502,13182.6,2000,5702.151
13211.87,2000,5844.076,13286.09,2000,5839.545,13087.13,2000,5808.98,13151.7,2000,5607.575,13182.69,2000,5703.231
13212,2000,5845.151,13285.89,2000,5840.608,13086.87,2000,5810.032,13151.85,2000,5608.648,13182.77,2000,5704.311
13212.1,2000,5846.23,13285.71,2000,5841.677,13086.65,2000,5811.092,13152,2000,5609.721,13182.85,2000,5705.391
13212.17,2000,5847.312,13285.58,2000,5842.752,13086.46,2000,5812.159,13152.15,2000,5610.794,13182.93,2000,5706.471
13212.2,2000,5848.395,13285.47,2000,5843.831,13086.31,2000,5813.232,13152.29,2000,5611.869,13183.01,2000,5707.552
13212.19,2000,5849.478,13285.41,2000,5844.912,13086.19,2000,5814.309,13152.44,2000,5612.942,13183.09,2000,5708.632
13212.14,2000,5850.561,13285.37,2000,5845.995,13086.11,2000,5815.389,13152.58,2000,5614.017,13183.17,2000,5709.712
13212.07,2000,5851.641,13285.38,2000,5847.078,13086.06,2000,5816.472,13152.72,2000,5615.09,13183.26,2000,5710.792
13211.95,2000,5852.718,13285.42,2000,5848.161,13086.05,2000,5817.555,13152.87,2000,5616.164,13183.34,2000,5711.873
13211.8,2000,5853.792,13285.49,2000,5849.241,13086.08,2000,5818.638,13153.01,2000,5617.238,13183.41,2000,5712.954
13211.62,2000,5854.859,13285.6,2000,5850.319,13086.13,2000,5819.72,13153.15,2000,5618.313,13183.49,2000,5714.034
13211.4,2000,5855.92,13285.74,2000,5851.393,13086.23,2000,5820.799,13153.28,2000,5619.387,13183.56,2000,5715.115
13211.15,2000,5856.974,13285.92,2000,5852.461,13086.36,2000,5821.875,13153.42,2000,5620.461,13183.63,2000,5716.196
13210.86,2000,5858.018,13286.14,2000,5853.523,13086.52,2000,5822.945,13153.56,2000,5621.536,13183.71,2000,5717.276
13210.54,2000,5859.053,13286.39,2000,5854.577,13086.72,2000,5824.01,13153.7,2000,5622.611,13183.78,2000,5718.357
13210.19,2000,5860.076,13286.67,2000,5855.623,13086.96,2000,5825.067,13153.83,2000,5623.686,13183.86,2000,5719.438
13209.8,2000,5861.087,13286.99,2000,5856.658,13087.23,2000,5826.117,13153.98,2000,5624.76,13183.93,2000,5720.519
13209.38,2000,5862.085,13287.34,2000,5857.683,13087.53,2000,5827.157,13154.11,2000,5625.835,13184,2000,5721.6
13208.92,2000,5863.069,13287.73,2000,5858.696,13087.87,2000,5828.186,13154.24,2000,5626.911,13184.07,2000,5722.681
13208.44,2000,5864.038,13288.14,2000,5859.695,13088.24,2000,5829.204,13154.38,2000,5627.986,13184.14,2000,5723.762
13207.92,2000,5864.99,13288.59,2000,5860.681,13088.65,2000,5830.209,13154.51,2000,5629.061,13184.21,2000,5724.843
13207.37,2000,5865.924,13289.08,2000,5861.651,13089.08,2000,5831.201,13154.64,2000,5630.136,13184.28,2000,5725.924
13206.79,2000,5866.84,13289.59,2000,5862.604,13089.55,2000,5832.177,13154.78,2000,5631.21,13184.35,2000,5727.005
13206.18,2000,5867.737,13290.14,2000,5863.541,13090.05,2000,5833.138,13154.92,2000,5632.285,13184.43,2000,5728.086
13205.55,2000,5868.613,13290.71,2000,5864.459,13090.58,2000,5834.082,13155.05,2000,5633.36,13184.5,2000,5729.167
13204.88,2000,5869.468,13291.32,2000,5865.358,13091.15,2000,5835.008,13155.18,2000,5634.435,13184.57,2000,5730.249
13204.19,2000,5870.301,13291.95,2000,5866.236,13091.74,2000,5835.915,13155.32,2000,5635.51,13184.64,2000,5731.33
13203.47,2000,5871.11,13292.61,2000,5867.094,13092.36,2000,5836.802,13155.45,2000,5636.585,13184.71,2000,5732.411
13202.72,2000,5871.896,13293.3,2000,5867.929,13093.01,2000,5837.668,13155.58,2000,5637.66,13184.78,2000,5733.492
13201.95,2000,5872.657,13294.02,2000,5868.741,13093.69,2000,5838.513,13155.72,2000,5638.735,13184.84,2000,5734.573
13201.16,2000,5873.392,13294.76,2000,5869.529,13094.4,2000,5839.335,13155.86,2000,5639.81,13184.91,2000,5735.654
13200.34,2000,5874.101,13295.53,2000,5870.292,13095.13,2000,5840.133,13155.99,2000,5640.885,13184.98,2000,5736.735
13199.5,2000,5874.783,13296.32,2000,5871.03,13095.89,2000,5840.907,13156.13,2000,5641.96,13185.05,2000,5737.816
13198.63,2000,5875.437,13297.14,2000,5871.742,13096.67,2000,5841.656,13156.26,2000,5643.035,13185.12,2000,5738.897
13197.75,2000,5876.062,13297.98,2000,5872.426,13097.48,2000,5842.379,13156.4,2000,5644.109,13185.19,2000,5739.978
13196.84,2000,5876.657,13298.8,2000,5873.138,13098.31,2000,5843.075,13156.54,2000,5645.184,13185.26,2000,5741.059
13195.92,2000,5877.223,13299.59,2000,5873.875,13099.16,2000,5843.744,13156.68,2000,5646.258,13185.33,2000,5742.14
13194.98,2000,5877.758,13300.36,2000,5874.639,13100.03,2000,5844.384,13156.82,2000,5647.333,13185.39,2000,5743.221
13194.02,2000,5878.263,13301.1,2000,5875.427,13100.93,2000,5844.995,13156.95,2000,5648.408,13185.46,2000,5744.303
13193.08,2000,5878.798,13301.82,2000,5876.239,13101.8,2000,5845.635,13157.09,2000,5649.482,13185.52,2000,5745.384
13192.15,2000,5879.364,13302.51,2000,5877.074,13102.65,2000,5846.304,13157.22,2000,5650.557,13185.59,2000,5746.466
13191.25,2000,5879.959,13303.17,2000,5877.932,13103.48,2000,5847,13157.36,2000,5651.632,13185.64,2000,5747.547
13190.36,2000,5880.584,13303.8,2000,5878.81,13104.29,2000,5847.723,13157.46,2000,5652.71,13185.74,2000,5748.626
13189.5,2000,5881.238,13304.41,2000,5879.709,13105.07,2000,5848.472,13157.52,2000,5653.792,13185.87,2000,5749.702
13188.66,2000,5881.92,13304.98,2000,5880.627,13105.83,2000,5849.246,13157.62,2000,5654.871,13185.96,2000,5750.781
13187.84,2000,5882.629,13305.53,2000,5881.563,13106.56,2000,5850.044,13157.76,2000,5655.945,13186.02,2000,5751.863
13187.04,2000,5883.364,13306.04,2000,5882.517,13107.27,2000,5850.866,13157.86,2000,5657.024,13186.11,2000,5752.942
13186.27,2000,5884.125,13306.52,2000,5883.487,13107.95,2000,5851.71,13157.92,2000,5658.105,13186.24,2000,5754.018
13185.52,2000,5884.911,13306.97,2000,5884.473,13108.6,2000,5852.577,13158.03,2000,5659.184,13186.34,2000,5755.097
13184.8,2000,5885.72,13307.39,2000,5885.472,13109.22,2000,5853.464,13158.16,2000,5660.259,13186.4,2000,5756.178
13184.11,2000,5886.553,13307.78,2000,5886.485,13109.81,2000,5854.371,13158.26,2000,5661.337,13186.49,2000,5757.257
13183.44,2000,5887.408,13308.13,2000,5887.51,13110.38,2000,5855.297,13158.33,2000,5662.419,13186.62,2000,5758.333
13182.81,2000,5888.284,13308.45,2000,5888.545,13110.91,2000,5856.241,13158.43,2000,5663.498,13186.71,2000,5759.412
13182.2,2000,5889.181,13308.73,2000,5889.591,13111.41,2000,5857.202,13158.49,2000,5664.579,13186.84,2000,5760.488
13181.62,2000,5890.097,13308.98,2000,5890.645,13111.88,2000,5858.178,13158.59,2000,5665.658,13186.94,2000,5761.567
13181.07,2000,5891.031,13309.2,2000,5891.707,13112.32,2000,5859.169,13158.73,2000,5666.732,13187,2000,5762.648
13180.56,2000,5891.983,13309.38,2000,5892.775,13112.72,2000,5860.175,13158.83,2000,5667.811,13187.09,2000,5763.728
13180.07,2000,5892.952,13309.52,2000,5893.849,13113.09,2000,5861.193,13158.89,2000,5668.893,13187.22,2000,5764.803
13179.62,2000,5893.936,13309.63,2000,5894.927,13113.43,2000,5862.222,13158.99,2000,5669.971,13187.31,2000,5765.882
13179.2,2000,5894.934,13309.7,2000,5896.007,13113.73,2000,5863.262,13159.13,2000,5671.046,13187.37,2000,5766.964
13178.81,2000,5895.945,13309.74,2000,5897.09,13114,2000,5864.312,13159.23,2000,5672.125,13187.47,2000,5768.043
13178.45,2000,5896.968,13309.75,2000,5898.173,13114.24,2000,5865.369,13159.29,2000,5673.206,13187.6,2000,5769.119
13178.13,2000,5898.003,13309.71,2000,5899.256,13114.44,2000,5866.434,13159.39,2000,5674.285,13187.69,2000,5770.198
13177.84,2000,5899.047,13309.65,2000,5900.337,13114.6,2000,5867.504,13159.46,2000,5675.366,13187.82,2000,5771.273
13177.59,2000,5900.101,13309.54,2000,5901.416,13114.73,2000,5868.58,13159.56,2000,5676.445,13187.91,2000,5772.353
13177.37,2000,5901.162,13309.41,2000,5902.491,13114.83,2000,5869.659,13159.7,2000,5677.52,13187.97,2000,5773.434
13177.19,2000,5902.229,13309.23,2000,5903.56,13114.89,2000,5870.741,13159.8,2000,5678.598,13188.07,2000,5774.513
13177.04,2000,5903.303,13309.03,2000,5904.623,13114.91,2000,5871.824,13159.86,2000,5679.68,13188.2,2000,5775.589
13176.93,2000,5904.38,13308.78,2000,5905.679,13114.9,2000,5872.907,13159.96,2000,5680.758,13188.29,2000,5776.668
13176.85,2000,5905.46,13308.51,2000,5906.726,13114.85,2000,5873.99,13160.1,2000,5681.833,13188.35,2000,5777.75
13176.8,2000,5906.543,13308.19,2000,5907.764,13114.77,2000,5875.07,13160.2,2000,5682.912,13188.44,2000,5778.829
13176.8,2000,5907.626,13307.85,2000,5908.791,13114.65,2000,5876.147,13160.26,2000,5683.993,13188.57,2000,5779.904
13176.83,2000,5908.709,13307.47,2000,5909.806,13114.5,2000,5877.22,13160.36,2000,5685.072,13188.67,2000,5780.983
13176.89,2000,5909.791,13307.06,2000,5910.808,13114.31,2000,5878.287,13160.49,2000,5686.147,13188.72,2000,5782.065
13176.99,2000,5910.87,13306.62,2000,5911.796,13114.09,2000,5879.347,13160.59,2000,5687.226,13188.82,2000,5783.144
13177.12,2000,5911.945,13306.14,2000,5912.77,13113.83,2000,5880.399,13160.65,2000,5688.308,13188.95,2000,5784.22
13177.29,2000,5913.015,13305.63,2000,5913.727,13113.54,2000,5881.442,13160.68,2000,5689.391,13189.11,2000,5785.291
13177.49,2000,5914.079,13305.09,2000,5914.667,13113.22,2000,5882.476,13160.74,2000,5690.472,13189.24,2000,5786.366
13177.73,2000,5915.135,13304.52,2000,5915.588,13112.86,2000,5883.498,13160.84,2000,5691.551,13189.33,2000,5787.445
13178.01,2000,5916.184,13303.93,2000,5916.491,13112.46,2000,5884.507,13160.97,2000,5692.627,13189.39,2000,5788.527
13178.31,2000,5917.222,13303.3,2000,5917.374,13112.04,2000,5885.504,13161.09,2000,5693.704,13189.42,2000,5789.61
13178.66,2000,5918.25,13302.64,2000,5918.236,13111.58,2000,5886.486,13161.2,2000,5694.781,13189.43,2000,5790.693
13179.03,2000,5919.267,13301.96,2000,5919.076,13111.09,2000,5887.452,13161.28,2000,5695.862,13189.49,2000,5791.775
13179.44,2000,5920.271,13301.25,2000,5919.893,13110.57,2000,5888.402,13161.32,2000,5696.944,13189.57,2000,5792.854
13179.88,2000,5921.261,13300.51,2000,5920.686,13110.02,2000,5889.335,13161.33,2000,5698.028,13189.69,2000,5793.931
13180.35,2000,5922.235,13299.74,2000,5921.454,13109.44,2000,5890.249,13161.37,2000,5699.11,13189.78,2000,5795.01
13180.86,2000,5923.194,13298.96,2000,5922.197,13108.83,2000,5891.144,13161.44,2000,5700.191,13189.83,2000,5796.092
13181.39,2000,5924.136,13298.14,2000,5922.914,13108.19,2000,5892.018,13161.55,2000,5701.269,13189.85,2000,5797.175
13181.96,2000,5925.06,13297.31,2000,5923.604,13107.52,2000,5892.87,13161.63,2000,5702.35,13189.9,2000,5798.257
13182.55,2000,5925.965,13296.45,2000,5924.266,13106.82,2000,5893.7,13161.66,2000,5703.433,13189.99,2000,5799.337
13183.18,2000,5926.85,13295.57,2000,5924.9,13106.1,2000,5894.507,13161.67,2000,5704.516,13190.11,2000,5800.413
13183.83,2000,5927.713,13294.67,2000,5925.505,13105.35,2000,5895.29,13161.7,2000,5705.599,13190.2,2000,5801.493
13184.51,2000,5928.556,13293.75,2000,5926.08,13104.58,2000,5896.048,13161.78,2000,5706.68,13190.25,2000,5802.575
13185.22,2000,5929.375,13292.82,2000,5926.625,13103.78,2000,5896.78,13161.88,2000,5707.758,13190.27,2000,5803.658
13185.96,2000,5930.171,13291.86,2000,5927.139,13102.96,2000,5897.486,13161.98,2000,5708.837,13190.27,2000,5804.741
13186.72,2000,5930.942,13290.89,2000,5927.621,13102.11,2000,5898.164,13162.04,2000,5709.918,13190.32,2000,5805.824
13187.5,2000,5931.688,13289.91,2000,5928.071,13101.24,2000,5898.814,13162.07,2000,5711.001,13190.39,2000,5806.904
13188.31,2000,5932.408,13288.91,2000,5928.489,13100.36,2000,5899.436,13162.06,2000,5712.085,13190.51,2000,5807.981
13189.14,2000,5933.101,13287.9,2000,5928.874,13099.45,2000,5900.028,13162.09,2000,5713.168,13190.58,2000,5809.062
13189.95,2000,5933.82,13286.9,2000,5929.292,13098.52,2000,5900.591,13162.15,2000,5714.25,13190.63,2000,5810.145
13190.74,2000,5934.566,13285.91,2000,5929.742,13097.58,2000,5901.123,13162.25,2000,5715.329,13190.63,2000,5811.228
13191.5,2000,5935.337,13284.94,2000,5930.225,13096.62,2000,5901.623,13162.34,2000,5716.408,13190.63,2000,5812.312
13192.24,2000,5936.133,13283.99,2000,5930.738,13095.67,2000,5902.155,13162.39,2000,5717.49,13190.67,2000,5813.395
13192.94,2000,5936.953,13283.05,2000,5931.283,13094.75,2000,5902.717,13162.41,2000,5718.573,13190.74,2000,5814.476
13193.63,2000,5937.795,13282.13,2000,5931.858,13093.84,2000,5903.31,13162.39,2000,5719.656,13190.84,2000,5815.554
13194.28,2000,5938.659,13281.24,2000,5932.463,13092.96,2000,5903.931,13162.41,2000,5720.739,13190.91,2000,5816.635
13194.9,2000,5939.543,13280.36,2000,5933.097,13092.09,2000,5904.582,13162.47,2000,5721.821,13190.94,2000,5817.718
13195.5,2000,5940.448,13279.5,2000,5933.759,13091.24,2000,5905.26,13162.56,2000,5722.901,13190.94,2000,5818.801
13196.07,2000,5941.372,13278.67,2000,5934.449,13090.42,2000,5905.965,13162.63,2000,5723.981,13190.93,2000,5819.885
13196.6,2000,5942.314,13277.85,2000,5935.166,13089.62,2000,5906.698,13162.67,2000,5725.064,13190.96,2000,5820.968
13197.1,2000,5943.273,13277.06,2000,5935.909,13088.85,2000,5907.456,13162.67,2000,5726.147,13191.02,2000,5822.049
13197.58,2000,5944.248,13276.3,2000,5936.678,13088.1,2000,5908.238,13162.71,2000,5727.23,13191.05,2000,5823.132
13198.02,2000,5945.237,13275.56,2000,5937.471,13087.38,2000,5909.045,13162.79,2000,5728.311,13191.04,2000,5824.216
13198.43,2000,5946.241,13274.85,2000,5938.288,13086.68,2000,5909.875,13162.82,2000,5729.393,13191.07,2000,5825.299
13198.8,2000,5947.258,13274.17,2000,5939.127,13086.01,2000,5910.728,13162.83,2000,5730.477,13191.13,2000,5826.38
13199.14,2000,5948.286,13273.51,2000,5939.989,13085.37,2000,5911.602,13162.79,2000,5731.56,13191.23,2000,5827.459
13199.45,2000,5949.325,13272.88,2000,5940.872,13084.76,2000,5912.497,13162.8,2000,5732.643,13191.29,2000,5828.541
13199.72,2000,5950.373,13272.28,2000,5941.775,13084.18,2000,5913.411,13162.84,2000,5733.726,13191.32,2000,5829.624
13199.96,2000,5951.43,13271.71,2000,5942.697,13083.63,2000,5914.343,13162.91,2000,5734.806,13191.31,2000,5830.708
13200.17,2000,5952.494,13271.17,2000,5943.637,13083.11,2000,5915.293,13162.98,2000,5735.888,13191.29,2000,5831.791
13200.33,2000,5953.563,13270.67,2000,5944.594,13082.62,2000,5916.26,13163.01,2000,5736.971,13191.31,2000,5832.874
13200.47,2000,5954.639,13270.19,2000,5945.567,13082.16,2000,5917.242,13163,2000,5738.054,13191.36,2000,5833.956
13200.57,2000,5955.717,13269.75,2000,5946.555,13081.73,2000,5918.238,13163.03,2000,5739.137,13191.37,2000,5835.039
13200.63,2000,5956.799,13269.34,2000,5947.558,13081.34,2000,5919.248,13163.03,2000,5740.221,13191.42,2000,5836.121
13200.66,2000,5957.882,13268.96,2000,5948.573,13080.98,2000,5920.27,13163.06,2000,5741.304,13191.43,2000,5837.204
13200.65,2000,5958.965,13268.61,2000,5949.6,13080.66,2000,5921.303,13163.12,2000,5742.385,13191.41,2000,5838.287
13200.61,2000,5960.048,13268.3,2000,5950.637,13080.37,2000,5922.347,13163.15,2000,5743.468,13191.42,2000,5839.37
13200.53,2000,5961.128,13268.02,2000,5951.685,13080.11,2000,5923.399,13163.14,2000,5744.552,13191.47,2000,5840.452
13200.42,2000,5962.206,13267.78,2000,5952.74,13079.89,2000,5924.459,13163.1,2000,5745.634,13191.56,2000,5841.532
13200.27,2000,5963.279,13267.57,2000,5953.803,13079.7,2000,5925.526,13163.09,2000,5746.718,13191.61,2000,5842.614
13200.08,2000,5964.347,13267.4,2000,5954.873,13079.55,2000,5926.599,13163.12,2000,5747.801,13191.62,2000,5843.697
13199.87,2000,5965.408,13267.26,2000,5955.947,13079.43,2000,5927.676,13163.18,2000,5748.882,13191.6,2000,5844.78
13199.61,2000,5966.461,13267.16,2000,5957.026,13079.35,2000,5928.756,13163.23,2000,5749.964,13191.56,2000,5845.862
13199.33,2000,5967.505,13267.09,2000,5958.107,13079.3,2000,5929.838,13163.25,2000,5751.047,13191.55,2000,5846.946
13199,2000,5968.54,13267.06,2000,5959.19,13079.29,2000,5930.922,13163.23,2000,5752.13,13191.58,2000,5848.029
13198.65,2000,5969.563,13267.07,2000,5960.273,13079.31,2000,5932.005,13163.24,2000,5753.213,13191.58,2000,5849.112
13198.26,2000,5970.575,13267.1,2000,5961.356,13079.37,2000,5933.086,13163.22,2000,5754.296,13191.6,2000,5850.195
13197.84,2000,5971.573,13267.18,2000,5962.437,13079.47,2000,5934.166,13163.24,2000,5755.379,13191.6,2000,5851.279
13197.39,2000,5972.557,13267.29,2000,5963.514,13079.6,2000,5935.241,13163.29,2000,5756.461,13191.56,2000,5852.361
13196.9,2000,5973.525,13267.43,2000,5964.588,13079.76,2000,5936.312,13163.3,2000,5757.544,13191.55,2000,5853.445
13196.38,2000,5974.477,13267.61,2000,5965.656,13079.96,2000,5937.376,13163.28,2000,5758.627,13191.58,2000,5854.528
13195.83,2000,5975.412,13267.83,2000,5966.718,13080.2,2000,5938.434,13163.23,2000,5759.709,13191.65,2000,5855.609
13195.26,2000,5976.328,13268.08,2000,5967.772,13080.47,2000,5939.483,13163.21,2000,5760.792,13191.68,2000,5856.692
13194.65,2000,5977.224,13268.36,2000,5968.818,13080.77,2000,5940.523,13163.22,2000,5761.875,13191.67,2000,5857.776
13194.01,2000,5978.101,13268.68,2000,5969.854,13081.11,2000,5941.553,13163.27,2000,5762.958,13191.63,2000,5858.858
13193.35,2000,5978.956,13269.03,2000,5970.878,13081.48,2000,5942.571,13163.32,2000,5764.04,13191.57,2000,5859.94
13192.65,2000,5979.788,13269.42,2000,5971.891,13081.88,2000,5943.576,13163.33,2000,5765.124,13191.55,2000,5861.023
13191.93,2000,5980.598,13269.83,2000,5972.891,13082.32,2000,5944.567,13163.3,2000,5766.207,13191.57,2000,5862.106
13191.19,2000,5981.383,13270.28,2000,5973.876,13082.79,2000,5945.544,13163.24,2000,5767.288,13191.62,2000,5863.188
13190.42,2000,5982.144,13270.77,2000,5974.846,13083.29,2000,5946.505,13163.21,2000,5768.371,13191.64,2000,5864.271
13189.62,2000,5982.879,13271.28,2000,5975.8,13083.82,2000,5947.449,13163.22,2000,5769.455,13191.62,2000,5865.354
13188.8,2000,5983.588,13271.82,2000,5976.736,13084.38,2000,5948.375,13163.26,2000,5770.537,13191.56,2000,5866.437
13187.96,2000,5984.27,13272.4,2000,5977.654,13084.98,2000,5949.282,13163.27,2000,5771.621,13191.54,2000,5867.52
13187.09,2000,5984.924,13273,2000,5978.553,13085.6,2000,5950.169,13163.24,2000,5772.704,13191.56,2000,5868.603
13186.21,2000,5985.549,13273.64,2000,5979.432,13086.25,2000,5951.035,13163.18,2000,5773.785,13191.61,2000,5869.685
13185.3,2000,5986.145,13274.3,2000,5980.289,13086.93,2000,5951.88,13163.15,2000,5774.868,13191.62,2000,5870.768
13184.38,2000,5986.71,13274.99,2000,5981.124,13087.63,2000,5952.702,13163.16,2000,5775.952,13191.6,2000,5871.851
13183.44,2000,5987.246,13275.71,2000,5981.936,13088.37,2000,5953.5,13163.2,2000,5777.034,13191.55,2000,5872.933
13182.48,2000,5987.75,13276.45,2000,5982.724,13089.13,2000,5954.274,13163.21,2000,5778.118,13191.53,2000,5874.016
13181.54,2000,5988.285,13277.22,2000,5983.488,13089.86,2000,5955.072,13163.18,2000,5779.201,13191.54,2000,5875.099
13180.62,2000,5988.851,13278.01,2000,5984.226,13090.56,2000,5955.894,13163.19,2000,5780.284,13191.52,2000,5876.182
13179.71,2000,5989.447,13278.83,2000,5984.937,13091.24,2000,5956.739,13163.16,2000,5781.367,13191.54,2000,5877.265
13178.83,2000,5990.072,13279.67,2000,5985.622,13091.89,2000,5957.605,13163.17,2000,5782.451,13191.52,2000,5878.348
13177.96,2000,5990.726,13280.48,2000,5986.333,13092.51,2000,5958.492,13163.14,2000,5783.534,13191.54,2000,5879.431
13177.12,2000,5991.407,13281.28,2000,5987.071,13093.11,2000,5959.399,13163.15,2000,5784.617,13191.52,2000,5880.514
13176.3,2000,5992.116,13282.05,2000,5987.834,13093.67,2000,5960.325,13163.2,2000,5785.7,13191.46,2000,5881.596
13175.5,2000,5992.852,13282.79,2000,5988.623,13094.2,2000,5961.269,13163.2,2000,5786.783,13191.44,2000,5882.679
13174.73,2000,5993.612,13283.51,2000,5989.435,13094.7,2000,5962.23,13163.18,2000,5787.866,13191.46,2000,5883.762
13173.99,2000,5994.398,13284.2,2000,5990.27,13095.17,2000,5963.207,13163.11,2000,5788.948,13191.51,2000,5884.844
13173.27,2000,5995.208,13284.86,2000,5991.127,13095.61,2000,5964.198,13163.09,2000,5790.031,13191.52,2000,5885.927
13172.57,2000,5996.04,13285.49,2000,5992.005,13096.01,2000,5965.203,13163.09,2000,5791.114,13191.5,2000,5887.01
13171.91,2000,5996.895,13286.1,2000,5992.904,13096.38,2000,5966.221,13163.14,2000,5792.197,13191.45,2000,5888.092
13171.27,2000,5997.771,13286.67,2000,5993.822,13096.72,2000,5967.25,13163.15,2000,5793.28,13191.43,2000,5889.175
13170.66,2000,5998.668,13287.22,2000,5994.759,13097.02,2000,5968.291,13163.12,2000,5794.363,13191.44,2000,5890.258
13170.08,2000,5999.584,13287.73,2000,5995.712,13097.29,2000,5969.34,13163.06,2000,5795.445,13191.5,2000,5891.34
13169.54,2000,6000.519,13288.21,2000,5996.683,13097.53,2000,5970.397,13163.03,2000,5796.528,13191.51,2000,5892.423
13169.02,2000,6001.471,13288.66,2000,5997.668,13097.73,2000,5971.462,13163.04,2000,5797.611,13191.49,2000,5893.506
13168.53,2000,6002.439,13289.08,2000,5998.667,13097.89,2000,5972.533,13163.08,2000,5798.694,13191.44,2000,5894.588
13168.08,2000,6003.423,13289.47,2000,5999.68,13098.02,2000,5973.608,13163.09,2000,5799.777,13191.42,2000,5895.671
13167.66,2000,6004.421,13289.82,2000,6000.705,13098.12,2000,5974.688,13163.06,2000,5800.86,13191.43,2000,5896.754
13167.27,2000,6005.432,13290.14,2000,6001.741,13098.18,2000,5975.769,13163.07,2000,5801.944,13191.41,2000,5897.837
13166.92,2000,6006.456,13290.42,2000,6002.786,13098.2,2000,5976.852,13163.04,2000,5803.027,13191.43,2000,5898.92
13166.59,2000,6007.49,13290.67,2000,6003.84,13098.19,2000,5977.936,13163.05,2000,5804.11,13191.41,2000,5900.003
13166.31,2000,6008.535,13290.88,2000,6004.902,13098.14,2000,5979.018,13163.02,2000,5805.193,13191.42,2000,5901.086
13166.05,2000,6009.588,13291.06,2000,6005.971,13098.06,2000,5980.098,13163.03,2000,5806.277,13191.4,2000,5902.169
13165.83,2000,6010.649,13291.21,2000,6007.044,13097.95,2000,5981.175,13163.07,2000,5807.359,13191.35,2000,5903.251
13165.65,2000,6011.717,13291.32,2000,6008.122,13097.79,2000,5982.248,13163.08,2000,5808.443,13191.33,2000,5904.334
13165.5,2000,6012.79,13291.39,2000,6009.203,13097.61,2000,5983.315,13163.05,2000,5809.526,13191.34,2000,5905.417
13165.39,2000,6013.867,13291.43,2000,6010.285,13097.38,2000,5984.375,13162.99,2000,5810.607,13191.4,2000,5906.499
13165.31,2000,6014.948,13291.43,2000,6011.369,13097.13,2000,5985.427,13162.96,2000,5811.69,13191.41,2000,5907.582
13165.27,2000,6016.03,13291.4,2000,6012.452,13096.83,2000,5986.471,13162.97,2000,5812.774,13191.39,2000,5908.665
13165.26,2000,6017.114,13291.33,2000,6013.533,13096.51,2000,5987.504,13163.02,2000,5813.856,13191.34,2000,5909.747
13165.29,2000,6018.197,13291.23,2000,6014.611,13096.15,2000,5988.526,13163.02,2000,5814.94,13191.32,2000,5910.83
13165.35,2000,6019.278,13291.09,2000,6015.686,13095.76,2000,5989.536,13163,2000,5816.023,13191.33,2000,5911.913
13165.45,2000,6020.357,13290.92,2000,6016.755,13095.33,2000,5990.532,13162.93,2000,5817.104,13191.38,2000,5912.995
13165.58,2000,6021.432,13290.71,2000,6017.818,13094.88,2000,5991.514,13162.91,2000,5818.188,13191.4,2000,5914.078
13165.75,2000,6022.502,13290.47,2000,6018.874,13094.39,2000,5992.48,13162.91,2000,5819.271,13191.38,2000,5915.161
13165.96,2000,6023.566,13290.19,2000,6019.921,13093.87,2000,5993.431,13162.96,2000,5820.354,13191.32,2000,5916.243
13166.2,2000,6024.623,13289.88,2000,6020.959,13093.31,2000,5994.363,13162.97,2000,5821.437,13191.3,2000,5917.326
13166.47,2000,6025.671,13289.54,2000,6021.986,13092.73,2000,5995.277,13162.94,2000,5822.52,13191.32,2000,5918.409
13166.78,2000,6026.709,13289.16,2000,6023.001,13092.12,2000,5996.172,13162.95,2000,5823.604,13191.3,2000,5919.492
13167.12,2000,6027.738,13288.75,2000,6024.003,13091.48,2000,5997.046,13162.92,2000,5824.687,13191.32,2000,5920.575
13167.49,2000,6028.754,13288.3,2000,6024.992,13090.81,2000,5997.898,13162.93,2000,5825.77,13191.3,2000,5921.658
13167.9,2000,6029.758,13287.83,2000,6025.965,13090.12,2000,5998.729,13162.9,2000,5826.853,13191.31,2000,5922.741
13168.34,2000,6030.748,13287.32,2000,6026.922,13089.39,2000,5999.536,13162.91,2000,5827.937,13191.29,2000,5923.824
13168.82,2000,6031.723,13286.78,2000,6027.862,13088.64,2000,6000.318,13162.95,2000,5829.019,13191.24,2000,5924.906
13169.32,2000,6032.682,13286.21,2000,6028.784,13087.87,2000,6001.076,13162.96,2000,5830.103,13191.22,2000,5925.989
13169.85,2000,6033.624,13285.61,2000,6029.687,13087.07,2000,6001.809,13162.93,2000,5831.186,13191.23,2000,5927.072
13170.42,2000,6034.547,13284.99,2000,6030.569,13086.25,2000,6002.514,13162.87,2000,5832.267,13191.28,2000,5928.154
13171.02,2000,6035.452,13284.33,2000,6031.431,13085.4,2000,6003.192,13162.84,2000,5833.35,13191.3,2000,5929.237
13171.64,2000,6036.337,13283.65,2000,6032.271,13084.54,2000,6003.843,13162.85,2000,5834.434,13191.28,2000,5930.32
13172.29,2000,6037.201,13282.93,2000,6033.088,13083.65,2000,6004.464,13162.88,2000,5835.516,13191.22,2000,5931.402
13172.98,2000,6038.043,13282.2,2000,6033.881,13082.74,2000,6005.057,13162.88,2000,5836.6,13191.2,2000,5932.485
13173.68,2000,6038.862,13281.43,2000,6034.649,13081.82,2000,6005.619,13162.85,2000,5837.683,13191.22,2000,5933.568
13174.42,2000,6039.658,13280.64,2000,6035.393,13080.87,2000,6006.151,13162.78,2000,5838.764,13191.27,2000,5934.65
13175.18,2000,6040.429,13279.83,2000,6036.109,13079.91,2000,6006.651,13162.74,2000,5839.847,13191.29,2000,5935.733
13175.97,2000,6041.175,13279,2000,6036.799,13078.97,2000,6007.183,13162.74,2000,5840.93,13191.27,2000,5936.816
13176.78,2000,6041.895,13278.14,2000,6037.461,13078.04,2000,6007.746,13162.78,2000,5842.013,13191.21,2000,5937.898
13177.61,2000,6042.588,13277.26,2000,6038.095,13077.13,2000,6008.338,13162.8,2000,5843.096,13191.12,2000,5938.978
13178.42,2000,6043.308,13276.4,2000,6038.757,13076.25,2000,6008.959,13162.78,2000,5844.179,13191.06,2000,5940.06
13179.2,2000,6044.054,13275.57,2000,6039.447,13075.38,2000,6009.61,13162.73,2000,5845.261,13191.04,2000,5941.143
13179.96,2000,6044.825,13274.75,2000,6040.164,13074.54,2000,6010.288,13162.64,2000,5846.341,13191.06,2000,5942.226
13180.7,2000,6045.621,13273.97,2000,6040.907,13073.71,2000,6010.994,13162.59,2000,5847.423,13191.04,2000,5943.309
13181.41,2000,6046.44,13273.2,2000,6041.676,13072.92,2000,6011.726,13162.57,2000,5848.506,13190.99,2000,5944.391
13182.09,2000,6047.282,13272.46,2000,6042.469,13072.14,2000,6012.484,13162.59,2000,5849.589,13190.89,2000,5945.471
13182.74,2000,6048.146,13271.75,2000,6043.286,13071.39,2000,6013.267,13162.57,2000,5850.672,13190.84,2000,5946.553
13183.37,2000,6049.031,13271.07,2000,6044.125,13070.67,2000,6014.074,13162.52,2000,5851.754,13190.82,2000,5947.636
13183.96,2000,6049.936,13270.41,2000,6044.987,13069.97,2000,6014.904,13162.42,2000,5852.834,13190.83,2000,5948.719
13184.53,2000,6050.859,13269.78,2000,6045.87,13069.3,2000,6015.756,13162.37,2000,5853.916,13190.82,2000,5949.802
13185.06,2000,6051.801,13269.19,2000,6046.773,13068.66,2000,6016.63,13162.35,2000,5854.999,13190.76,2000,5950.884
13185.57,2000,6052.76,13268.62,2000,6047.695,13068.05,2000,6017.525,13162.37,2000,5856.082,13190.67,2000,5951.963
13186.04,2000,6053.735,13268.08,2000,6048.635,13067.47,2000,6018.439,13162.35,2000,5857.165,13190.61,2000,5953.045
13186.48,2000,6054.725,13267.57,2000,6049.592,13066.92,2000,6019.372,13162.29,2000,5858.247,13190.59,2000,5954.128
13186.89,2000,6055.729,13267.09,2000,6050.565,13066.4,2000,6020.322,13162.2,2000,5859.327,13190.61,2000,5955.211
13187.26,2000,6056.745,13266.65,2000,6051.553,13065.91,2000,6021.288,13162.14,2000,5860.409,13190.62,2000,5956.295
13187.61,2000,6057.773,13266.24,2000,6052.556,13065.45,2000,6022.27,13162.13,2000,5861.492,13190.63,2000,5957.378
13187.91,2000,6058.812,13265.86,2000,6053.571,13065.03,2000,6023.267,13162.14,2000,5862.575,13190.64,2000,5958.462
13188.19,2000,6059.86,13265.52,2000,6054.598,13064.63,2000,6024.276,13162.17,2000,5863.658,13190.65,2000,5959.545
13188.43,2000,6060.917,13265.2,2000,6055.635,13064.28,2000,6025.298,13162.2,2000,5864.741,13190.65,2000,5960.629
13188.63,2000,6061.981,13264.93,2000,6056.683,13063.95,2000,6026.332,13162.22,2000,5865.824,13190.64,2000,5961.712
13188.8,2000,6063.051,13264.68,2000,6057.738,13063.66,2000,6027.375,13162.24,2000,5866.907,13190.62,2000,5962.795
13188.93,2000,6064.126,13264.48,2000,6058.801,13063.4,2000,6028.427,13162.23,2000,5867.99,13190.64,2000,5963.878
13189.03,2000,6065.205,13264.3,2000,6059.871,13063.18,2000,6029.487,13162.25,2000,5869.073,13190.62,2000,5964.961
13189.09,2000,6066.286,13264.17,2000,6060.945,13062.99,2000,6030.554,13162.24,2000,5870.156,13190.63,2000,5966.044
13189.12,2000,6067.369,13264.06,2000,6062.024,13062.84,2000,6031.627,13162.26,2000,5871.239,13190.61,2000,5967.127
13189.12,2000,6068.453,13264,2000,6063.105,13062.72,2000,6032.704,13162.24,2000,5872.322,13190.62,2000,5968.21
13189.07,2000,6069.535,13263.96,2000,6064.188,13062.64,2000,6033.784,13162.26,2000,5873.405,13190.6,2000,5969.293
13188.99,2000,6070.616,13263.97,2000,6065.271,13062.59,2000,6034.867,13162.25,2000,5874.488,13190.62,2000,5970.376
13188.88,2000,6071.693,13264.01,2000,6066.354,13062.58,2000,6035.95,13162.2,2000,5875.57,13190.67,2000,5971.458
13188.73,2000,6072.766,13264.08,2000,6067.435,13062.61,2000,6037.033,13162.18,2000,5876.653,13190.68,2000,5972.542
13188.55,2000,6073.834,13264.19,2000,6068.512,13062.67,2000,6038.115,13162.2,2000,5877.736,13190.66,2000,5973.625
13188.33,2000,6074.895,13264.33,2000,6069.586,13062.76,2000,6039.194,13162.22,2000,5878.819,13190.6,2000,5974.707
13188.08,2000,6075.948,13264.51,2000,6070.654,13062.89,2000,6040.27,13162.21,2000,5879.902,13190.58,2000,5975.79
13187.79,2000,6076.993,13264.73,2000,6071.716,13063.06,2000,6041.34,13162.15,2000,5880.984,13190.6,2000,5976.873
13187.47,2000,6078.027,13264.98,2000,6072.771,13063.26,2000,6042.405,13162.14,2000,5882.067,13190.57,2000,5977.956
13187.11,2000,6079.051,13265.26,2000,6073.816,13063.49,2000,6043.462,13162.15,2000,5883.15,13190.52,2000,5979.038
13186.72,2000,6080.062,13265.58,2000,6074.852,13063.76,2000,6044.512,13162.13,2000,5884.233,13190.5,2000,5980.121
13186.3,2000,6081.06,13265.93,2000,6075.876,13064.06,2000,6045.552,13162.08,2000,5885.315,13190.51,2000,5981.204
13185.85,2000,6082.044,13266.32,2000,6076.889,13064.4,2000,6046.581,13162.06,2000,5886.398,13190.56,2000,5982.286
13185.36,2000,6083.012,13266.74,2000,6077.889,13064.77,2000,6047.599,13162.08,2000,5887.481,13190.65,2000,5983.366
13184.85,2000,6083.964,13267.19,2000,6078.874,13065.18,2000,6048.604,13162.12,2000,5888.563,13190.77,2000,5984.442
13184.3,2000,6084.899,13267.67,2000,6079.844,13065.61,2000,6049.596,13162.18,2000,5889.646,13190.92,2000,5985.515
13183.72,2000,6085.815,13268.18,2000,6080.798,13066.08,2000,6050.572,13162.25,2000,5890.727,13191.11,2000,5986.581
13183.11,2000,6086.711,13268.73,2000,6081.734,13066.58,2000,6051.533,13162.32,2000,5891.807,13191.34,2000,5987.641
13182.48,2000,6087.588,13269.3,2000,6082.652,13067.12,2000,6052.477,13162.41,2000,5892.887,13191.6,2000,5988.692
13181.81,2000,6088.443,13269.91,2000,6083.551,13067.68,2000,6053.403,13162.51,2000,5893.966,13191.89,2000,5989.735
13181.12,2000,6089.275,13270.54,2000,6084.43,13068.27,2000,6054.31,13162.61,2000,5895.044,13192.22,2000,5990.767
13180.4,2000,6090.085,13271.2,2000,6085.287,13068.89,2000,6055.197,13162.72,2000,5896.122,13192.58,2000,5991.788
13179.65,2000,6090.871,13271.89,2000,6086.122,13069.54,2000,6056.063,13162.84,2000,5897.198,13192.97,2000,5992.797
13178.88,2000,6091.631,13272.61,2000,6086.934,13070.22,2000,6056.908,13162.97,2000,5898.273,13193.4,2000,5993.792
13178.08,2000,6092.367,13273.35,2000,6087.722,13070.93,2000,6057.73,13163.11,2000,5899.348,13193.86,2000,5994.773
13177.27,2000,6093.087,13274.12,2000,6088.486,13071.66,2000,6058.528,13163.26,2000,5900.421,13194.35,2000,5995.738
13176.46,2000,6093.806,13274.91,2000,6089.224,13072.42,2000,6059.302,13163.42,2000,5901.493,13194.88,2000,5996.687
13175.65,2000,6094.519,13275.73,2000,6089.935,13073.2,2000,6060.051,13163.59,2000,5902.563,13195.43,2000,5997.618
13174.86,2000,6095.257,13276.52,2000,6090.673,13074.01,2000,6060.774,13163.77,2000,5903.631,13196.02,2000,5998.53
13174.09,2000,6096.021,13277.29,2000,6091.437,13074.84,2000,6061.47,13163.95,2000,5904.699,13196.63,2000,5999.423
13173.35,2000,6096.811,13278.04,2000,6092.225,13075.69,2000,6062.139,13164.14,2000,5905.765,13197.27,2000,6000.295
13172.63,2000,6097.624,13278.75,2000,6093.037,13076.56,2000,6062.779,13164.35,2000,5906.83,13197.94,2000,6001.146
13171.94,2000,6098.459,13279.44,2000,6093.872,13077.46,2000,6063.39,13164.56,2000,5907.893,13198.64,2000,6001.974
13171.28,2000,6099.317,13280.1,2000,6094.729,13078.37,2000,6063.972,13164.78,2000,5908.954,13199.31,2000,6002.824
13170.65,2000,6100.197,13280.74,2000,6095.607,13079.27,2000,6064.583,13164.98,2000,5910.017,13199.95,2000,6003.696
13170.04,2000,6101.096,13281.34,2000,6096.506,13080.14,2000,6065.223,13165.15,2000,5911.087,13200.57,2000,6004.589
13169.47,2000,6102.015,13281.92,2000,6097.424,13080.99,2000,6065.892,13165.29,2000,5912.162,13201.15,2000,6005.501
13168.92,2000,6102.952,13282.46,2000,6098.361,13081.82,2000,6066.588,13165.39,2000,5913.24,13201.71,2000,6006.432
13168.41,2000,6103.906,13282.98,2000,6099.314,13082.63,2000,6067.311,13165.53,2000,5914.315,13202.23,2000,6007.381
13167.93,2000,6104.876,13283.46,2000,6100.285,13083.41,2000,6068.06,13165.69,2000,5915.386,13202.72,2000,6008.346
13167.48,2000,6105.862,13283.91,2000,6101.27,13084.17,2000,6068.833,13165.85,2000,5916.458,13203.18,2000,6009.327
13167.06,2000,6106.862,13284.33,2000,6102.27,13084.9,2000,6069.632,13166,2000,5917.531,13203.61,2000,6010.322
13166.68,2000,6107.875,13284.71,2000,6103.282,13085.61,2000,6070.454,13166.14,2000,5918.605,13204,2000,6011.331
13166.33,2000,6108.9,13285.06,2000,6104.307,13086.29,2000,6071.298,13166.27,2000,5919.681,13204.36,2000,6012.352
13166.01,2000,6109.937,13285.38,2000,6105.343,13086.94,2000,6072.165,13166.39,2000,5920.757,13204.69,2000,6013.384
13165.73,2000,6110.982,13285.67,2000,6106.388,13087.56,2000,6073.052,13166.51,2000,5921.835,13204.99,2000,6014.427
13165.48,2000,6112.037,13285.92,2000,6107.442,13088.15,2000,6073.959,13166.61,2000,5922.914,13205.25,2000,6015.479
13165.27,2000,6113.099,13286.13,2000,6108.504,13088.72,2000,6074.885,13166.7,2000,5923.993,13205.47,2000,6016.538
13165.09,2000,6114.167,13286.31,2000,6109.573,13089.25,2000,6075.829,13166.79,2000,5925.073,13205.66,2000,6017.604
13164.95,2000,6115.241,13286.45,2000,6110.646,13089.75,2000,6076.79,13166.86,2000,5926.153,13205.82,2000,6018.677
13164.84,2000,6116.319,13286.56,2000,6111.724,13090.22,2000,6077.766,13166.93,2000,5927.235,13205.94,2000,6019.753
13164.76,2000,6117.4,13286.64,2000,6112.805,13090.66,2000,6078.757,13166.98,2000,5928.317,13206.02,2000,6020.833
13164.73,2000,6118.482,13286.68,2000,6113.887,13091.06,2000,6079.763,13167.03,2000,5929.399,13206.07,2000,6021.916
13164.72,2000,6119.566,13286.68,2000,6114.971,13091.43,2000,6080.781,13167.06,2000,5930.482,13206.09,2000,6022.999
13164.76,2000,6120.649,13286.65,2000,6116.054,13091.77,2000,6081.81,13167.09,2000,5931.565,13206.07,2000,6024.082
13164.83,2000,6121.73,13286.58,2000,6117.135,13092.07,2000,6082.85,13167.11,2000,5932.648,13206.01,2000,6025.164
13164.93,2000,6122.808,13286.48,2000,6118.213,13092.34,2000,6083.899,13167.12,2000,5933.731,13205.92,2000,6026.243
13165.07,2000,6123.882,13286.34,2000,6119.288,13092.58,2000,6084.957,13167.13,2000,5934.815,13205.79,2000,6027.319
13165.24,2000,6124.952,13286.17,2000,6120.357,13092.78,2000,6086.021,13167.12,2000,5935.898,13205.63,2000,6028.39
13165.45,2000,6126.015,13285.96,2000,6121.42,13092.94,2000,6087.092,13167.1,2000,5936.981,13205.43,2000,6029.456
13165.69,2000,6127.07,13285.72,2000,6122.476,13093.07,2000,6088.168,13167.08,2000,5938.064,13205.22,2000,6030.518
13165.97,2000,6128.117,13285.44,2000,6123.523,13093.17,2000,6089.247,13167.04,2000,5939.147,13205.01,2000,6031.581
13166.29,2000,6129.155,13285.13,2000,6124.561,13093.23,2000,6090.329,13166.98,2000,5940.229,13204.83,2000,6032.649
13166.63,2000,6130.182,13284.78,2000,6125.588,13093.25,2000,6091.412,13166.88,2000,5941.308,13204.69,2000,6033.724
13167.01,2000,6131.196,13284.41,2000,6126.603,13093.24,2000,6092.495,13166.74,2000,5942.382,13204.58,2000,6034.802
13167.42,2000,6132.198,13284,2000,6127.605,13093.19,2000,6093.578,13166.57,2000,5943.452,13204.51,2000,6035.883
13167.87,2000,6133.186,13283.55,2000,6128.594,13093.11,2000,6094.658,13166.36,2000,5944.516,13204.48,2000,6036.965
13168.34,2000,6134.159,13283.08,2000,6129.567,13092.99,2000,6095.735,13166.12,2000,5945.572,13204.48,2000,6038.049
13168.85,2000,6135.115,13282.57,2000,6130.524,13092.84,2000,6096.808,13165.92,2000,5946.635,13204.44,2000,6039.131
13169.39,2000,6136.055,13282.03,2000,6131.464,13092.65,2000,6097.875,13165.74,2000,5947.705,13204.37,2000,6040.212
13169.96,2000,6136.976,13281.46,2000,6132.386,13092.43,2000,6098.935,13165.61,2000,5948.78,13204.26,2000,6041.291
13170.56,2000,6137.878,13280.86,2000,6133.289,13092.17,2000,6099.987,13165.51,2000,5949.858,13204.12,2000,6042.365
13171.19,2000,6138.76,13280.23,2000,6134.171,13091.88,2000,6101.03,13165.44,2000,5950.94,13203.95,2000,6043.434
13171.85,2000,6139.621,13279.58,2000,6135.033,13091.56,2000,6102.063,13165.41,2000,5952.023,13203.8,2000,6044.508
13172.53,2000,6140.46,13278.89,2000,6135.873,13091.2,2000,6103.085,13165.41,2000,5953.106,13203.7,2000,6045.586
13173.19,2000,6141.321,13278.18,2000,6136.69,13090.8,2000,6104.095,13165.41,2000,5954.19,13203.63,2000,6046.667
13173.82,2000,6142.203,13277.44,2000,6137.483,13090.38,2000,6105.092,13165.43,2000,5955.273,13203.59,2000,6047.75
13174.42,2000,6143.105,13276.68,2000,6138.251,13089.92,2000,6106.074,13165.46,2000,5956.356,13203.59,2000,6048.833
13174.99,2000,6144.026,13275.89,2000,6138.995,13089.43,2000,6107.04,13165.49,2000,5957.439,13203.63,2000,6049.916
13175.53,2000,6144.966,13275.08,2000,6139.711,13088.91,2000,6107.99,13165.54,2000,5958.521,13203.7,2000,6050.997
13176.04,2000,6145.922,13274.29,2000,6140.455,13088.36,2000,6108.923,13165.59,2000,5959.604,13203.8,2000,6052.075
13176.52,2000,6146.895,13273.53,2000,6141.223,13087.78,2000,6109.837,13165.65,2000,5960.685,13203.94,2000,6053.149
13176.96,2000,6147.883,13272.79,2000,6142.016,13087.17,2000,6110.731,13165.71,2000,5961.766,13204.12,2000,6054.218
13177.37,2000,6148.885,13272.08,2000,6142.833,13086.53,2000,6111.605,13165.79,2000,5962.847,13204.33,2000,6055.28
13177.75,2000,6149.899,13271.39,2000,6143.673,13085.86,2000,6112.458,13165.88,2000,5963.927,13204.58,2000,6056.335
13178.1,2000,6150.926,13270.73,2000,6144.535,13085.16,2000,6113.288,13165.97,2000,5965.006,13204.86,2000,6057.382
13178.41,2000,6151.964,13270.11,2000,6145.417,13084.49,2000,6114.141,13166.07,2000,5966.084,13205.17,2000,6058.418
13178.69,2000,6153.011,13269.51,2000,6146.32,13083.85,2000,6115.015,13166.18,2000,5967.162,13205.52,2000,6059.444
13178.93,2000,6154.066,13268.94,2000,6147.242,13083.24,2000,6115.909,13166.3,2000,5968.239,13205.9,2000,6060.458
13179.14,2000,6155.129,13268.4,2000,6148.182,13082.66,2000,6116.823,13166.42,2000,5969.315,13206.32,2000,6061.459
13179.31,2000,6156.199,13267.89,2000,6149.139,13082.11,2000,6117.756,13166.56,2000,5970.39,13206.76,2000,6062.446
13179.45,2000,6157.273,13267.42,2000,6150.112,13081.59,2000,6118.706,13166.7,2000,5971.463,13207.24,2000,6063.418
13179.56,2000,6158.351,13266.97,2000,6151.101,13081.1,2000,6119.672,13166.85,2000,5972.536,13207.75,2000,6064.374
13179.63,2000,6159.432,13266.56,2000,6152.103,13080.64,2000,6120.654,13167.01,2000,5973.608,13208.3,2000,6065.312
13179.66,2000,6160.515,13266.18,2000,6153.118,13080.22,2000,6121.651,13167.17,2000,5974.68,13208.87,2000,6066.232
13179.66,2000,6161.599,13265.84,2000,6154.145,13079.82,2000,6122.661,13167.34,2000,5975.749,13209.47,2000,6067.133
13179.62,2000,6162.681,13265.53,2000,6155.183,13079.46,2000,6123.683,13167.52,2000,5976.817,13210.1,2000,6068.014
13179.54,2000,6163.762,13265.25,2000,6156.23,13079.14,2000,6124.716,13167.7,2000,5977.885,13210.76,2000,6068.873
13179.44,2000,6164.84,13265.01,2000,6157.286,13078.85,2000,6125.759,13167.89,2000,5978.951,13211.45,2000,6069.71
13179.29,2000,6165.914,13264.8,2000,6158.349,13078.59,2000,6126.812,13168.09,2000,5980.016,13212.11,2000,6070.57
13179.11,2000,6166.982,13264.63,2000,6159.418,13078.37,2000,6127.872,13168.28,2000,5981.083,13212.74,2000,6071.451
13178.9,2000,6168.044,13264.49,2000,6160.493,13078.18,2000,6128.938,13168.46,2000,5982.15,13213.34,2000,6072.352
13178.65,2000,6169.099,13264.39,2000,6161.571,13078.03,2000,6130.011,13168.63,2000,5983.22,13213.91,2000,6073.271
13178.37,2000,6170.145,13264.32,2000,6162.652,13077.91,2000,6131.088,13168.79,2000,5984.292,13214.45,2000,6074.21
13178.05,2000,6171.181,13264.29,2000,6163.735,13077.83,2000,6132.168,13168.94,2000,5985.365,13214.96,2000,6075.166
13177.7,2000,6172.206,13264.29,2000,6164.819,13077.78,2000,6133.251,13169.08,2000,5986.439,13215.44,2000,6076.137
13177.32,2000,6173.219,13264.33,2000,6165.901,13077.77,2000,6134.334,13169.2,2000,5987.516,13215.89,2000,6077.124
