0,5789,791.5565,6245.6,8.546073e-07
0.0416666666666667,5789,791.5565,6245.6,8.546073e-07
0.0833333333333333,5789,791.5565,6245.6,8.546073e-07
0.125,5789,791.5565,6245.6,8.546073e-07
0.166666666666667,5789,791.5565,6245.6,8.546073e-07
0.208333333333333,5789,791.5565,6245.6,8.546073e-07
0.25,5789,791.5565,6245.6,8.546073e-07
0.291666666666667,5789,791.5565,6245.60087502075,8.546073e-07
0.333333333333333,5789,791.5565,6245.60025014197,8.546073e-07
0.375,5789,791.5565,6245.6,8.546073e-07
0.416666666666667,5789,791.5565,6245.6,8.546073e-07
0.458333333333333,5789,791.535122932002,6245.6,8.546073e-07
0.5,5789,791.46574715043,6245.6,8.546073e-07
0.541666666666667,5789,791.393255230313,6245.6,8.546073e-07
0.583333333333333,5789,791.188043688391,6245.6,8.546073e-07
0.625,5789,791.050621645699,6245.6,8.546073e-07
0.666666666666667,5789,790.730863057829,6245.6,8.546073e-07
0.708333333333333,5789,790.438719351417,6245.6,8.546073e-07
0.75,5789,790.246683317695,6245.6,8.546073e-07
0.791666666666667,5789,789.732040341306,6245.6,8.546073e-07
0.833333333333333,5789,789.148487208632,6245.6,8.546073e-07
0.875,5789,788.997198930847,6245.6,8.546073e-07
0.916666666666667,5789,788.386969307836,6245.6,8.546073e-07
0.958333333333333,5789,787.703328019172,6245.6,8.546073e-07
1,5789,787.391766172896,6245.6,8.546073e-07
1.04166666666667,5789,786.332127652255,6245.6,8.546073e-07
1.08333333333333,5789,786.17541134626,6245.6,8.546073e-07
1.125,5789,785.462057489434,6245.6,8.546073e-07
1.16666666666667,5789,784.783407104055,6245.6,8.546073e-07
1.20833333333333,5789,784.089246082278,6245.600749827,8.546073e-07
1.25,5789,783.408509753961,6245.600000018,8.546073e-07
1.29166666666667,5789,782.688825298981,6245.6,8.546073e-07
1.33333333333333,5789,782.029689475172,6245.6,8.546073e-07
1.375,5789,781.619232003604,6245.6,8.546073e-07
1.41666666666667,5789,780.896857160312,6245.6,8.546073e-07
1.45833333333333,5789,780.37410455836,6245.6,8.546073e-07
1.5,5789,779.316995502902,6245.6,8.546073e-07
1.54166666666667,5789,779.183153294243,6245.6,8.546073e-07
1.58333333333333,5789,778.475685930015,6245.6,8.546073e-07
1.625,5789,778.137465148024,6245.6,8.546073e-07
1.66666666666667,5789,777.675011053663,6245.6,8.546073e-07
1.70833333333333,5789,777.195580826811,6245.6,8.546073e-07
1.75,5789,776.821466865269,6245.6,8.546073e-07
1.79166666666667,5789,776.279409585946,6245.6,8.546073e-07
1.83333333333333,5789,775.92813580438,6245.6,8.546073e-07
1.875,5789,775.280330377358,6245.6,8.546073e-07
1.91666666666667,5789,775.007671545677,6245.6,8.546073e-07
1.95833333333333,5789,774.612634390854,6245.6005002863,8.546073e-07
2,5789,774.2760542552,6245.6,8.546073e-07
2.04166666666667,5789,773.754179019702,6245.6,8.546073e-07
2.08333333333333,5789,773.633177475002,6245.6,8.546073e-07
2.125,5789,773.071445663366,6245.6,8.546073e-07
2.16666666666667,5789,772.800561263499,6245.6,8.546073e-07
2.20833333333333,5789,772.471160079205,6245.6,8.546073e-07
2.25,5789,772.151657968998,6245.6,8.546073e-07
2.29166666666667,5789,771.84454081959,6245.6,8.546073e-07
2.33333333333333,5789,771.582755424562,6245.6,8.546073e-07
2.375,5789,771.158689274458,6245.6,8.546073e-07
2.41666666666667,5789,770.971735445945,6245.6,8.546073e-07
2.45833333333333,5789,770.699715496846,6245.60827472336,-0.000221395838299727
2.5,5789,770.43620399256,6245.67003418937,-0.00170991909875197
2.54166666666667,5789,770.105909062219,6245.84733732725,-0.00498473199023514
2.58333333333333,5789,769.900670736348,6246.01005591312,-0.00740077121540584
2.625,5789,769.693142883369,6246.22634114471,-0.0100760799136103
2.66666666666667,5789,769.279868017479,6246.81705667332,-0.0156003970741953
2.70833333333333,5789,769.22449661662,6246.91517529561,-0.0162878523896147
2.75,5789,768.931618280185,6247.49643592379,-0.0201021832577303
2.79166666666667,5789,768.723605671138,6247.99543293147,-0.0226013335465938
2.83333333333333,5789,768.627885804143,6248.23837087465,-0.0237668412774396
2.875,5789,768.402653383905,6248.88897486807,-0.0264508311345333
2.91666666666667,5789,768.210545085655,6249.51268727385,-0.0286506157940863
2.95833333333333,5789,767.969488251778,6250.39636188133,-0.0312266894682447
3,5789,767.819585775378,6250.99833572157,-0.0328008520851841
3.04166666666667,5789,767.617047514545,6251.90057975969,-0.0348762952078335
3.08333333333333,5789,767.476307652138,6252.57529132079,-0.0362672404803276
3.125,5789,767.334022642437,6253.30902524889,-0.0376755223701725
3.16666666666667,5789,767.174314306617,6254.1934903681,-0.0392003458167065
3.20833333333333,5789,767.020211922273,6255.07546808153,-0.0396499370615825
3.25,5789,766.87044905864,6255.93179053843,-0.0391496978054621
3.29166666666667,5789,766.72502887181,6256.76190627039,-0.0380493825678325
3.33333333333333,5789,766.583980593544,6257.56811023994,-0.0364997886774332
3.375,5789,766.447918541742,6258.37633323724,-0.0355483435435532
3.41666666666667,5789,766.230778040258,6259.80316720038,-0.0358005349111115
3.45833333333333,5789,766.07148071115,6260.98051345894,-0.0370008094566164
3.5,5789,765.919985827934,6262.16312099592,-0.0385001828653404
3.54166666666667,5789,765.896737687785,6262.36160511719,-0.038800158867276
3.58333333333333,5789,765.873396938539,6262.56091247648,-0.0391012376376388
3.625,5788.99924906566,765.682025732625,6264.31567540118,-0.0414765883799782
3.66666666666667,5788.99833269863,765.591578812195,6265.20688298765,-0.042567301371384
3.70833333333333,5788.99724928075,765.500089726995,6266.16088797321,-0.0437257911730706
3.75,5788.99699739691,765.397095136902,6267.29244299895,-0.0450024729344955
3.79166666666667,5788.995,765.235108134563,6269.22721192172,-0.0469501766013943
3.83333333333333,5788.995,765.211239698383,6269.5271294444,-0.0472001078703297
3.875,5788.99374921587,765.10864291523,6270.8735302108,-0.04840062730516
3.91666666666667,5788.99249923249,765.018395276235,6272.12577672441,-0.0494006140113785
3.95833333333333,5788.99124931838,764.930777763852,6273.40495274846,-0.0504005452946232
4,5788.99099959767,764.845773405993,6274.70942767669,-0.0513002816309347
4.04166666666667,5788.98974883577,764.763575256291,6276.04375969927,-0.0521506985393482
4.08333333333333,5788.98849892783,764.684032667627,6277.40317510002,-0.0529507505200654
4.125,5788.98724886302,764.606655303294,6278.78451318174,0.0152048265429966
4.16666666666667,5788.9859992477,764.531756065626,6280.1778185034,0.322026857608634
4.20833333333333,5788.98424687537,764.445132722402,6281.79118307145,0.988517911853975
4.25,5788.982,764.353963366943,6283.48821646861,1.84003880640979
4.29166666666667,5788.982,764.336896088105,6283.80580539351,2.02167966585044
4.33333333333333,5788.97949850883,764.240683689134,6285.59266069801,3.13546332431037
4.375,5788.97849918198,764.176608853777,6286.78376566331,3.93009613898278
4.41666666666667,5788.97749890332,764.126846043247,6287.70850127063,4.5802178154575
4.45833333333333,5788.97549781058,764.066322563487,6288.83247429011,5.40176261099208
4.5,5788.97499926791,764.007683235021,6289.92231187254,6.22873291869543
4.54166666666667,5788.97249332132,763.951150842843,6290.97327165165,7.0620069109509
4.58333333333333,5788.97033257217,763.874684162018,6292.39391339905,8.22699584706297
4.625,5788.96949923188,763.842733946231,6292.98880033605,8.72670263288526
4.66666666666667,5788.97901741512,763.771054372376,6294.39596711987,9.7365169420269
4.70833333333333,5788.9915139161,763.738313539809,6295.08993947428,10.0342652391704
4.75,5789.01706824468,763.693319267993,6296.08491811118,10.3411503231632
4.79166666666667,5789.0707060557,763.631747784734,6297.55605981292,10.5920305823683
4.83333333333333,5789.10407448557,763.601645842782,6298.31243695083,10.6757465764393
4.875,5789.16556864956,763.558231649077,6299.47420009595,10.7565091701847
4.91666666666667,5789.22054012053,763.524226619417,6300.42166406391,10.8022509953351
4.95833333333333,5789.31681286047,763.474946579983,6301.88062739057,10.8454978842477
5,5789.38854758807,763.443029807225,6302.87414436816,10.8645801349723
5.04166666666667,5789.51994481648,763.393033375738,6304.5303140034,10.8840432919292
5.08333333333333,5789.63371466645,763.354584987301,6305.87087052243,10.8942530638162
5.125,5789.7395057474,763.32330408504,6307.02747437391,10.8996430320101
5.16666666666667,5789.88442900526,763.283675322007,6308.54930614698,10.9050460872543
5.20833333333333,5790.00340402785,763.254362811293,6309.73902917742,10.9078583025792
5.25,5790.20806745735,763.208686073321,6311.69461799636,10.9110207180944
5.29166666666667,5790.25973515737,763.198019193317,6312.16796079655,10.9115707290946
5.33333333333333,5790.48341116135,763.15465261116,6314.17834156331,10.9134304878771
5.375,5790.63226841379,763.128768590105,6315.4525407976,10.9142237863868
5.41666666666667,5790.78241626299,763.103519901065,6316.72369380588,10.9149103153663
5.45833333333333,5790.98999459097,763.07158952621,6318.42220834759,10.9155756155269
5.5,5791.18077155457,763.044412332753,6319.94014090118,10.9160105255895
5.54166666666667,5791.37744217406,763.017999739385,6321.47448904678,10.9163478021605
5.58333333333333,5791.5805871891,762.992331927635,6323.02936494555,10.9166104503515
5.625,5791.92995349653,762.951916518765,6325.625199739,10.9168762951129
5.66666666666667,5791.98432904029,762.946041460015,6326.02332872029,10.9169075454255
5.70833333333333,5792.31924053712,762.911276834733,6328.43471929761,10.9170167258963
5.75,5792.54810677681,762.888890011201,6330.05674973397,10.91705
5.79166666666667,5792.62561607793,762.881639141097,6330.60098170847,10.91705
5.83333333333333,5792.99128875605,762.849142085382,6333.13196798353,10.917029955576
5.875,5793.17086917469,762.834070167702,6334.35299472595,10.9169999254193
5.91666666666667,5793.41985912595,762.814171770199,6336.03040846656,10.9169398927982
5.95833333333333,5793.74996102213,762.789240799992,6338.23131594785,10.9168423644053
6,5793.89612057376,762.778658169087,6339.19311763694,10.9167932874005
6.04166666666667,5794.28292879252,762.752149518247,6341.71219401892,10.9166548897602
6.08333333333333,5794.46144950701,762.740471751165,6342.86586818464,10.9165798350433
6.125,5794.73418119545,762.723474010137,6344.60625256276,10.9164773227964
6.16666666666667,5795.00992203417,762.707075397111,6346.35816278958,10.9163648296723
6.20833333333333,5795.29009728676,762.691055397592,6348.12017941738,11.0041077958527
6.25,5795.57363120521,762.675465397787,6349.8939507362,11.3294397296908
6.29166666666667,5795.92327800981,762.656310639836,6352.08135719849,12.0340318692857
6.33333333333333,5796.01473852622,762.651359433067,6352.64860105299,12.2506911246972
6.375,5796.38268401824,762.631050887876,6354.94346104145,13.2542629547663
6.41666666666667,5796.53603927127,762.622542107708,6355.90347975175,13.7127836362362
6.45833333333333,5796.92927542295,762.600634650909,6358.35621995894,14.9851562881921
6.5,5797.11885837507,762.59008006898,6359.54074032331,15.6378914400024
6.54166666666667,5797.34963345839,762.57722862691,6360.98114085257,16.4063186109627
6.58333333333333,5797.74709782717,762.555194590733,6363.45961228302,17.226580361951
6.625,5797.80021857751,762.552257325714,6363.79208568515,17.2919376333693
6.66666666666667,5798.08228347828,762.536684153388,6365.54776953836,17.5437663532399
6.70833333333333,5798.21640454379,762.529186702521,6366.38498488514,17.6177412017914
6.75,5798.40035063743,762.518980749318,6367.53418861925,17.6929830220476
6.79166666666667,5798.59083108311,762.508506680068,6368.72205712971,17.7405594566857
6.83333333333333,5798.77633170537,762.498231597168,6369.8755652067,17.7710831216976
6.875,5798.95582547702,762.488256892476,6370.99453079323,17.790031449118
6.91666666666667,5799.13031031787,762.478583115057,6372.07992351441,17.8018532797792
6.95833333333333,5799.29902990781,762.469384615754,6373.12800423141,17.8086282049313
7,5799.46175306257,762.46043607175,6374.14407134201,17.8128201593377
7.04166666666667,5799.61998462031,762.451712048959,6375.13021590768,17.8154608222236
7.08333333333333,5799.7733516958,762.443180949811,6376.08817758319,17.8170924618706
7.125,5799.92228933017,762.435084036956,6377.01205831358,17.8180865464199
7.16666666666667,5800.10392264507,762.425779874044,6378.11298890988,17.819042191493
7.20833333333333,5800.23160420018,762.41979533432,6378.85809254132,17.8196904976725
7.25,5800.48432656113,762.40988883905,6380.23067827617,17.8206508060686
7.29166666666667,5800.61591953573,762.40539135764,6380.90696622158,17.8209756241705
7.33333333333333,5800.80744488114,762.399386780675,6381.87617101997,17.821320457592
7.375,5801.02872667827,762.392962374468,6382.94849940608,17.8215227318975
7.41666666666667,5801.26342062845,762.386839265212,6384.04794978812,17.8215950219077
7.45833333333333,5801.43345790248,762.38259495994,6384.83170131133,17.8215849579995
7.5,5801.77005522992,762.37513826979,6386.33394249033,17.821414608993
7.54166666666667,5801.9579847161,762.371245262611,6387.15652069203,17.8212798277313
7.58333333333333,5802.32554081849,762.364139976209,6388.72928449189,17.8209194405326
7.625,5802.78798034824,762.35560231462,6390.67040358451,17.8207849466226
7.66666666666667,5802.9581571865,762.352447052753,6391.38265681501,17.8208501964831
7.70833333333333,5803.28623857626,762.346187997518,6392.75555627089,17.8216081867355
7.75,5803.59332629697,762.340257425013,6394.04173093776,17.8224284536882
7.79166666666667,5803.64481723457,762.339207609781,6394.25819284046,17.8226134211339
7.83333333333333,5803.95809507476,762.333138337731,6395.5704819701,17.8239176613896
7.875,5804.20227922717,762.328339579983,6396.59196836674,17.8250675775831
7.91666666666667,5804.43846415011,762.323690918802,6397.58294236732,17.8262925477805
7.95833333333333,5804.66723719902,762.319215473762,6398.54054133669,17.8275577762179
8,5804.88896672967,762.314890932109,6399.46895226352,17.8288377470375
8.04166666666667,5805.10390563586,762.310717125892,6400.37020367061,17.8301174338151
8.08333333333333,5805.31367004657,762.306586654674,6401.24481363954,17.8313841426116
8.125,5805.56728478313,762.301547757282,6402.30932523607,17.8329507176697
8.16666666666667,5805.63421124725,762.300276198198,6402.58808300701,17.8333575636837
8.20833333333333,5805.93679415474,762.294344274841,6403.85622794796,17.8352468359994
8.25,5806.08387788274,762.291492702954,6404.47057928925,17.8361573194182
8.29166666666667,5806.26134785435,762.28806829138,6405.21596595762,17.8372546616663
8.33333333333333,5806.36602089289,762.286079883884,6405.65626461662,17.8379061857057
8.375,5806.60112921508,762.281447454855,6406.63803839616,17.8393307831217
8.41666666666667,5806.76341602989,762.278292012226,6407.31875731024,17.8403124628969
8.45833333333333,5806.9190341907,762.275269223766,6407.97443528317,17.8412341866603
8.5,5807.13021796619,762.271136367731,6408.85650212868,17.8424641199748
8.54166666666667,5807.27059407425,762.268485775305,6409.44351854395,17.843143765679
8.58333333333333,5807.30869281281,762.267788808408,6409.60278190991,17.8431465892292
8.625,5807.54185016037,762.264345432691,6410.5336379545,17.8415693282575
8.66666666666667,5807.72451679512,762.262094766632,6411.24797232569,17.8395939162093
8.70833333333333,5807.92396281171,762.260070260362,6412.00749809001,17.8372470633564
8.75,5808.0917479146,762.258397720326,6412.63842041858,17.8352921789028
8.79166666666667,5808.4572228627,762.255329142815,6413.98651716303,17.8314063142322
8.83333333333333,5808.70019939594,762.253498631597,6414.86771352469,17.8290682406241
8.875,5808.78520789679,762.252915239924,6415.17191061106,17.8283181656166
8.91666666666667,5809.19380263149,762.25023034689,6416.62366387529,17.825026544259
8.95833333333333,5809.36880366234,762.249148401777,6417.2425601545,17.8237503956732
9,5809.80719650147,762.24669368985,6418.77013800204,17.820913350073
9.04166666666667,5810.21785735724,762.244527932802,6420.1903748359,17.818630975337
9.08333333333333,5810.49304692332,762.243147314847,6421.13637536756,17.8172323289791
9.125,5810.70824094756,762.242098904784,6421.87415839619,17.8161889047838
9.16666666666667,5810.81974254199,762.241592926951,6422.2559156407,17.8156826054491
9.20833333333333,5811.2969060418,762.239671388964,6423.87507266349,17.8137113889638
9.25,5811.64892577258,762.238196488449,6425.06309974197,17.8123868076808
9.29166666666667,5812.01246412479,762.23682139273,6426.28098670466,17.8111493846308
9.33333333333333,5812.30697705984,762.235748399128,6427.26909767019,17.8102085271978
9.375,5813.0127828664,762.233349274701,6429.6206892615,17.8081880065691
9.41666666666667,5813.11026921831,762.233099309697,6429.94439394285,17.8079317924391
9.45833333333333,5813.54794079159,762.231671682005,6431.39392260759,17.8068371981374
9.5,5813.95304075852,762.230496807489,6432.72993833413,17.8059026694671
9.54166666666667,5814.36592489046,762.22932182462,6434.08785279395,17.8050200655423
9.58333333333333,5814.95537193495,762.227798912471,6436.02222020764,17.8038593039814
9.625,5815.09789758957,762.227382170791,6436.48980437279,17.8035925893061
9.66666666666667,5815.70604215022,762.225865813295,6438.47688698821,17.8025360693065
9.70833333333333,5816.09256461662,762.224942525325,6439.73649881481,17.8019251702102
9.75,5816.59879922786,762.223831792123,6441.38192036567,17.8011621884339
9.79166666666667,5816.99397433128,762.222997316534,6442.66372488376,17.8006133228339
9.83333333333333,5817.45429854099,762.221997569576,6444.15719421794,17.800008402864
9.875,5817.92251209259,762.221122656592,6445.67008422536,17.7994359935234
9.91666666666667,5818.39511793764,762.220247940641,6447.19861270375,17.7988887643847
9.95833333333333,5818.72782870973,762.219598788043,6448.27361944453,17.7985218637223
10,5819.45606385072,762.21839647807,6450.61863531529,17.7977880277194
10.0416666666667,5819.94542482667,762.217548361067,6452.19046646933,17.79732915712
10.0833333333333,5820.34191425542,762.216897862586,6453.46455269127,17.7969787887989
10.125,5820.84104738831,762.216148058771,6455.06766070165,17.7965614323238
10.1666666666667,5821.34518310017,762.215398251576,6456.6827969939,17.7961591257881
10.2083333333333,5821.85399131913,762.214647817582,6458.31451858386,17.7957864451645
10.25,5822.36805386139,762.213897742574,6459.95796633663,17.7954289465347
10.2916666666667,5822.88586326633,762.213223056306,6461.61340856486,17.7950939892789
10.3333333333333,5823.40731067627,762.212498443377,6463.27917797519,17.7947792216887
10.375,5823.93424630063,762.211873231323,6464.95927542754,17.7944742217822
10.4166666666667,5824.46443149625,762.211298655872,6466.65005995402,17.7941992607296
10.4583333333333,5824.9982674825,762.210723519296,6468.35103936013,17.7939243484903
10.5,5825.53656776478,762.210098555056,6470.06297422142,17.7936593136514
10.5416666666667,5826.13494424242,762.203280444444,6471.96226626263,17.7933989535354
10.5833333333333,5826.77008368726,762.165897006465,6473.98010823969,17.7931329127241
10.625,5827.11706539778,762.119456844191,6475.08132901831,17.7929971679376
10.6666666666667,5827.94769727121,761.925921962274,6477.71337892688,17.7926894410185
10.7083333333333,5828.50425262681,761.736376538026,6479.47719283077,17.7925061443445
10.75,5828.76327835101,761.638418427056,6480.29894202922,17.7924164472283
10.7916666666667,5829.40177020266,761.34787870021,6482.32014208246,17.7922169176799
10.8333333333333,5829.96561115181,761.054979906735,6484.10460079255,17.7920545366156
10.875,5830.53381825383,760.75457719532,6485.89923387939,17.7918995215121
10.9166666666667,5831.10388179057,760.462971019984,6487.70194119904,17.7917495480416
10.9583333333333,5831.6766051436,760.181905577904,6489.50981318123,17.7916121161613
11,5832.48524960096,759.803023071107,6492.063350039,17.7914291875188
11.0416666666667,5833.0304595001,759.553446393921,6493.78557282144,17.7913111509698
11.0833333333333,5833.17846304705,759.487898850851,6494.25190934134,17.7912793311712
11.125,5833.9923925135,759.138774539892,6496.8182240072,17.791129675105
11.1666666666667,5834.57793225355,758.897629976405,6498.66208454309,17.7910296711058
11.2083333333333,5835.16556863827,758.664668781444,6500.51247620076,17.7909296911018
11.25,5835.63534865027,758.483126790642,6501.99267956809,17.7908498555489
11.2916666666667,5836.34641372937,758.219407181518,6504.23027784378,17.7907447577558
11.3333333333333,5836.93940531894,758.007129327734,6506.09749674065,17.7906647192162
11.375,5837.5346519892,757.801300054005,6507.96998109811,17.7905847607561
11.4166666666667,5838.37131257364,757.523481565774,6510.60012679728,17.7904798355858
11.4583333333333,5838.77031963748,757.396282445422,6511.854624998,17.7904298555778
11.5,5839.09593881366,757.293886641103,6512.87981593769,17.7903893272618
11.5416666666667,5840.053824064,757.0047610048,6515.89065860267,17.7902948629333
11.5833333333333,5840.53801460946,756.864423921592,6517.4118310351,17.7902498335034
11.625,5841.14371967606,756.693926333533,6519.31368112777,17.7901922969406
11.6666666666667,5841.75100274427,756.528671966397,6521.22028787679,17.7901398766277
11.7083333333333,5842.35999345927,756.368988563318,6523.13174998501,17.7900972957521
11.75,5842.97041373349,756.214122545018,6525.04600340936,17.790044882593
11.7916666666667,5843.76732775278,756.019731733173,6527.54691037504,17.7899922906291
11.8333333333333,5844.11198849563,755.937545970006,6528.62872307405,17.789966613184
11.875,5844.81007064748,755.772024089928,6530.81698971223,17.789922373741
11.9166666666667,5845.42495066947,755.594370393675,6532.74612954268,17.7898848810567
11.9583333333333,5846.04166739474,755.373473406541,6534.68154614261,17.7898473683768
12,5846.65897027303,755.111441858986,6536.6140360156,17.7898099608761
12.0416666666667,5847.28383967167,754.795404393994,6538.57238933333,17.7897796586987
12.0833333333333,5847.81504610811,754.506620901153,6540.23890271012,17.7897533045924
12.125,5848.9237100585,753.801902959052,6543.71233271336,17.7897087265037
12.1666666666667,5849.07932727764,753.692970905655,6544.19980833958,17.7897024768162
12.2083333333333,5849.76716101089,753.184901755669,6546.35455675557,17.7896749033663
12.25,5850.39161105642,752.688465647059,6548.31010284514,17.7896499157263
12.2916666666667,5851.20628027186,751.988999016492,6550.85973624388,17.7896173789505
12.3333333333333,5851.55835213709,751.674105442422,6551.96281630193,17.78961
12.375,5852.4801925005,750.791766263442,6554.84794781531,17.7895766058765
12.4166666666667,5852.89891762776,750.370802312231,6556.16000068807,17.7895599618762
12.4583333333333,5853.5280612909,749.71057511458,6558.12844562394,17.7895474591014
12.5,5854.41305169766,748.728900581884,6560.89674153569,17.7895248646671
12.5416666666667,5855.00844266227,748.051371786979,6562.75864529853,17.78951
12.5833333333333,5855.17300802402,747.858141435035,6563.2719196957,17.7895098153353
12.625,5856.43474840464,746.306546363854,6567.21815888045,17.7894799358657
12.6666666666667,5857.00181757712,745.587660579371,6568.99177676316,17.7894674775661
12.7083333333333,5857.15993467127,745.381670878856,6569.4867520144,17.7894612278786
12.75,5858.27109177811,743.893836887556,6572.96034988906,17.7894474767016
12.7916666666667,5858.42976244278,743.675820895552,6573.45635188806,17.7894412298251
12.8333333333333,5859.22677138514,742.558720527653,6575.94609528953,17.7894249553755
12.875,5859.86296981404,741.643155179364,6577.93569727654,17.78942
12.9166666666667,5860.50009795918,740.707754706683,6579.92555715086,17.7894099588636
12.9583333333333,5861.20272115211,739.647956650465,6582.12210812681,17.7893974546255
13,5861.85878404,738.6408815096,6584.174117176,17.78939
13.0416666666667,5862.54996734334,737.552794005205,6586.33261874675,17.7893849026627
13.0833333333333,5863.18060932274,736.55252079932,6588.30140175339,17.78938
13.125,5863.69865866667,735.709452533333,6589.9214,17.7893749066667
13.1666666666667,5864.418542487,734.525612392376,6592.17047754232,17.7893633032654
13.2083333333333,5864.78118114446,733.921723428571,6593.30269107643,17.78936
13.25,5865.78674795441,732.216893722855,6596.44346874625,17.78935
13.2916666666667,5866.25792003198,731.404780434852,6597.91604258993,17.7893474529177
13.3333333333333,5866.90029507455,730.286226475333,6599.91966652657,17.78934
13.375,5867.54225728173,729.152072986499,6601.92659441944,17.78934
13.4166666666667,5868.44182305744,727.54109371718,6604.73669218713,17.78933
13.4583333333333,5868.87081812608,726.763071592696,6606.07615640144,17.78933
13.5,5869.47347842784,725.662821886589,6607.95474328233,17.7893299518752
13.5416666666667,5870.11725342931,724.471407927214,6609.96632625475,17.78932
13.5833333333333,5870.76145743774,723.267541351735,6611.97816282428,17.7893149523752
13.625,5871.40663884754,722.05153522569,6613.99148872749,17.78931
13.6666666666667,5872.05159146315,720.82372759876,6616.00608015201,17.78931
13.7083333333333,5872.6978269905,719.582072470565,6618.02129001099,17.7893074501549
13.75,5873.34340583258,718.330661890189,6620.03702055806,17.7893
13.7916666666667,5873.9893422409,717.067544308123,6622.05459260504,17.7893
13.8333333333333,5874.63654467047,715.794753888989,6624.07193858586,17.7893
13.875,5875.28377531634,714.509610113343,6626.0911287916,17.7893
13.9166666666667,5875.79929439039,713.478595164765,6627.70155876677,17.7893
13.9583333333333,5876.79291102046,711.476521276011,6630.80078570419,17.78929
14,5877.22449917742,710.599305819274,6632.14979126989,17.78929
14.0416666666667,5877.87354445577,709.274745558021,6634.1734671944,17.78929
14.0833333333333,5878.52146548326,707.943569105447,6636.19469154623,17.78929
14.125,5878.97361422222,707.009321477477,6637.60676648649,17.78929
14.1666666666667,5880.07832149867,704.711748368,6641.05194469867,17.78928
14.2083333333333,5880.63904933867,703.5386433216,6642.80076048,17.78928
14.25,5880.86197246847,703.069667754955,6643.49786918919,17.7892798976577
14.2916666666667,5881.89433721711,700.887251489004,6646.71923820605,17.78927
14.3333333333333,5882.28390046232,700.060780054038,6647.93385162814,17.78927
14.375,5883.23621092218,698.027454618124,6650.90573402681,17.78927
14.4166666666667,5883.46030564965,697.547649765766,6651.60387406607,17.78927
14.4583333333333,5884.49491006264,695.320720224177,6654.82846159936,17.78927
14.5,5885.01573651365,694.192511239124,6656.45454634263,17.78927
14.5416666666667,5885.66556595702,692.780293550025,6658.48250381209,17.78927
14.5833333333333,5886.06161904419,691.916264853429,6659.71886011598,17.78927
14.625,5887.09677145142,689.650906894842,6662.94602897241,17.78927
14.6666666666667,5887.88122459384,687.922776812325,6665.39329551821,17.78927
14.7083333333333,5888.69185131574,686.13150594981,6667.92166428314,17.78927
14.75,5889.17883441377,685.051843108443,6669.44060593838,17.78927
14.7916666666667,5889.39558778178,684.569483497932,6670.11754338002,17.78927
14.8333333333333,5890.22395408696,682.725213857471,6672.69920181109,18.0555053408096
14.875,5890.87624621476,681.267981791242,6674.73180956209,18.5210006187163
14.9166666666667,5891.52846610227,679.807567537676,6676.76267179426,19.1294687730211
14.9583333333333,5892.18302428786,678.339738765817,6678.79709236582,19.8424326466767
15,5892.839689988,676.868921051621,6680.82881032413,20.6092944451381
15.0416666666667,5893.50023531294,675.393352832633,6682.86089173365,21.4106600585483
15.0833333333333,5894.16131202881,673.917488966787,6684.88698522609,22.2330920507403
15.125,5894.83795264865,672.416594940541,6686.93810291892,22.9734191675676
15.1666666666667,5895.77671150303,670.345943670732,6689.75843043658,23.6661958027328
15.2083333333333,5896.320006368,669.154608773333,6691.37595296,23.9114131842133
15.25,5896.8695649685,667.955684388839,6692.99850577858,24.0717137378938
15.2916666666667,5897.77092165867,666.004487614708,6695.6291393765,24.2295984952038
15.3333333333333,5898.16196981993,665.161112280112,6696.76380517807,24.2793330961718
15.375,5898.9597738051,663.449798787406,6699.05732398201,24.3391705026687
15.4166666666667,5899.66860818882,661.941146327833,6701.07231108711,24.3720548227223
15.4583333333333,5900.81764946327,659.514515430685,6704.30153287356,24.4008752801599
15.5,5901.24375791748,658.616804688972,6705.49361322131,24.4088052371493
15.5416666666667,5901.83357052252,657.396940253053,6707.12682371171,24.4149499374575
15.5833333333333,5903.04721461574,654.983389256015,6710.45944681464,24.4230938244351
15.625,5903.54542852002,654.019178789024,6711.82055676113,24.4254939465587
15.6666666666667,5903.73481973974,653.663582970971,6712.33479356957,24.4261172245045
15.7083333333333,5904.94690729092,651.389819178071,6715.6230589916,24.2427967698279
15.75,5905.33678334867,650.657969016203,6716.68170290058,24.0705211706341
15.7916666666667,5906.31730508863,648.81766600933,6719.34351476743,23.2644448537118
15.8333333333333,5906.75220678278,648.001430239039,6720.52312300701,22.8209396493694
15.875,5907.77599545291,646.080528353929,6723.30002073185,21.6046382327534
15.9166666666667,5907.92721520896,645.797210017596,6723.70993874825,21.41055204999
15.9583333333333,5908.95307687356,643.871584064368,6726.49377655172,20.374439096092
16,5909.09488097151,643.605716997901,6726.87795946027,20.2846027642579
16.0416666666667,5909.88817686737,642.116772051744,6729.03037924652,19.9293139527105
16.0833333333333,5910.24781312537,641.442342445911,6730.00535165767,19.8286626991402
16.125,5910.90245592482,640.213416038392,6731.78264506299,19.711024884863
16.1666666666667,5911.07459521121,639.890016267468,6732.25048234635,19.6900446346346
16.2083333333333,5911.7902691287,638.60249267466,6734.19592401279,19.6302811394085
16.25,5912.3104,637.711048,6735.61054857143,19.6025432
16.2916666666667,5912.83653721939,636.850713188206,6737.04642948126,19.5844782650275
16.3333333333333,5913.36892924092,636.016023465146,6738.49911953995,19.5713948862886
16.375,5913.90750023402,635.206315740774,6739.96958513051,19.5618352972097
16.4166666666667,5914.44959562756,634.420593319332,6741.4571010221,19.5546134524652
16.4583333333333,5914.99939063787,633.662056895821,6742.96148045991,19.5491978257948
16.5,5915.7811055069,632.640407070186,6745.10552015597,19.5434412488302
16.5416666666667,5916.30801485149,631.969475056106,6746.55326314632,19.5400552521452
16.5833333333333,5916.45327094294,631.79086555996,6746.95350963764,19.5392637034635
16.625,5917.24580931014,630.850976167966,6749.13498176365,19.5354874320336
16.6666666666667,5917.82086850975,630.200468233083,6750.71589771514,19.5331496932334
16.7083333333333,5918.39898937256,629.569719091364,6752.30856420294,19.5311059276694
16.75,5918.98188237481,628.927011023688,6753.9169450075,19.529246315922
16.7916666666667,5919.56917702281,628.255238726691,6755.53707883153,19.5275593590236
16.8333333333333,5920.1590515017,627.555969603279,6757.1684365047,19.5260127558888
16.875,5920.75444484703,626.824385316137,6758.81464453509,19.5246159079784
16.9166666666667,5921.352910051,626.067570284628,6760.47055720372,19.5233139373937
16.9583333333333,5921.95523861986,625.284806381038,6762.13802284628,19.5221167455146
17,5922.802022544,624.1495953696,6764.484844608,19.52059827472
17.0416666666667,5923.004522544,623.871428702933,6765.04817794133,19.5202566080533
17.0833333333333,5923.94610145484,622.552399019984,6767.65916786038,19.5188003007461
17.125,5924.39836078055,621.903572235365,6768.91545690784,19.518158619994
17.1666666666667,5925.01766223022,620.999141277728,6770.63627407541,19.5173409915392
17.2083333333333,5926.01873116112,619.499488683668,6773.41852268827,19.5161524743274
17.25,5926.3882919976,618.939687076185,6774.44569929214,19.5157341480504
17.2916666666667,5926.77090657858,618.349329355756,6775.50983143143,19.5153333768969
17.3333333333333,5927.77408554822,616.776376371659,6778.30501303739,19.5143590170233
17.375,5927.98570989002,616.440360241552,6778.89239556089,19.5141673886823
17.4166666666667,5928.92287085657,614.92773136072,6781.50406336432,19.5133811211194
17.4583333333333,5929.42953904,614.100935787733,6782.91640523733,19.5129791850667
17.5,5930.07239890789,613.036307821182,6784.70948916892,19.5125076194419
17.5416666666667,5930.78197169717,611.844308824482,6786.69006685069,19.5120241985399
17.5833333333333,5931.53332188762,610.574837572752,6788.78580688129,19.5115552797974
17.625,5932.07691942446,609.674253640288,6790.30198023981,19.5112372249401
17.6666666666667,5932.74470937229,608.59578666053,6792.16624889867,19.5108627718765
17.7083333333333,5933.1851710991,607.908805403003,6793.3980570971,19.5106364281882
17.75,5933.96564759676,606.726968374437,6795.57562084608,19.5102592424842
17.7916666666667,5934.63002315916,605.764385477478,6797.43490882883,19.5099603319319
17.8333333333333,5935.19050993535,604.968391459042,6799.00195936279,19.5097161745518
17.875,5935.94090352518,603.946851654676,6801.10196467626,19.509418618705
17.9166666666667,5936.60186583458,603.078189685369,6802.95193578958,19.5091737910991
17.9583333333333,5937.2648154982,602.234868618647,6804.80847802321,19.5089362242097
18,5937.9306742446,601.416415079137,6806.67130446043,19.508718894964
18.0416666666667,5938.59611590113,600.627204362654,6808.53666823176,19.5238554709897
18.0833333333333,5939.2645834913,599.86110280224,6810.40854585483,19.694907530254
18.125,5939.73173236036,599.338737034234,6811.71729913514,19.952925716036
18.1666666666667,5940.74289009701,598.256870047005,6814.54807095109,20.8368557446545
18.2083333333333,5941.27818092381,597.701498956742,6816.0442978391,21.3762070875158
18.25,5941.95966149415,597.020682523852,6817.94469872187,22.1310711978398
18.2916666666667,5942.81992875383,596.198793938958,6820.32965352792,22.7989587671865
18.3333333333333,5943.0540730971,595.981382865265,6820.97646064465,22.9254759903904
18.375,5944.43977032103,594.758996544855,6824.77348561656,23.3462609711371
18.4166666666667,5944.85045008398,594.407555539092,6825.89408463707,23.4304694818636
18.4583333333333,5945.27772060861,594.056767732532,6827.0523950991,23.4820709413413
18.5,5946.11369135832,593.38160077961,6829.31178901349,23.5537341812294
18.5416666666667,5947.27120216022,592.443140752075,6832.44072349235,23.6018947737574
18.5833333333333,5947.7493749775,592.030912029203,6833.73460288029,23.6122895632363
18.625,5948.06417723545,591.752267414283,6834.58416440888,23.6182321876375
18.6666666666667,5948.67966907746,591.157272905547,6836.24692809195,23.6252568243478
18.7083333333333,5949.27165144058,590.535196323729,6837.84818754702,23.6293224095238
18.75,5949.95956958608,589.791268087582,6839.70720665867,23.6322166733053
18.7916666666667,5950.51265936267,589.193467690667,6841.20183077333,23.6338401884
18.8333333333333,5950.9446069786,588.726284959408,6842.36940711858,23.6347861408518
18.875,5951.46742308338,588.160034032394,6843.78390785843,23.635760224835
18.9166666666667,5951.97564332033,587.610695072707,6845.15617375338,23.6366551776378
18.9583333333333,5952.45403935974,587.080333243697,6846.45541659864,23.6376747252501
19,5952.97363719172,586.464445544554,6847.88004277228,23.6395156090009
19.0416666666667,5953.36753273043,585.968838419901,6848.97126901427,23.6414743095372
19.0833333333333,5953.65353488762,585.582061592648,6849.77273942663,23.6434305784437
19.125,5953.9765465066,585.112816062425,6850.69265142857,23.6462167385354
19.1666666666667,5954.26350478648,584.657680337234,6851.52545505751,23.6493198661466
19.2083333333333,5954.51185781244,584.218101870826,6852.26308835833,23.652695740212
19.25,5954.72767067507,583.791627593159,6852.92012982898,23.6562110574257
19.2916666666667,5954.95674006201,583.256091485949,6853.65157959796,23.6609377963396
19.3333333333333,5955.077540864,582.9256194752,6854.05517627733,23.66397472352
19.375,5955.17891013501,582.589041764176,6854.41691290729,23.6671521562556
19.4166666666667,5955.26941636473,582.212142377924,6854.7678505099,23.6707892761448
19.4583333333333,5955.33664131534,581.848297233783,6855.06622769415,23.6736432057971
19.5,5955.42875034814,581.325420781513,6855.46773948379,23.6752525756303
19.5416666666667,5955.48984734073,580.958816536454,6855.73028308231,23.6757737874387
19.5833333333333,5955.5071277037,580.845438808408,6855.80286131732,23.6757755806206
19.625,5955.60374467813,580.114670733307,6856.22107241903,23.6753030738105
19.6666666666667,5955.65034788679,579.712227337934,6856.42502011401,23.6748915967597
19.7083333333333,5955.70709594959,579.17983620202,6856.67250680268,23.6742987329933
19.75,5955.76845678582,578.61679730009,6856.92466103935,23.673277126945
19.7916666666667,5955.85256527262,578.015109040144,6857.22746275215,23.6998735447573
19.8333333333333,5955.94150169118,577.38580468608,6857.53725591914,23.9260442313219
19.875,5956.0275159676,576.72555720252,6857.83830588659,24.3746233695769
19.9166666666667,5956.11166102841,576.036105262105,6858.13130337735,24.9634861366947
19.9583333333333,5956.21331677802,575.12604468547,6858.48586598653,25.8368333743282
20,5956.24039863063,574.86610468949,6858.58182753153,26.0944604999399
20.0416666666667,5956.34665196827,573.803853502366,6858.95105022995,27.1580045894021
20.0833333333333,5956.44945968812,572.674711652139,6859.31061438091,28.2813921378915
20.125,5956.51943169932,571.839295818473,6859.55634942023,29.0960745982407
20.1666666666667,5956.551137016,571.447497289867,6859.66781542667,29.4745020707733
20.2083333333333,5956.64877054567,570.216201338397,6860.01012683856,30.3565947562929
20.25,5956.6913608526,569.673326554188,6860.16127020114,30.6067356706094
20.2916666666667,5956.7538930214,568.884687539292,6860.3803519936,30.8466530346731
20.3333333333333,5956.82754795441,567.969562746651,6860.634395009,31.0212545225355
20.375,5956.87512504202,567.379577613445,6860.79792201681,31.1029388033613
20.4166666666667,5956.955339328,566.375671253333,6861.07617736533,31.1826856535467
20.4583333333333,5957.010339328,565.690254586667,6861.26701069867,31.2127773202133
20.5,5957.03510514697,565.377928796641,6861.35370385123,31.2241647412118
20.5416666666667,5957.11104959467,564.420400850133,6861.61907178667,31.2453787475733
20.5833333333333,5957.14518188506,563.999941177012,6861.73559310345,31.2512192165517
20.625,5957.21953393393,563.380372843243,6861.94914162162,31.2551605578378
20.6666666666667,5957.29756541867,562.870490621867,6862.15189772267,31.25655968352
20.7083333333333,5957.46240720822,562.167261519274,6862.52561081232,31.1550460186741
20.75,5957.47425230954,562.174757521296,6862.54328595081,30.9471121816437
20.7916666666667,5957.49405339198,562.209838096761,6862.56505339198,30.3400638532854
20.8333333333333,5957.5035684943,562.225969484503,6862.57507610478,30.1610156664667
20.875,5957.5110312605,562.239459394958,6862.5830312605,30.0495590789916
20.9166666666667,5957.5266937229,562.265805086519,6862.60035497832,29.9146918292309
20.9583333333333,5957.53620040743,562.281247372878,6862.60971710805,29.8696273417216
21,5957.54670217513,562.300234132747,6862.62137391444,29.8282403003599
21.0416666666667,5957.55506354048,562.314453253277,6862.63006354048,29.8086662927249
21.0833333333333,5957.56406330233,562.330398118612,6862.64005538954,29.7939099419142
21.125,5957.57380518141,562.345794596702,6862.64906306447,29.78505705991
21.1666666666667,5957.58255293929,562.360587727973,6862.65855293929,29.7795395135113
21.2083333333333,5957.59130540616,562.374940232893,6862.666547491,29.7762125866346
21.25,5957.59615138572,562.383675858428,6862.67316820636,29.7748991424115
21.2916666666667,5957.606516624,562.402479369067,6862.68502216533,29.7735991133867
21.3333333333333,5957.61504927693,562.415683770777,6862.69205748975,29.7734518068207
21.375,5957.622550027,562.428383378338,6862.700550027,29.7737810852685
21.4166666666667,5957.63004803357,562.440727654277,6862.70804803357,29.7743895631894
21.4583333333333,5957.63451537554,562.44913690129,6862.71327306331,29.7749200369637
21.5,5957.64467775155,562.465724940988,6862.72367775155,29.7762255503101
21.5416666666667,5957.64858150589,562.473295080487,6862.72758150589,29.7769133669662
21.5833333333333,5957.65602462369,562.486335293953,6862.73602462369,29.7781735293953
21.625,5957.66313,562.497053125,6862.74313,29.7792762875
21.6666666666667,5957.6676720725,562.505788290017,6862.74901621751,29.7801989911769
21.7083333333333,5957.67429252598,562.517090490008,6862.75529252598,29.7814448995204
21.75,5957.67901623049,562.52478164946,6862.76052434574,29.7823084895558
21.7916666666667,5957.68577581535,562.535987817346,6862.76803442046,29.783582056195
21.8333333333333,5957.69054107643,562.545008328531,6862.77354107643,29.7846118186875
21.875,5957.69375803298,562.551153115442,6862.77751606597,29.7853232131934
21.9166666666667,5957.70103446178,562.562407723489,6862.78354307723,29.7865965477391
21.9583333333333,5957.70603373113,562.570629813093,6862.78903373113,29.7875388245877
22,5957.71103600839,562.578655813006,6862.79403600839,29.7884363014684
22.0416666666667,5957.71577451051,562.586374838038,6862.79903268068,29.7893055557157
22.0833333333333,5957.72003463068,562.593951946027,6862.80403463068,29.7901355409095
22.125,5957.72427478104,562.601222083983,6862.80827478104,29.7909428692262
22.1666666666667,5957.72800831533,562.608223282913,6862.81300831533,29.7917024114446
22.2083333333333,5957.73158660268,562.615190296341,6862.81658660268,29.7924297224555
22.25,5957.735344816,562.62078102,6862.819672408,29.79302827424
22.2916666666667,5957.73977718056,562.62819530094,6862.82477718056,29.7937821206959
22.3333333333333,5957.74403402078,562.63439167546,6862.82903402078,29.794409167546
22.375,5957.74675887087,562.63862129009,6862.83175887087,29.7948245403003
22.4166666666667,5957.75067907522,562.64776187301,6862.83801861283,29.7957160011726
22.4583333333333,5957.75277621362,562.651938446645,6862.84051747575,29.7961060825283
22.5,5957.75703545154,562.658456722472,6862.84403545154,29.7967102291029
22.5416666666667,5957.75950594133,562.662713070933,6862.84650594133,29.79709106944
22.5833333333333,5957.76401175168,562.669922915783,6862.85101175168,29.7977119977862
22.625,5957.76567875175,562.673173565913,6862.85267875175,29.7979953877976
22.6666666666667,5957.76902763047,562.677751576885,6862.85503684063,29.7983742366727
22.7083333333333,5957.772518024,562.683938896267,6862.85934534933,29.7988800756533
22.75,5957.7750090129,562.687015321932,6862.8610090129,29.7991211716772
22.7916666666667,5957.7780724815,562.691446037992,6862.8640724815,29.7994572481504
22.8333333333333,5957.78,562.695076494766,6862.86667280923,29.7997307371074
22.875,5957.78317277344,562.70113559768,6862.87134554689,29.8001897378924
22.9166666666667,5957.78401783648,562.703715161013,6862.87300891824,29.8003809810067
22.9583333333333,5957.78651880895,562.707786521183,6862.87503761791,29.8835513133493
23,5957.787672808,562.7109419312,6862.876672808,30.05481003232
23.0416666666667,5957.79051796502,562.715487726537,6862.87977694753,30.6595436065967
23.0833333333333,5957.792,562.719074704533,6862.88233907467,31.2888467692533
23.125,5957.79303548348,562.721397902703,6862.88403548348,31.7626150669069
23.1666666666667,5957.79500891289,562.725312478048,6862.88700891289,32.6423800726073
23.2083333333333,5957.79703708509,562.728670461662,6862.88955562763,33.3185023421822
23.25,5957.7986727389,562.731374560576,6862.891,33.7693054858057
23.2916666666667,5957.80125928236,562.734722277661,6862.89377784708,34.1075491024088
23.3333333333333,5957.80301792579,562.737721510951,6862.896,34.2924948944494
23.375,5957.804,562.7397349967,6862.89675908791,34.3825174159016
23.4166666666667,5957.81159639164,562.743319278328,6862.90714020602,34.4828074789079
23.4583333333333,5957.82838331833,562.745234776678,6862.93169553355,34.5178309391339
23.5,5957.93807877588,562.749683120312,6863.08955192319,34.5569647781578
23.5416666666667,5958.01881568847,562.752007731146,6863.20646386877,34.5697779609789
23.5833333333333,5958.16028957296,562.754821649765,6863.41185434944,34.5778920040004
23.625,5958.33672302249,562.757644702849,6863.66613916642,34.5816750116941
23.6666666666667,5958.49679254902,562.759760137255,6863.89865196078,34.583007672549
23.7083333333333,5958.88649269372,562.764019512293,6864.46329513758,34.5826358292225
23.75,5959.16172096,562.766506008,6864.8620514,34.58146633512
23.7916666666667,5959.26172096,562.767339341333,6865.00788473333,34.5809580017867
23.8333333333333,5959.673518005,562.770416663268,6865.6046474043,34.578791761959
23.875,5959.91561474632,562.771983589313,6865.95522554188,34.5775355331132
23.9166666666667,5960.41755387344,562.774971847436,6866.68362204974,34.9016448495566
23.9583333333333,5960.64703476247,562.776226300998,6867.01732670659,35.2297356319361
24,5961.03919241296,562.778106521008,6867.58574204082,35.9312659303721
24.0416666666667,5961.29702587387,562.779423932733,6867.96181942743,36.4948663684485
24.0833333333333,5961.66625036815,562.781210357343,6868.49827668667,37.3776171523009
24.125,5961.93365168566,562.782481832034,6868.88741896821,38.0760865766047
24.1666666666667,5962.36654698914,562.784507630888,6869.51623376907,38.9486629668066
24.2083333333333,5962.55226888933,562.785423747885,6869.78440619895,39.1735197194217
24.25,5962.70111805405,562.786121167568,6870.00098464865,39.3220695848649
24.2916666666667,5963.06983164167,562.787959960008,6870.53550792242,39.5513573644471
24.3333333333333,5963.32493188119,562.789105647765,6870.90437428943,39.6509564085209
24.375,5963.52483053453,562.790167589189,6871.19655036637,39.6995426205405
24.4166666666667,5963.79680156369,562.791404163967,6871.59420755049,39.748967319776
24.4583333333333,5963.93960095181,562.792164223955,6871.8130639872,39.7690018613077
24.5,5964.13921096361,562.793302041583,6872.1404015114,39.7945891946421
24.5416666666667,5964.16503396775,562.793551941623,6872.18954851926,39.7981627652139
24.5833333333333,5964.2120609781,562.79440609781,6872.32420124812,39.8097545764176
24.625,5964.200809376,562.794953404,6872.36053404,39.81567298088
24.6666666666667,5964.1579150075,562.795404105211,6872.34769210921,39.8195114337434
24.7083333333333,5964.06688779278,562.795904155216,6872.28737671767,39.8236680339634
24.75,5963.93939420168,562.796401923169,6872.18044228091,39.8273532698679
24.7916666666667,5963.80152104104,562.796808217818,6872.05116485285,39.8300942375976
24.8333333333333,5963.56313398979,562.797403887521,6871.81709511458,39.8339234223156
24.875,5963.3172829754,562.797904143971,6871.56467937612,39.8369244494301
24.9166666666667,5962.98857214921,562.798506157816,6871.21887715172,39.8398589128513
24.9583333333333,5962.77024658532,562.799002790425,6870.98820472895,39.8411520928186
25,5962.39755692923,562.800204203119,6870.59547987205,40.1121127467413
25.0416666666667,5962.22595890177,562.800704003199,6870.41471884313,40.4144751351193
25.0833333333333,5962.08905132332,562.801214030831,6870.26983083884,40.7032931608408
25.125,5961.74929453673,562.802508105547,6869.91169321739,41.6027808861169
25.1666666666667,5961.33054505099,562.804202021996,6869.47251472106,42.6303351709658
25.2083333333333,5961.27430629874,562.804451972006,6869.41252671866,42.7175052369526
25.25,5961.06324230561,562.805207153407,6869.19015033323,42.9807485797658
25.2916666666667,5960.8531123741,562.806082492406,6868.9690267466,43.1476445408473
25.3333333333333,5960.67929060106,562.807008130413,6868.78622962296,43.2535675270327
25.375,5960.55563484103,562.808084053989,6868.65659460108,43.3175821320936
25.4166666666667,5960.46195279178,562.809803372015,6868.56093930372,43.3653603779112
25.4583333333333,5960.45611712418,562.810220205415,6868.55343630252,43.3715878689076
25.5,5960.47019721739,562.811657669565,6868.57073008696,43.3864231895652
25.5416666666667,5960.50030206621,562.812760788079,6868.60382364236,43.3947340249625
25.5833333333333,5960.51306244702,562.813134721045,6868.61773605225,43.3973775602026
25.625,5960.54356489796,562.81403477551,6868.65073877551,43.4015008408163
25.6666666666667,5960.55154254197,562.814213563549,6868.65963296563,43.4022111427658
25.7083333333333,5960.58362022124,562.815002828735,6868.69612729308,43.4044159403439
25.75,5960.59966004203,562.815455334734,6868.71368138097,43.4051517217652
25.7916666666667,5960.6245050265,562.816080544054,6868.74102720272,43.4059851507951
25.8333333333333,5960.63471757915,562.816334787976,6868.75239151903,43.4062713091782
25.875,5960.66143744953,562.816852231061,6868.78061155307,43.4067917848491
25.9166666666667,5960.67314587011,562.817103125788,6868.7931667087,43.4069919796658
25.9583333333333,5960.69013271746,562.817478317936,6868.81265483703,43.4072217695661
26,5960.7061491934,562.817853197002,6868.83065985007,43.4074165985007
26.0416666666667,5960.71756703904,562.818076117317,6868.84332821221,43.4075508938539
26.0833333333333,5960.74142877067,562.818668134933,6868.86942877067,43.4077874742133
26.125,5960.75287055789,562.818904383923,6868.8813924775,43.4078860959808
26.1666666666667,5960.76661612394,562.819353167017,6868.89763723738,43.4080110556722
26.2083333333333,5960.78112739496,562.819728184874,6868.91388801121,43.4081284554622
26.25,5960.78921045045,562.819906313514,6868.92225254054,43.4081918940541
26.2916666666667,5960.80736945811,562.820352171966,6868.94236945811,43.408333260188
26.3333333333333,5960.81910616247,562.820602123249,6868.95711677871,43.4084307431373
26.375,5960.83160959808,562.820852191962,6868.97087055789,43.4085130479904
26.4166666666667,5960.84410709858,562.821102141972,6868.98410709858,43.4085857496901
26.4583333333333,5960.85584619262,562.821352137614,6868.99736756876,43.4086580344034
26.5,5960.86230303904,562.821506493694,6869.00432468469,43.4087017316517
26.5416666666667,5960.87803016533,562.8218,6869.02103016533,43.4087901508267
26.5833333333333,5960.89302241952,562.822101494634,6869.03703736586,43.4088702241952
26.625,5960.89552191962,562.822268127974,6869.04120319936,43.4088952191962
26.6666666666667,5960.90909042366,562.822502260591,6869.05560172662,43.4089655651479
26.7083333333333,5960.91832531894,562.82275215197,6869.06532531894,43.4090128227954
26.75,5960.92424470871,562.823004449249,6869.07226695496,43.4090413347748
26.7916666666667,5960.93652291942,562.823250763981,6869.08603055922,43.4091050763981
26.8333333333333,5960.94606547855,562.823502182618,6869.09607639164,43.4091404365237
26.875,5960.95278311431,562.82372610381,6869.10378311431,43.409182610381
26.9166666666667,5960.96206965807,562.824002321936,6869.11408126775,43.4092203482903
26.9583333333333,5960.96904606643,562.8242,6869.12204606643,43.4092552303321
27,5960.97806665867,562.824301110978,6869.13107776845,43.4092903332933
27.0416666666667,5960.98478281428,562.824426093809,6869.13878281428,43.4093226093809
27.0833333333333,5960.995023024,562.8246,6869.150023024,43.4093600767467
27.125,5960.997523024,562.8246,6869.152523024,43.40936841008
27.1666666666667,5961.00606429772,562.8248,6869.16255358143,43.4094002143257
27.2083333333333,5961.0112829643,562.82487609881,6869.1672829643,43.409417609881
27.25,5961.01904502549,562.825051125637,6869.17706753823,43.4094502251274
27.2916666666667,5961.02708870487,562.825252217622,6869.18608870487,43.4094752217622
27.3333333333333,5961.03034868881,562.8253,6869.18934868881,43.409486743444
27.375,5961.03804832384,562.8254,6869.1963104048,43.4095126208096
27.4166666666667,5961.04202291254,562.825451145627,6869.20153436882,43.4095251145627
27.4583333333333,5961.04830901279,562.825626180256,6869.20930901279,43.40955
27.5,5961.05302252625,562.8257,6869.21402252625,43.4095551126313
27.5416666666667,5961.05904735274,562.825926183818,6869.22104735274,43.4095726183818
27.5833333333333,5961.06404723855,562.826,6869.22604723855,43.4095902361928
27.625,5961.06904532534,562.826152266267,6869.23104532534,43.4096076133133
27.6666666666667,5961.07404407885,562.826301101971,6869.23604407886,43.4096201101971
27.7083333333333,5961.07826181673,562.8264,6869.24052363345,43.4096326181673
27.75,5961.0840160064,562.82650160064,6869.2480160064,43.40965
27.7916666666667,5961.08568167366,562.826668167366,6869.24968167366,43.40965
27.8333333333333,5961.0905349895,562.8268,6869.2555349895,43.40966
27.875,5961.09352311938,562.826876155969,6869.25852311938,43.40966
