9380.87,2000,10648.67,9379.799,2000,10648.51,9379.799,2000,10648.51,9379.799,2000,10648.51,9379.799,2000,10648.51
9381.941,2000,10648.83,9380.5,2000,10649.34,9380.305,2000,10649.47,9380.879,2000,10648.59,9380.725,2000,10649.07
9382.961,2000,10649.2,9381.174,2000,10650.18,9380.779,2000,10650.44,9381.961,2000,10648.63,9381.668,2000,10649.6
9383.98,2000,10649.57,9381.819,2000,10651.05,9381.222,2000,10651.43,9383.044,2000,10648.64,9382.629,2000,10650.11
9385,2000,10649.93,9382.437,2000,10651.95,9381.631,2000,10652.43,9384.127,2000,10648.61,9383.605,2000,10650.57
9386.02,2000,10650.3,9383.023,2000,10652.86,9382.008,2000,10653.45,9385.208,2000,10648.54,9384.597,2000,10651.01
9386.919,2000,10650.9,9383.581,2000,10653.78,9382.351,2000,10654.48,9386.287,2000,10648.44,9385.602,2000,10651.42
9387.818,2000,10651.51,9384.107,2000,10654.73,9382.66,2000,10655.51,9387.362,2000,10648.31,9386.619,2000,10651.79
9388.718,2000,10652.11,9384.603,2000,10655.69,9382.936,2000,10656.56,9388.433,2000,10648.14,9387.648,2000,10652.12
9389.617,2000,10652.71,9385.066,2000,10656.67,9383.177,2000,10657.62,9389.496,2000,10647.93,9388.688,2000,10652.43
9390.517,2000,10653.32,9385.498,2000,10657.67,9383.383,2000,10658.68,9390.553,2000,10647.69,9389.737,2000,10652.7
9391.207,2000,10654.15,9385.896,2000,10658.68,9383.554,2000,10659.75,9391.601,2000,10647.42,9390.795,2000,10652.93
9391.896,2000,10654.99,9386.262,2000,10659.7,9383.689,2000,10660.83,9392.64,2000,10647.11,9391.859,2000,10653.13
9392.587,2000,10655.82,9386.594,2000,10660.73,9383.79,2000,10661.91,9393.668,2000,10646.77,9392.93,2000,10653.3
9393.276,2000,10656.66,9386.892,2000,10661.77,9383.855,2000,10662.99,9394.685,2000,10646.39,9394.005,2000,10653.43
9393.966,2000,10657.49,9387.155,2000,10662.82,9383.886,2000,10664.07,9395.688,2000,10645.99,9395.084,2000,10653.52
9394.394,2000,10658.49,9387.385,2000,10663.88,9383.881,2000,10665.15,9396.677,2000,10645.54,9396.166,2000,10653.58
9394.821,2000,10659.48,9387.579,2000,10664.94,9383.84,2000,10666.24,9397.651,2000,10645.07,9397.249,2000,10653.61
9395.25,2000,10660.48,9387.738,2000,10666.01,9383.764,2000,10667.32,9398.61,2000,10644.57,9398.332,2000,10653.59
9395.678,2000,10661.47,9387.862,2000,10667.09,9383.652,2000,10668.39,9399.552,2000,10644.03,9399.414,2000,10653.55
9396.106,2000,10662.47,9387.951,2000,10668.17,9383.506,2000,10669.47,9400.476,2000,10643.46,9400.494,2000,10653.47
9396.268,2000,10663.54,9388.005,2000,10669.25,9383.324,2000,10670.54,9401.38,2000,10642.87,9401.571,2000,10653.35
9396.429,2000,10664.61,9388.023,2000,10670.34,9383.107,2000,10671.6,9402.265,2000,10642.24,9402.644,2000,10653.2
9396.59,2000,10665.68,9388.006,2000,10671.42,9382.856,2000,10672.65,9403.128,2000,10641.59,9403.711,2000,10653.01
9396.751,2000,10666.75,9387.953,2000,10672.5,9382.571,2000,10673.7,9403.97,2000,10640.9,9404.771,2000,10652.79
9396.912,2000,10667.82,9387.865,2000,10673.58,9382.252,2000,10674.73,9404.789,2000,10640.2,9405.824,2000,10652.53
9396.825,2000,10668.9,9387.775,2000,10674.66,9381.898,2000,10675.76,9405.584,2000,10639.46,9406.867,2000,10652.24
9396.738,2000,10669.98,9387.689,2000,10675.74,9381.512,2000,10676.77,9406.354,2000,10638.7,9407.903,2000,10651.92
9396.651,2000,10671.06,9387.609,2000,10676.82,9381.092,2000,10677.77,9407.1,2000,10637.91,9408.939,2000,10651.61
9396.564,2000,10672.14,9387.535,2000,10677.9,9380.64,2000,10678.75,9407.819,2000,10637.1,9409.977,2000,10651.29
9396.478,2000,10673.22,9387.467,2000,10678.98,9380.155,2000,10679.72,9408.512,2000,10636.27,9411.014,2000,10650.98
9396.391,2000,10674.3,9387.404,2000,10680.06,9379.64,2000,10680.67,9409.177,2000,10635.41,9412.052,2000,10650.67
9396.06,2000,10675.33,9387.347,2000,10681.15,9379.094,2000,10681.61,9409.813,2000,10634.54,9413.091,2000,10650.36
9395.729,2000,10676.37,9387.295,2000,10682.23,9378.518,2000,10682.53,9410.421,2000,10633.64,9414.13,2000,10650.05
9395.397,2000,10677.4,9387.248,2000,10683.31,9377.911,2000,10683.42,9410.999,2000,10632.72,9415.17,2000,10649.75
9395.066,2000,10678.43,9387.206,2000,10684.39,9377.275,2000,10684.3,9411.547,2000,10631.79,9416.211,2000,10649.45
9394.735,2000,10679.46,9387.168,2000,10685.47,9376.611,2000,10685.16,9412.063,2000,10630.84,9417.252,2000,10649.15
9394.405,2000,10680.49,9387.135,2000,10686.56,9375.92,2000,10685.99,9412.549,2000,10629.87,9418.294,2000,10648.86
9394.075,2000,10681.52,9387.105,2000,10687.64,9375.201,2000,10686.8,9413.002,2000,10628.88,9419.337,2000,10648.56
9393.514,2000,10682.45,9387.079,2000,10688.72,9374.457,2000,10687.59,9413.423,2000,10627.88,9420.38,2000,10648.27
9392.951,2000,10683.37,9387.057,2000,10689.81,9373.688,2000,10688.35,9413.811,2000,10626.87,9421.424,2000,10647.98
9392.39,2000,10684.3,9387.037,2000,10690.89,9372.894,2000,10689.09,9414.165,2000,10625.85,9422.469,2000,10647.7
9391.828,2000,10685.23,9387.021,2000,10691.97,9372.075,2000,10689.8,9414.486,2000,10624.81,9423.514,2000,10647.41
9391.267,2000,10686.15,9387.007,2000,10693.06,9371.234,2000,10690.48,9414.773,2000,10623.77,9424.56,2000,10647.13
9390.704,2000,10687.08,9386.996,2000,10694.14,9370.372,2000,10691.14,9415.026,2000,10622.72,9425.605,2000,10646.85
9390.143,2000,10688,9386.988,2000,10695.22,9369.488,2000,10691.76,9415.244,2000,10621.65,9426.652,2000,10646.57
9389.396,2000,10688.79,9386.983,2000,10696.3,9368.585,2000,10692.36,9415.438,2000,10620.59,9427.699,2000,10646.29
9388.65,2000,10689.57,9386.98,2000,10697.39,9367.662,2000,10692.93,9415.625,2000,10619.52,9428.747,2000,10646.01
9387.904,2000,10690.36,9386.979,2000,10698.47,9366.722,2000,10693.46,9415.805,2000,10618.45,9429.795,2000,10645.74
9387.158,2000,10691.14,9386.98,2000,10699.55,9365.764,2000,10693.97,9415.978,2000,10617.38,9430.844,2000,10645.47
9386.412,2000,10691.93,9386.982,2000,10700.64,9364.798,2000,10694.46,9416.144,2000,10616.31,9431.893,2000,10645.2
9385.666,2000,10692.71,9386.986,2000,10701.72,9363.829,2000,10694.95,9416.304,2000,10615.24,9432.942,2000,10644.93
9384.92,2000,10693.5,9386.991,2000,10702.8,9362.857,2000,10695.42,9416.458,2000,10614.17,9433.992,2000,10644.66
9384.037,2000,10694.13,9386.998,2000,10703.89,9361.882,2000,10695.9,9416.606,2000,10613.1,9435.042,2000,10644.39
9383.154,2000,10694.75,9387.006,2000,10704.97,9360.904,2000,10696.36,9416.75,2000,10612.02,9436.093,2000,10644.13
9382.271,2000,10695.38,9387.015,2000,10706.05,9359.912,2000,10696.8,9416.858,2000,10610.94,9437.144,2000,10643.87
9381.389,2000,10696.01,9387.024,2000,10707.13,9358.906,2000,10697.2,9416.932,2000,10609.86,9438.194,2000,10643.6
9380.506,2000,10696.64,9387.07,2000,10708.22,9357.888,2000,10697.57,9416.97,2000,10608.78,9439.246,2000,10643.34
9379.623,2000,10697.27,9387.151,2000,10709.3,9356.857,2000,10697.9,9416.972,2000,10607.7,9440.298,2000,10643.08
9378.74,2000,10697.89,9387.268,2000,10710.37,9355.816,2000,10698.2,9416.938,2000,10606.61,9441.35,2000,10642.82
9377.857,2000,10698.52,9387.419,2000,10711.45,9354.767,2000,10698.47,9416.87,2000,10605.53,9442.409,2000,10642.6
9376.87,2000,10698.97,9387.605,2000,10712.51,9353.708,2000,10698.7,9416.767,2000,10604.46,9443.476,2000,10642.41
9375.883,2000,10699.41,9387.827,2000,10713.57,9352.643,2000,10698.9,9416.627,2000,10603.38,9444.548,2000,10642.26
9374.896,2000,10699.86,9388.083,2000,10714.63,9351.571,2000,10699.06,9416.453,2000,10602.31,9445.625,2000,10642.14
9373.908,2000,10700.31,9388.35,2000,10715.68,9350.495,2000,10699.19,9416.244,2000,10601.25,9446.705,2000,10642.05
9372.921,2000,10700.75,9388.612,2000,10716.73,9349.416,2000,10699.28,9416,2000,10600.19,9447.787,2000,10642.01
9371.934,2000,10701.2,9388.871,2000,10717.78,9348.334,2000,10699.33,9415.722,2000,10599.15,9448.87,2000,10641.99
9370.946,2000,10701.64,9389.126,2000,10718.83,9347.251,2000,10699.35,9415.409,2000,10598.11,9449.953,2000,10642
9369.959,2000,10702.09,9389.376,2000,10719.89,9346.168,2000,10699.34,9415.063,2000,10597.08,9451.036,2000,10642
9368.972,2000,10702.54,9389.621,2000,10720.94,9345.086,2000,10699.29,9414.684,2000,10596.07,9452.119,2000,10642
9367.916,2000,10702.78,9389.901,2000,10721.99,9344.006,2000,10699.21,9414.271,2000,10595.07,9453.202,2000,10642.03
9366.86,2000,10703.03,9390.216,2000,10723.02,9342.93,2000,10699.08,9413.826,2000,10594.08,9454.283,2000,10642.1
9365.805,2000,10703.27,9390.563,2000,10724.05,9341.857,2000,10698.93,9413.349,2000,10593.11,9455.361,2000,10642.2
9364.749,2000,10703.51,9390.944,2000,10725.06,9340.791,2000,10698.74,9412.84,2000,10592.15,9456.436,2000,10642.34
9363.693,2000,10703.76,9391.358,2000,10726.07,9339.731,2000,10698.51,9412.3,2000,10591.21,9457.505,2000,10642.51
9362.638,2000,10704,9391.805,2000,10727.05,9338.68,2000,10698.25,9411.729,2000,10590.29,9458.568,2000,10642.72
9361.582,2000,10704.25,9392.283,2000,10728.02,9337.637,2000,10697.96,9411.13,2000,10589.39,9459.624,2000,10642.96
9360.526,2000,10704.49,9392.794,2000,10728.98,9336.604,2000,10697.63,9410.501,2000,10588.51,9460.671,2000,10643.24
9359.471,2000,10704.74,9393.335,2000,10729.92,9335.583,2000,10697.27,9409.843,2000,10587.65,9461.708,2000,10643.55
9358.389,2000,10704.79,9393.906,2000,10730.84,9334.574,2000,10696.87,9409.157,2000,10586.81,9462.734,2000,10643.9
9357.307,2000,10704.83,9394.508,2000,10731.74,9333.579,2000,10696.45,9408.444,2000,10585.99,9463.749,2000,10644.28
9356.225,2000,10704.88,9395.139,2000,10732.62,9332.599,2000,10695.99,9407.705,2000,10585.2,9464.751,2000,10644.69
9355.143,2000,10704.93,9395.798,2000,10733.48,9331.634,2000,10695.49,9406.955,2000,10584.42,9465.739,2000,10645.13
9354.061,2000,10704.98,9396.484,2000,10734.32,9330.686,2000,10694.97,9406.201,2000,10583.64,9466.712,2000,10645.61
9352.979,2000,10705.03,9397.198,2000,10735.13,9329.755,2000,10694.42,9405.444,2000,10582.86,9467.669,2000,10646.12
9351.896,2000,10705.07,9397.938,2000,10735.92,9328.827,2000,10693.86,9404.685,2000,10582.09,9468.608,2000,10646.66
9350.814,2000,10705.12,9398.704,2000,10736.69,9327.901,2000,10693.29,9403.923,2000,10581.32,9469.53,2000,10647.23
9349.732,2000,10705.17,9399.494,2000,10737.43,9326.978,2000,10692.73,9403.158,2000,10580.55,9470.433,2000,10647.83
9348.65,2000,10705.22,9400.309,2000,10738.15,9326.056,2000,10692.16,9402.393,2000,10579.79,9471.315,2000,10648.46
9347.578,2000,10705.07,9401.146,2000,10738.83,9325.135,2000,10691.59,9401.625,2000,10579.02,9472.177,2000,10649.11
9346.506,2000,10704.91,9402.005,2000,10739.49,9324.215,2000,10691.02,9400.856,2000,10578.26,9473.017,2000,10649.8
9345.434,2000,10704.76,9402.885,2000,10740.13,9323.296,2000,10690.44,9400.063,2000,10577.52,9473.833,2000,10650.51
9344.361,2000,10704.61,9403.785,2000,10740.73,9322.377,2000,10689.87,9399.247,2000,10576.81,9474.626,2000,10651.25
9343.289,2000,10704.46,9404.704,2000,10741.3,9321.458,2000,10689.3,9398.407,2000,10576.12,9475.395,2000,10652.01
9342.217,2000,10704.31,9405.623,2000,10741.88,9320.539,2000,10688.72,9397.546,2000,10575.47,9476.138,2000,10652.8
9341.145,2000,10704.16,9406.522,2000,10742.48,9319.603,2000,10688.18,9396.663,2000,10574.84,9476.854,2000,10653.61
9340.072,2000,10704.01,9407.401,2000,10743.11,9318.648,2000,10687.67,9395.761,2000,10574.24,9477.544,2000,10654.45
9338.999,2000,10703.85,9408.26,2000,10743.77,9317.678,2000,10687.18,9394.839,2000,10573.67,9478.206,2000,10655.31
9337.926,2000,10703.7,9409.096,2000,10744.46,9316.692,2000,10686.73,9393.898,2000,10573.13,9478.84,2000,10656.19
9336.896,2000,10703.37,9409.909,2000,10745.18,9315.692,2000,10686.32,9392.941,2000,10572.63,9479.444,2000,10657.08
9335.865,2000,10703.04,9410.698,2000,10745.92,9314.68,2000,10685.93,9391.968,2000,10572.15,9480.019,2000,10658
9334.835,2000,10702.7,9411.463,2000,10746.69,9313.654,2000,10685.58,9390.979,2000,10571.71,9480.563,2000,10658.94
9333.805,2000,10702.37,9412.202,2000,10747.48,9312.618,2000,10685.27,9389.978,2000,10571.29,9481.076,2000,10659.89
9332.774,2000,10702.03,9412.915,2000,10748.3,9311.572,2000,10684.98,9388.962,2000,10570.92,9481.558,2000,10660.86
9331.744,2000,10701.7,9413.601,2000,10749.14,9310.518,2000,10684.74,9387.935,2000,10570.57,9482.008,2000,10661.85
9330.714,2000,10701.37,9414.258,2000,10750,9309.455,2000,10684.52,9386.896,2000,10570.26,9482.425,2000,10662.85
9329.684,2000,10701.03,9414.887,2000,10750.88,9308.387,2000,10684.34,9385.85,2000,10569.98,9482.81,2000,10663.86
9328.653,2000,10700.7,9415.486,2000,10751.78,9307.313,2000,10684.2,9384.794,2000,10569.74,9483.161,2000,10664.89
9327.623,2000,10700.36,9416.057,2000,10752.7,9306.234,2000,10684.09,9383.73,2000,10569.53,9483.479,2000,10665.92
9326.592,2000,10700.03,9416.597,2000,10753.64,9305.153,2000,10684.02,9382.661,2000,10569.36,9483.762,2000,10666.97
9325.635,2000,10699.52,9417.105,2000,10754.6,9304.07,2000,10683.98,9381.587,2000,10569.22,9484.011,2000,10668.02
9324.678,2000,10699.02,9417.583,2000,10755.57,9302.987,2000,10683.98,9380.509,2000,10569.12,9484.225,2000,10669.08
9323.721,2000,10698.51,9418.028,2000,10756.56,9301.904,2000,10684.01,9379.428,2000,10569.05,9484.404,2000,10670.15
9322.764,2000,10698,9418.44,2000,10757.56,9300.823,2000,10684.08,9378.345,2000,10569.02,9484.549,2000,10671.23
9321.807,2000,10697.49,9418.82,2000,10758.57,9299.745,2000,10684.18,9377.262,2000,10569.02,9484.658,2000,10672.3
9320.85,2000,10696.98,9419.166,2000,10759.6,9298.671,2000,10684.32,9376.179,2000,10569.06,9484.732,2000,10673.39
9319.893,2000,10696.48,9419.479,2000,10760.64,9297.602,2000,10684.5,9375.098,2000,10569.14,9484.771,2000,10674.47
9318.936,2000,10695.97,9419.757,2000,10761.68,9296.539,2000,10684.71,9374.02,2000,10569.25,9484.773,2000,10675.55
9317.979,2000,10695.46,9420.001,2000,10762.74,9295.483,2000,10684.95,9372.946,2000,10569.39,9484.741,2000,10676.63
9317.021,2000,10694.95,9420.21,2000,10763.8,9294.437,2000,10685.23,9371.878,2000,10569.57,9484.674,2000,10677.72
9316.064,2000,10694.44,9420.384,2000,10764.87,9293.399,2000,10685.54,9370.816,2000,10569.79,9484.57,2000,10678.79
9315.205,2000,10693.78,9420.523,2000,10765.95,9292.373,2000,10685.89,9369.762,2000,10570.03,9484.432,2000,10679.87
9314.346,2000,10693.13,9420.627,2000,10767.02,9291.358,2000,10686.26,9368.716,2000,10570.32,9484.258,2000,10680.94
9313.486,2000,10692.47,9420.695,2000,10768.11,9290.356,2000,10686.68,9367.68,2000,10570.64,9484.05,2000,10682
9312.627,2000,10691.81,9420.729,2000,10769.19,9289.369,2000,10687.12,9366.655,2000,10570.99,9483.807,2000,10683.06
9311.768,2000,10691.15,9420.727,2000,10770.27,9288.396,2000,10687.6,9365.643,2000,10571.37,9483.529,2000,10684.1
9310.908,2000,10690.49,9420.688,2000,10771.35,9287.44,2000,10688.11,9364.644,2000,10571.79,9483.218,2000,10685.14
9310.049,2000,10689.83,9420.615,2000,10772.44,9286.501,2000,10688.65,9363.658,2000,10572.24,9482.872,2000,10686.17
9309.189,2000,10689.17,9420.507,2000,10773.51,9285.58,2000,10689.22,9362.688,2000,10572.72,9482.493,2000,10687.18
9308.33,2000,10688.51,9420.363,2000,10774.59,9284.678,2000,10689.82,9361.734,2000,10573.24,9482.081,2000,10688.18
9307.471,2000,10687.85,9420.185,2000,10775.66,9283.796,2000,10690.45,9360.798,2000,10573.78,9481.637,2000,10689.17
9306.611,2000,10687.19,9419.971,2000,10776.72,9282.935,2000,10691.1,9359.88,2000,10574.36,9481.16,2000,10690.14
9305.751,2000,10686.53,9419.723,2000,10777.77,9282.096,2000,10691.79,9358.981,2000,10574.96,9480.652,2000,10691.1
9304.891,2000,10685.87,9419.44,2000,10778.82,9281.279,2000,10692.5,9358.103,2000,10575.59,9480.113,2000,10692.04
9304.162,2000,10685.07,9419.124,2000,10779.86,9280.487,2000,10693.24,9357.245,2000,10576.26,9479.544,2000,10692.96
9303.434,2000,10684.27,9418.773,2000,10780.88,9279.72,2000,10694.01,9356.41,2000,10576.95,9478.944,2000,10693.87
9302.705,2000,10683.47,9418.39,2000,10781.89,9278.978,2000,10694.79,9355.598,2000,10577.66,9478.315,2000,10694.75
9301.977,2000,10682.67,9417.973,2000,10782.89,9278.262,2000,10695.61,9354.81,2000,10578.41,9477.658,2000,10695.61
9301.248,2000,10681.87,9417.523,2000,10783.88,9277.572,2000,10696.44,9354.046,2000,10579.18,9476.974,2000,10696.45
9300.52,2000,10681.06,9417.042,2000,10784.85,9276.911,2000,10697.3,9353.308,2000,10579.97,9476.262,2000,10697.27
9299.791,2000,10680.26,9416.529,2000,10785.8,9276.278,2000,10698.18,9352.596,2000,10580.79,9475.523,2000,10698.06
9299.063,2000,10679.46,9415.985,2000,10786.74,9275.675,2000,10699.08,9351.911,2000,10581.63,9474.76,2000,10698.83
9298.334,2000,10678.66,9415.411,2000,10787.66,9275.101,2000,10700,9351.255,2000,10582.49,9473.971,2000,10699.57
9297.605,2000,10677.86,9414.808,2000,10788.56,9274.557,2000,10700.94,9350.627,2000,10583.37,9473.158,2000,10700.29
9296.877,2000,10677.05,9414.175,2000,10789.44,9274.044,2000,10701.89,9350.028,2000,10584.27,9472.322,2000,10700.98
9296.148,2000,10676.25,9413.514,2000,10790.3,9273.563,2000,10702.86,9349.459,2000,10585.19,9471.465,2000,10701.64
9295.558,2000,10675.34,9412.824,2000,10791.13,9273.113,2000,10703.85,9348.912,2000,10586.13,9470.586,2000,10702.27
9294.968,2000,10674.44,9412.108,2000,10791.95,9272.696,2000,10704.85,9348.356,2000,10587.06,9469.687,2000,10702.88
9294.377,2000,10673.53,9411.366,2000,10792.74,9272.313,2000,10705.86,9347.792,2000,10587.98,9468.769,2000,10703.45
9293.787,2000,10672.62,9410.599,2000,10793.5,9271.962,2000,10706.88,9347.218,2000,10588.9,9467.832,2000,10704
9293.197,2000,10671.71,9409.807,2000,10794.24,9271.646,2000,10707.92,9346.635,2000,10589.81,9466.878,2000,10704.51
9292.606,2000,10670.8,9408.99,2000,10794.95,9271.363,2000,10708.97,9346.043,2000,10590.72,9465.907,2000,10704.99
9292.017,2000,10669.9,9408.151,2000,10795.64,9271.115,2000,10710.02,9345.441,2000,10591.62,9464.922,2000,10705.44
9291.426,2000,10668.99,9407.291,2000,10796.29,9270.901,2000,10711.08,9344.831,2000,10592.52,9463.922,2000,10705.86
9290.836,2000,10668.08,9406.409,2000,10796.92,9270.723,2000,10712.15,9344.211,2000,10593.41,9462.909,2000,10706.24
9290.246,2000,10667.17,9405.507,2000,10797.52,9270.579,2000,10713.22,9343.581,2000,10594.29,9461.885,2000,10706.59
9289.655,2000,10666.26,9404.586,2000,10798.09,9270.471,2000,10714.3,9342.941,2000,10595.16,9460.849,2000,10706.91
9289.065,2000,10665.35,9403.646,2000,10798.63,9270.397,2000,10715.38,9342.292,2000,10596.03,9459.803,2000,10707.19
9288.475,2000,10664.45,9402.69,2000,10799.14,9270.359,2000,10716.47,9341.632,2000,10596.89,9458.748,2000,10707.44
9287.885,2000,10663.54,9401.718,2000,10799.62,9270.357,2000,10717.55,9340.962,2000,10597.74,9457.687,2000,10707.66
9287.459,2000,10662.54,9400.73,2000,10800.07,9270.391,2000,10718.63,9340.282,2000,10598.58,9456.618,2000,10707.84
9287.033,2000,10661.55,9399.729,2000,10800.48,9270.459,2000,10719.71,9339.593,2000,10599.42,9455.545,2000,10707.98
9286.607,2000,10660.55,9398.714,2000,10800.86,9270.563,2000,10720.79,9338.894,2000,10600.24,9454.467,2000,10708.09
9286.182,2000,10659.55,9397.688,2000,10801.2,9270.701,2000,10721.87,9338.184,2000,10601.06,9453.386,2000,10708.17
9285.756,2000,10658.56,9396.65,2000,10801.52,9270.875,2000,10722.94,9337.464,2000,10601.87,9452.303,2000,10708.2
9285.33,2000,10657.56,9395.604,2000,10801.79,9271.084,2000,10724,9336.733,2000,10602.67,9451.22,2000,10708.21
9284.904,2000,10656.57,9394.548,2000,10802.04,9271.328,2000,10725.05,9335.993,2000,10603.46,9450.137,2000,10708.17
9284.479,2000,10655.57,9393.485,2000,10802.25,9271.606,2000,10726.1,9335.242,2000,10604.24,9449.056,2000,10708.11
9284.053,2000,10654.57,9392.416,2000,10802.42,9271.919,2000,10727.14,9334.48,2000,10605.01,9447.978,2000,10708
9283.627,2000,10653.58,9391.342,2000,10802.56,9272.265,2000,10728.16,9333.708,2000,10605.77,9446.903,2000,10707.86
9283.2,2000,10652.58,9390.264,2000,10802.66,9272.644,2000,10729.18,9332.925,2000,10606.52,9445.834,2000,10707.69
9282.774,2000,10651.58,9389.183,2000,10802.73,9273.056,2000,10730.18,9332.13,2000,10607.26,9444.771,2000,10707.48
9282.348,2000,10650.59,9388.1,2000,10802.77,9273.501,2000,10731.17,9331.324,2000,10607.98,9443.715,2000,10707.24
9281.922,2000,10649.59,9387.017,2000,10802.76,9273.978,2000,10732.14,9330.507,2000,10608.69,9442.668,2000,10706.96
9281.666,2000,10648.54,9385.934,2000,10802.73,9274.486,2000,10733.1,9329.678,2000,10609.39,9441.631,2000,10706.65
9281.41,2000,10647.49,9384.853,2000,10802.65,9275.026,2000,10734.04,9328.838,2000,10610.07,9440.604,2000,10706.3
9281.154,2000,10646.43,9383.774,2000,10802.54,9275.597,2000,10734.96,9327.987,2000,10610.75,9439.588,2000,10705.93
9280.898,2000,10645.38,9382.7,2000,10802.4,9276.196,2000,10735.86,9327.126,2000,10611.4,9438.573,2000,10705.55
9280.643,2000,10644.33,9381.632,2000,10802.22,9276.825,2000,10736.74,9326.253,2000,10612.04,9437.562,2000,10705.16
9280.387,2000,10643.28,9380.569,2000,10802.01,9277.482,2000,10737.6,9325.369,2000,10612.67,9436.552,2000,10704.77
9280.131,2000,10642.22,9379.515,2000,10801.76,9278.168,2000,10738.44,9324.474,2000,10613.28,9435.544,2000,10704.38
9279.875,2000,10641.17,9378.469,2000,10801.48,9278.881,2000,10739.26,9323.566,2000,10613.87,9434.538,2000,10703.97
9279.619,2000,10640.12,9377.433,2000,10801.16,9279.62,2000,10740.05,9322.647,2000,10614.44,9433.534,2000,10703.57
9279.363,2000,10639.07,9376.407,2000,10800.81,9280.385,2000,10740.82,9321.717,2000,10615,9432.532,2000,10703.15
9279.107,2000,10638.01,9375.395,2000,10800.43,9281.174,2000,10741.56,9320.775,2000,10615.53,9431.533,2000,10702.73
9278.852,2000,10636.96,9374.395,2000,10800.01,9281.986,2000,10742.28,9319.822,2000,10616.05,9430.536,2000,10702.31
9278.596,2000,10635.91,9373.409,2000,10799.56,9282.822,2000,10742.96,9318.857,2000,10616.54,9429.541,2000,10701.88
9278.34,2000,10634.85,9372.438,2000,10799.08,9283.681,2000,10743.63,9317.881,2000,10617.01,9428.549,2000,10701.45
9278.253,2000,10633.77,9371.484,2000,10798.57,9284.56,2000,10744.26,9316.894,2000,10617.46,9427.559,2000,10701.01
9278.166,2000,10632.69,9370.547,2000,10798.02,9285.459,2000,10744.86,9315.896,2000,10617.88,9426.57,2000,10700.56
9278.079,2000,10631.61,9369.628,2000,10797.45,9286.378,2000,10745.44,9314.887,2000,10618.27,9425.585,2000,10700.11
9277.992,2000,10630.53,9368.69,2000,10796.9,9287.277,2000,10746.04,9313.868,2000,10618.64,9424.603,2000,10699.66
9277.905,2000,10629.45,9367.736,2000,10796.39,9288.156,2000,10746.67,9312.84,2000,10618.98,9423.623,2000,10699.2
9277.818,2000,10628.37,9366.766,2000,10795.91,9289.015,2000,10747.33,9311.802,2000,10619.29,9422.646,2000,10698.73
9277.731,2000,10627.29,9365.78,2000,10795.46,9289.851,2000,10748.02,9310.755,2000,10619.57,9421.671,2000,10698.25
9277.645,2000,10626.21,9364.78,2000,10795.04,9290.663,2000,10748.74,9309.7,2000,10619.82,9420.699,2000,10697.78
9277.558,2000,10625.13,9363.768,2000,10794.66,9291.452,2000,10749.48,9308.638,2000,10620.03,9419.73,2000,10697.29
9277.471,2000,10624.05,9362.742,2000,10794.31,9292.217,2000,10750.25,9307.569,2000,10620.21,9418.765,2000,10696.8
9277.384,2000,10622.97,9361.706,2000,10793.99,9292.956,2000,10751.04,9306.495,2000,10620.35,9417.802,2000,10696.3
9277.297,2000,10621.89,9360.66,2000,10793.71,9293.669,2000,10751.86,9305.417,2000,10620.46,9416.842,2000,10695.8
9277.21,2000,10620.81,9359.605,2000,10793.46,9294.354,2000,10752.7,9304.336,2000,10620.53,9415.885,2000,10695.3
9277.123,2000,10619.73,9358.543,2000,10793.25,9295.012,2000,10753.56,9303.253,2000,10620.56,9414.931,2000,10694.78
9277.036,2000,10618.65,9357.475,2000,10793.07,9295.641,2000,10754.44,9302.17,2000,10620.57,9413.979,2000,10694.26
9277.123,2000,10617.57,9356.4,2000,10792.93,9296.24,2000,10755.34,9301.087,2000,10620.53,9413.031,2000,10693.74
9277.21,2000,10616.49,9355.322,2000,10792.82,9296.811,2000,10756.26,9300.006,2000,10620.46,9412.086,2000,10693.21
9277.297,2000,10615.41,9354.241,2000,10792.75,9297.351,2000,10757.2,9298.928,2000,10620.35,9411.145,2000,10692.68
9277.384,2000,10614.33,9353.158,2000,10792.71,9297.859,2000,10758.16,9297.854,2000,10620.21,9410.206,2000,10692.13
9277.471,2000,10613.25,9352.075,2000,10792.71,9298.336,2000,10759.13,9296.784,2000,10620.04,9409.271,2000,10691.59
9277.558,2000,10612.17,9350.992,2000,10792.74,9298.781,2000,10760.12,9295.722,2000,10619.83,9408.34,2000,10691.03
9277.645,2000,10611.09,9349.911,2000,10792.81,9299.193,2000,10761.12,9294.666,2000,10619.58,9407.412,2000,10690.47
9277.73,2000,10610.01,9348.833,2000,10792.91,9299.572,2000,10762.13,9293.619,2000,10619.3,9406.488,2000,10689.91
9277.817,2000,10608.93,9347.759,2000,10793.05,9299.918,2000,10763.16,9292.582,2000,10618.99,9405.567,2000,10689.34
9277.903,2000,10607.85,9346.689,2000,10793.22,9300.23,2000,10764.2,9291.556,2000,10618.64,9404.65,2000,10688.76
9277.99,2000,10606.77,9345.627,2000,10793.43,9300.509,2000,10765.25,9290.542,2000,10618.26,9403.737,2000,10688.18
9278.076,2000,10605.69,9344.571,2000,10793.68,9300.753,2000,10766.3,9289.541,2000,10617.85,9402.828,2000,10687.59
9278.163,2000,10604.61,9343.524,2000,10793.96,9300.962,2000,10767.36,9288.554,2000,10617.4,9401.923,2000,10686.99
9278.249,2000,10603.53,9342.487,2000,10794.27,9301.136,2000,10768.43,9287.582,2000,10616.92,9401.021,2000,10686.39
9278.336,2000,10602.45,9341.461,2000,10794.61,9301.274,2000,10769.51,9286.626,2000,10616.41,9400.123,2000,10685.79
9278.422,2000,10601.37,9340.446,2000,10794.99,9301.378,2000,10770.58,9285.688,2000,10615.87,9399.229,2000,10685.17
9278.683,2000,10600.32,9339.444,2000,10795.41,9301.446,2000,10771.67,9284.768,2000,10615.3,9398.339,2000,10684.56
9278.943,2000,10599.27,9338.457,2000,10795.85,9301.479,2000,10772.75,9283.866,2000,10614.7,9397.453,2000,10683.93
9279.204,2000,10598.22,9337.484,2000,10796.33,9301.478,2000,10773.83,9282.985,2000,10614.07,9396.571,2000,10683.3
9279.465,2000,10597.17,9336.528,2000,10796.84,9301.439,2000,10774.92,9282.126,2000,10613.41,9395.694,2000,10682.67
9279.726,2000,10596.11,9335.589,2000,10797.38,9301.366,2000,10776,9281.288,2000,10612.72,9394.821,2000,10682.03
9279.986,2000,10595.06,9334.668,2000,10797.95,9301.258,2000,10777.07,9280.474,2000,10612.01,9393.953,2000,10681.38
9280.247,2000,10594.01,9333.766,2000,10798.55,9301.114,2000,10778.15,9279.683,2000,10611.27,9393.09,2000,10680.72
9280.508,2000,10592.96,9332.884,2000,10799.18,9300.936,2000,10779.22,9278.916,2000,10610.5,9392.23,2000,10680.06
9280.769,2000,10591.91,9332.023,2000,10799.83,9300.722,2000,10780.28,9278.175,2000,10609.71,9391.376,2000,10679.4
9281.029,2000,10590.85,9331.185,2000,10800.52,9300.474,2000,10781.33,9277.46,2000,10608.9,9390.526,2000,10678.73
9281.29,2000,10589.8,9330.368,2000,10801.23,9300.191,2000,10782.38,9276.772,2000,10608.06,9389.682,2000,10678.05
9281.551,2000,10588.75,9329.576,2000,10801.97,9299.875,2000,10783.41,9276.112,2000,10607.2,9388.842,2000,10677.36
9281.812,2000,10587.7,9328.809,2000,10802.74,9299.524,2000,10784.44,9275.48,2000,10606.32,9388.007,2000,10676.67
9282.072,2000,10586.65,9328.066,2000,10803.52,9299.141,2000,10785.45,9274.878,2000,10605.42,9387.177,2000,10675.98
9282.332,2000,10585.6,9327.351,2000,10804.34,9298.724,2000,10786.45,9274.306,2000,10604.5,9386.352,2000,10675.28
9282.593,2000,10584.54,9326.661,2000,10805.17,9298.274,2000,10787.44,9273.764,2000,10603.56,9385.531,2000,10674.57
9282.853,2000,10583.49,9326,2000,10806.03,9297.793,2000,10788.41,9273.252,2000,10602.61,9384.716,2000,10673.86
9283.283,2000,10582.5,9325.367,2000,10806.91,9297.28,2000,10789.36,9272.772,2000,10601.64,9383.905,2000,10673.14
9283.714,2000,10581.5,9324.764,2000,10807.81,9296.736,2000,10790.3,9272.325,2000,10600.65,9383.101,2000,10672.42
9284.145,2000,10580.51,9324.189,2000,10808.73,9296.162,2000,10791.22,9271.91,2000,10599.65,9382.301,2000,10671.68
9284.575,2000,10579.52,9323.646,2000,10809.67,9295.559,2000,10792.12,9271.528,2000,10598.64,9381.507,2000,10670.95
9285.006,2000,10578.52,9323.133,2000,10810.62,9294.926,2000,10793,9271.18,2000,10597.61,9380.719,2000,10670.2
9285.437,2000,10577.53,9322.651,2000,10811.59,9294.265,2000,10793.85,9270.864,2000,10596.57,9379.937,2000,10669.45
9285.867,2000,10576.53,9322.202,2000,10812.58,9293.575,2000,10794.69,9270.583,2000,10595.53,9379.16,2000,10668.7
9286.298,2000,10575.54,9321.785,2000,10813.58,9292.859,2000,10795.5,9270.336,2000,10594.47,9378.39,2000,10667.94
9286.729,2000,10574.54,9321.401,2000,10814.59,9292.117,2000,10796.29,9270.124,2000,10593.41,9377.625,2000,10667.17
9287.159,2000,10573.55,9321.051,2000,10815.62,9291.35,2000,10797.06,9269.947,2000,10592.34,9376.866,2000,10666.4
9287.589,2000,10572.56,9320.734,2000,10816.65,9290.558,2000,10797.79,9269.806,2000,10591.27,9376.113,2000,10665.62
9288.019,2000,10571.56,9320.452,2000,10817.7,9289.741,2000,10798.51,9269.699,2000,10590.19,9375.366,2000,10664.83
9288.449,2000,10570.57,9320.204,2000,10818.75,9288.902,2000,10799.19,9269.628,2000,10589.11,9374.626,2000,10664.04
9288.879,2000,10569.57,9319.99,2000,10819.81,9288.042,2000,10799.85,9269.592,2000,10588.03,9373.892,2000,10663.24
9289.31,2000,10568.58,9319.812,2000,10820.88,9287.16,2000,10800.48,9269.591,2000,10586.94,9373.163,2000,10662.44
9289.739,2000,10567.59,9319.668,2000,10821.96,9286.259,2000,10801.08,9269.626,2000,10585.86,9372.441,2000,10661.63
9290.17,2000,10566.59,9319.56,2000,10823.04,9285.338,2000,10801.65,9269.696,2000,10584.78,9371.726,2000,10660.82
9290.753,2000,10565.68,9319.486,2000,10824.12,9284.398,2000,10802.19,9269.802,2000,10583.7,9371.017,2000,10660
9291.336,2000,10564.77,9319.448,2000,10825.2,9283.442,2000,10802.7,9269.942,2000,10582.63,9370.314,2000,10659.18
9291.919,2000,10563.85,9319.446,2000,10826.28,9282.47,2000,10803.17,9270.118,2000,10581.56,9369.619,2000,10658.34
9292.502,2000,10562.94,9319.479,2000,10827.37,9281.482,2000,10803.62,9270.329,2000,10580.5,9368.931,2000,10657.51
9293.085,2000,10562.03,9319.548,2000,10828.45,9280.481,2000,10804.03,9270.574,2000,10579.44,9368.25,2000,10656.67
9293.668,2000,10561.11,9319.651,2000,10829.52,9279.467,2000,10804.41,9270.854,2000,10578.39,9367.576,2000,10655.82
9294.251,2000,10560.2,9319.791,2000,10830.6,9278.44,2000,10804.75,9271.167,2000,10577.36,9366.909,2000,10654.96
9294.834,2000,10559.29,9319.965,2000,10831.67,9277.403,2000,10805.06,9271.515,2000,10576.33,9366.25,2000,10654.1
9295.417,2000,10558.37,9320.174,2000,10832.73,9276.356,2000,10805.34,9271.896,2000,10575.32,9365.599,2000,10653.24
9296,2000,10557.46,9320.418,2000,10833.79,9275.302,2000,10805.59,9272.31,2000,10574.31,9364.954,2000,10652.37
9296.583,2000,10556.55,9320.696,2000,10834.83,9274.239,2000,10805.79,9272.756,2000,10573.33,9364.317,2000,10651.49
9297.166,2000,10555.63,9321.009,2000,10835.87,9273.171,2000,10805.97,9273.234,2000,10572.36,9363.688,2000,10650.61
9297.749,2000,10554.72,9321.354,2000,10836.9,9272.098,2000,10806.11,9273.744,2000,10571.4,9363.067,2000,10649.72
9298.332,2000,10553.81,9321.734,2000,10837.91,9271.021,2000,10806.21,9274.285,2000,10570.46,9362.453,2000,10648.83
9298.915,2000,10552.9,9322.146,2000,10838.91,9269.94,2000,10806.28,9274.856,2000,10569.54,9361.847,2000,10647.93
9299.498,2000,10551.98,9322.592,2000,10839.9,9268.858,2000,10806.31,9275.458,2000,10568.64,9361.249,2000,10647.03
9300.081,2000,10551.07,9323.069,2000,10840.87,9267.776,2000,10806.31,9276.089,2000,10567.76,9360.659,2000,10646.12
9300.664,2000,10550.16,9323.578,2000,10841.83,9266.695,2000,10806.27,9276.748,2000,10566.9,9360.077,2000,10645.21
9301.386,2000,10549.35,9324.118,2000,10842.77,9265.616,2000,10806.2,9277.435,2000,10566.06,9359.503,2000,10644.29
9302.107,2000,10548.54,9324.688,2000,10843.69,9264.54,2000,10806.09,9278.148,2000,10565.25,9358.938,2000,10643.36
9302.829,2000,10547.73,9325.288,2000,10844.59,9263.468,2000,10805.95,9278.889,2000,10564.46,9358.381,2000,10642.43
9303.551,2000,10546.93,9325.917,2000,10845.47,9262.401,2000,10805.77,9279.654,2000,10563.69,9357.833,2000,10641.5
9304.273,2000,10546.12,9326.574,2000,10846.33,9261.342,2000,10805.56,9280.444,2000,10562.95,9357.294,2000,10640.56
9304.996,2000,10545.31,9327.26,2000,10847.17,9260.289,2000,10805.31,9281.259,2000,10562.23,9356.764,2000,10639.61
9305.718,2000,10544.5,9327.973,2000,10847.99,9259.246,2000,10805.03,9282.096,2000,10561.55,9356.242,2000,10638.67
9306.44,2000,10543.7,9328.712,2000,10848.78,9258.213,2000,10804.71,9282.955,2000,10560.89,9355.73,2000,10637.71
9307.162,2000,10542.89,9329.477,2000,10849.55,9257.19,2000,10804.36,9283.829,2000,10560.25,9355.228,2000,10636.75
9307.885,2000,10542.08,9330.266,2000,10850.29,9256.181,2000,10803.98,9284.698,2000,10559.6,9354.733,2000,10635.79
9308.607,2000,10541.27,9331.079,2000,10851.01,9255.184,2000,10803.56,9285.563,2000,10558.95,9354.249,2000,10634.82
9309.329,2000,10540.46,9331.915,2000,10851.7,9254.201,2000,10803.11,9286.422,2000,10558.29,9353.774,2000,10633.84
9310.052,2000,10539.66,9332.773,2000,10852.36,9253.234,2000,10802.63,9287.277,2000,10557.62,9353.309,2000,10632.87
9310.773,2000,10538.85,9333.652,2000,10852.99,9252.283,2000,10802.12,9288.128,2000,10556.95,9352.853,2000,10631.88
9311.496,2000,10538.04,9334.552,2000,10853.59,9251.35,2000,10801.58,9288.956,2000,10556.25,9352.429,2000,10630.89
9312.218,2000,10537.23,9335.471,2000,10854.17,9250.435,2000,10801.01,9289.761,2000,10555.53,9352.038,2000,10629.88
9312.94,2000,10536.43,9336.407,2000,10854.71,9249.539,2000,10800.41,9290.541,2000,10554.78,9351.681,2000,10628.85
9313.663,2000,10535.62,9337.361,2000,10855.22,9248.664,2000,10799.78,9291.297,2000,10554,9351.356,2000,10627.82
9314.502,2000,10534.93,9338.332,2000,10855.71,9247.81,2000,10799.12,9292.026,2000,10553.2,9351.066,2000,10626.78
9315.341,2000,10534.25,9339.317,2000,10856.16,9246.978,2000,10798.43,9292.729,2000,10552.38,9350.811,2000,10625.72
9316.18,2000,10533.56,9340.317,2000,10856.57,9246.169,2000,10797.72,9293.405,2000,10551.53,9350.59,2000,10624.66
9317.019,2000,10532.88,9341.33,2000,10856.96,9245.384,2000,10796.98,9294.053,2000,10550.66,9350.403,2000,10623.59
9317.857,2000,10532.19,9342.355,2000,10857.31,9244.624,2000,10796.22,9294.672,2000,10549.77,9350.252,2000,10622.52
9318.696,2000,10531.51,9343.392,2000,10857.62,9243.89,2000,10795.43,9295.262,2000,10548.86,9350.136,2000,10621.45
9319.535,2000,10530.82,9344.438,2000,10857.91,9243.182,2000,10794.62,9295.821,2000,10547.93,9350.055,2000,10620.37
9320.374,2000,10530.13,9345.492,2000,10858.16,9242.5,2000,10793.78,9296.351,2000,10546.99,9350.01,2000,10619.28
9321.213,2000,10529.45,9346.554,2000,10858.37,9241.847,2000,10792.93,9296.849,2000,10546.03,9350,2000,10618.2
9322.052,2000,10528.76,9347.622,2000,10858.55,9241.222,2000,10792.05,9297.314,2000,10545.05,9350.025,2000,10617.12
9322.891,2000,10528.08,9348.695,2000,10858.69,9240.625,2000,10791.16,9297.748,2000,10544.06,9350.087,2000,10616.04
9323.729,2000,10527.39,9349.773,2000,10858.8,9240.059,2000,10790.24,9298.149,2000,10543.05,9350.184,2000,10614.96
9324.568,2000,10526.71,9350.854,2000,10858.87,9239.522,2000,10789.31,9298.518,2000,10542.03,9350.315,2000,10613.88
9325.407,2000,10526.02,9351.938,2000,10858.91,9239.017,2000,10788.36,9298.852,2000,10541,9350.482,2000,10612.81
9326.246,2000,10525.34,9353.021,2000,10858.91,9238.543,2000,10787.39,9299.152,2000,10539.96,9350.685,2000,10611.75
9327.085,2000,10524.65,9354.104,2000,10858.88,9238.101,2000,10786.41,9299.419,2000,10538.91,9350.921,2000,10610.69
9327.924,2000,10523.96,9355.185,2000,10858.81,9237.69,2000,10785.41,9299.65,2000,10537.85,9351.191,2000,10609.64
9328.763,2000,10523.28,9356.263,2000,10858.71,9237.313,2000,10784.4,9299.848,2000,10536.79,9351.496,2000,10608.6
9329.602,2000,10522.59,9357.337,2000,10858.57,9236.97,2000,10783.38,9300.01,2000,10535.72,9351.835,2000,10607.57
9330.538,2000,10522.05,9358.406,2000,10858.4,9236.659,2000,10782.35,9300.137,2000,10534.64,9352.207,2000,10606.55
9331.475,2000,10521.5,9359.47,2000,10858.19,9236.383,2000,10781.31,9300.229,2000,10533.56,9352.612,2000,10605.55
9332.411,2000,10520.96,9360.525,2000,10857.94,9236.141,2000,10780.26,9300.285,2000,10532.48,9353.051,2000,10604.56
9333.348,2000,10520.42,9361.572,2000,10857.67,9235.933,2000,10779.2,9300.306,2000,10531.4,9353.521,2000,10603.58
9334.284,2000,10519.87,9362.609,2000,10857.35,9235.76,2000,10778.14,9300.291,2000,10530.31,9354.023,2000,10602.62
9335.221,2000,10519.33,9363.636,2000,10857.01,9235.621,2000,10777.07,9300.241,2000,10529.23,9354.557,2000,10601.68
9336.157,2000,10518.78,9364.65,2000,10856.63,9235.518,2000,10776,9300.156,2000,10528.15,9355.12,2000,10600.75
9337.094,2000,10518.24,9365.652,2000,10856.22,9235.449,2000,10774.92,9300.036,2000,10527.08,9355.714,2000,10599.85
9338.03,2000,10517.69,9366.641,2000,10855.77,9235.416,2000,10773.84,9299.88,2000,10526,9356.337,2000,10598.96
9338.967,2000,10517.15,9367.613,2000,10855.3,9235.418,2000,10772.76,9299.689,2000,10524.94,9356.988,2000,10598.1
9339.903,2000,10516.6,9368.57,2000,10854.79,9235.456,2000,10771.68,9299.464,2000,10523.88,9357.668,2000,10597.25
9340.84,2000,10516.06,9369.51,2000,10854.25,9235.529,2000,10770.61,9299.204,2000,10522.83,9358.375,2000,10596.43
9341.776,2000,10515.51,9370.431,2000,10853.68,9235.638,2000,10769.53,9298.91,2000,10521.78,9359.108,2000,10595.63
9342.713,2000,10514.97,9371.333,2000,10853.08,9235.781,2000,10768.46,9298.582,2000,10520.75,9359.867,2000,10594.86
9343.649,2000,10514.42,9372.215,2000,10852.45,9235.96,2000,10767.4,9298.22,2000,10519.73,9360.651,2000,10594.11
9344.586,2000,10513.88,9373.076,2000,10851.79,9236.173,2000,10766.34,9297.824,2000,10518.72,9361.459,2000,10593.39
9345.522,2000,10513.33,9373.915,2000,10851.11,9236.421,2000,10765.29,9297.396,2000,10517.72,9362.29,2000,10592.69
9346.458,2000,10512.79,9374.731,2000,10850.4,9236.703,2000,10764.24,9296.937,2000,10516.74,9363.144,2000,10592.03
9347.394,2000,10512.24,9375.523,2000,10849.66,9237.02,2000,10763.21,9296.509,2000,10515.75,9363.975,2000,10591.33
9348.33,2000,10511.7,9376.291,2000,10848.89,9237.369,2000,10762.19,9296.113,2000,10514.74,9364.782,2000,10590.61
9349.341,2000,10511.31,9377.033,2000,10848.1,9237.752,2000,10761.18,9295.751,2000,10513.72,9365.566,2000,10589.86
9350.353,2000,10510.92,9377.749,2000,10847.29,9238.168,2000,10760.18,9295.423,2000,10512.69,9366.325,2000,10589.09
9351.364,2000,10510.53,9378.438,2000,10846.46,9238.612,2000,10759.19,9295.129,2000,10511.64,9367.059,2000,10588.29
9352.375,2000,10510.14,9379.1,2000,10845.6,9239.059,2000,10758.21,9294.869,2000,10510.59,9367.766,2000,10587.47
9353.387,2000,10509.75,9379.732,2000,10844.72,9239.508,2000,10757.22,9294.644,2000,10509.53,9368.445,2000,10586.63
9354.398,2000,10509.36,9380.337,2000,10843.82,9239.96,2000,10756.24,9294.453,2000,10508.47,9369.097,2000,10585.76
9355.409,2000,10508.97,9380.911,2000,10842.9,9240.415,2000,10755.26,9294.297,2000,10507.39,9369.72,2000,10584.87
9356.421,2000,10508.59,9381.455,2000,10841.96,9240.873,2000,10754.28,9294.177,2000,10506.32,9370.313,2000,10583.97
9357.433,2000,10508.2,9381.968,2000,10841.01,9241.334,2000,10753.3,9294.092,2000,10505.24,9370.877,2000,10583.04
9358.443,2000,10507.81,9382.449,2000,10840.04,9241.797,2000,10752.32,9294.042,2000,10504.16,9371.41,2000,10582.1
9359.455,2000,10507.42,9382.898,2000,10839.05,9242.263,2000,10751.34,9294.027,2000,10503.07,9371.912,2000,10581.14
9360.467,2000,10507.03,9383.315,2000,10838.05,9242.731,2000,10750.37,9294.048,2000,10501.99,9372.383,2000,10580.16
9361.478,2000,10506.64,9383.699,2000,10837.04,9243.203,2000,10749.39,9294.104,2000,10500.91,9372.821,2000,10579.17
9362.489,2000,10506.25,9384.05,2000,10836.02,9243.678,2000,10748.42,9294.196,2000,10499.83,9373.227,2000,10578.17
9363.5,2000,10505.87,9384.367,2000,10834.98,9244.154,2000,10747.45,9294.323,2000,10498.75,9373.599,2000,10577.15
9364.512,2000,10505.48,9384.65,2000,10833.93,9244.634,2000,10746.48,9294.485,2000,10497.68,9373.938,2000,10576.12
9365.523,2000,10505.09,9384.898,2000,10832.88,9245.116,2000,10745.51,9294.683,2000,10496.62,9374.242,2000,10575.08
9366.534,2000,10504.7,9385.112,2000,10831.82,9245.602,2000,10744.54,9294.914,2000,10495.56,9374.513,2000,10574.03
9367.546,2000,10504.31,9385.291,2000,10830.75,9246.089,2000,10743.57,9295.181,2000,10494.51,9374.749,2000,10572.98
9368.558,2000,10503.92,9385.435,2000,10829.68,9246.579,2000,10742.61,9295.481,2000,10493.47,9374.951,2000,10571.91
9369.617,2000,10503.69,9385.543,2000,10828.6,9247.072,2000,10741.64,9295.815,2000,10492.44,9375.118,2000,10570.84
9370.677,2000,10503.47,9385.616,2000,10827.52,9247.568,2000,10740.68,9296.184,2000,10491.42,9375.25,2000,10569.77
9371.736,2000,10503.24,9385.654,2000,10826.43,9248.067,2000,10739.72,9296.585,2000,10490.41,9375.347,2000,10568.69
9372.796,2000,10503.01,9385.657,2000,10825.35,9248.569,2000,10738.76,9297.019,2000,10489.42,9375.408,2000,10567.6
9373.855,2000,10502.78,9385.624,2000,10824.27,9249.074,2000,10737.8,9297.484,2000,10488.44,9375.434,2000,10566.52
9374.915,2000,10502.56,9385.584,2000,10823.18,9249.582,2000,10736.85,9297.982,2000,10487.48,9375.424,2000,10565.44
9375.975,2000,10502.33,9385.548,2000,10822.1,9250.093,2000,10735.89,9298.512,2000,10486.53,9375.415,2000,10564.36
9377.034,2000,10502.1,9385.516,2000,10821.02,9250.606,2000,10734.94,9299.071,2000,10485.61,9375.425,2000,10563.27
9378.094,2000,10501.87,9385.486,2000,10819.94,9251.123,2000,10733.99,9299.661,2000,10484.7,9375.453,2000,10562.19
9379.153,2000,10501.65,9385.461,2000,10818.85,9251.643,2000,10733.04,9300.28,2000,10483.81,9375.501,2000,10561.11
9380.213,2000,10501.42,9385.439,2000,10817.77,9252.165,2000,10732.09,9300.928,2000,10482.94,9375.567,2000,10560.03
9381.272,2000,10501.19,9385.422,2000,10816.69,9252.69,2000,10731.14,9301.604,2000,10482.09,9375.653,2000,10558.95
9382.332,2000,10500.96,9385.407,2000,10815.6,9253.219,2000,10730.19,9302.307,2000,10481.27,9375.758,2000,10557.87
9383.392,2000,10500.74,9385.396,2000,10814.52,9253.75,2000,10729.25,9303.036,2000,10480.47,9375.882,2000,10556.79
9384.451,2000,10500.51,9385.39,2000,10813.44,9254.284,2000,10728.31,9303.792,2000,10479.69,9376.025,2000,10555.72
9385.511,2000,10500.28,9385.387,2000,10812.35,9254.821,2000,10727.37,9304.572,2000,10478.94,9376.188,2000,10554.65
9386.57,2000,10500.06,9385.387,2000,10811.27,9255.361,2000,10726.43,9305.377,2000,10478.22,9376.371,2000,10553.58
9387.63,2000,10499.83,9385.391,2000,10810.19,9255.904,2000,10725.49,9306.205,2000,10477.52,9376.574,2000,10552.51
9388.689,2000,10499.6,9385.398,2000,10809.11,9256.45,2000,10724.56,9307.056,2000,10476.85,9376.797,2000,10551.45
9389.749,2000,10499.38,9385.41,2000,10808.02,9256.999,2000,10723.62,9307.928,2000,10476.2,9377.039,2000,10550.4
9390.809,2000,10499.15,9385.426,2000,10806.94,9257.551,2000,10722.69,9308.82,2000,10475.59,9377.301,2000,10549.35
9391.891,2000,10499.09,9385.444,2000,10805.86,9258.105,2000,10721.76,9309.732,2000,10475.01,9377.582,2000,10548.3
9392.973,2000,10499.03,9385.467,2000,10804.77,9258.663,2000,10720.83,9310.625,2000,10474.39,9377.897,2000,10547.27
9394.055,2000,10498.97,9385.493,2000,10803.69,9259.225,2000,10719.9,9311.497,2000,10473.75,9378.247,2000,10546.24
9395.137,2000,10498.91,9385.523,2000,10802.61,9259.789,2000,10718.98,9312.348,2000,10473.08,9378.63,2000,10545.23
9396.219,2000,10498.85,9385.558,2000,10801.52,9260.356,2000,10718.06,9313.176,2000,10472.38,9379.046,2000,10544.23
9397.301,2000,10498.8,9385.596,2000,10800.44,9260.927,2000,10717.14,9313.98,2000,10471.65,9379.494,2000,10543.24
9398.383,2000,10498.74,9385.638,2000,10799.36,9261.501,2000,10716.22,9314.761,2000,10470.9,9379.975,2000,10542.27
9399.465,2000,10498.68,9385.684,2000,10798.28,9262.078,2000,10715.3,9315.517,2000,10470.13,9380.486,2000,10541.31
9400.547,2000,10498.62,9385.733,2000,10797.2,9262.658,2000,10714.38,9316.246,2000,10469.33,9381.029,2000,10540.38
9401.629,2000,10498.56,9385.787,2000,10796.11,9263.241,2000,10713.47,9316.949,2000,10468.5,9381.603,2000,10539.46
9402.711,2000,10498.5,9385.845,2000,10795.03,9263.828,2000,10712.56,9317.625,2000,10467.66,9382.205,2000,10538.56
9403.793,2000,10498.44,9385.906,2000,10793.95,9264.418,2000,10711.65,9318.272,2000,10466.79,9382.837,2000,10537.68
9404.875,2000,10498.39,9385.972,2000,10792.87,9265.011,2000,10710.74,9318.892,2000,10465.9,9383.497,2000,10536.82
9405.957,2000,10498.33,9386.041,2000,10791.79,9265.606,2000,10709.84,9319.481,2000,10464.99,9384.186,2000,10535.98
9407.039,2000,10498.27,9386.114,2000,10790.71,9266.205,2000,10708.94,9320.041,2000,10464.06,9384.9,2000,10535.17
9408.121,2000,10498.21,9386.191,2000,10789.63,9266.807,2000,10708.04,9320.57,2000,10463.12,9385.642,2000,10534.38
9409.203,2000,10498.15,9386.272,2000,10788.54,9267.412,2000,10707.14,9321.068,2000,10462.15,9386.408,2000,10533.61
9410.285,2000,10498.09,9386.357,2000,10787.46,9268.021,2000,10706.24,9321.534,2000,10461.18,9387.199,2000,10532.87
9411.367,2000,10498.03,9386.446,2000,10786.38,9268.632,2000,10705.35,9321.968,2000,10460.18,9388.015,2000,10532.16
9412.449,2000,10497.98,9386.54,2000,10785.31,9269.246,2000,10704.46,9322.369,2000,10459.18,9388.853,2000,10531.47
9413.531,2000,10497.92,9386.638,2000,10784.23,9269.863,2000,10703.56,9322.737,2000,10458.16,9389.713,2000,10530.82
9414.609,2000,10498.02,9386.739,2000,10783.15,9270.483,2000,10702.68,9323.071,2000,10457.13,9390.594,2000,10530.19
9415.688,2000,10498.13,9386.845,2000,10782.07,9271.107,2000,10701.79,9323.372,2000,10456.09,9391.495,2000,10529.58
9416.766,2000,10498.24,9386.954,2000,10780.99,9271.734,2000,10700.91,9323.706,2000,10455.06,9392.376,2000,10528.96
9417.844,2000,10498.35,9387.067,2000,10779.92,9272.365,2000,10700.03,9324.074,2000,10454.04,9393.236,2000,10528.3
9418.922,2000,10498.45,9387.186,2000,10778.84,9272.999,2000,10699.15,9324.476,2000,10453.03,9394.074,2000,10527.61
9420,2000,10498.56,9387.308,2000,10777.76,9273.636,2000,10698.27,9324.909,2000,10452.04,9394.89,2000,10526.9
9421.078,2000,10498.67,9387.434,2000,10776.69,9274.276,2000,10697.4,9325.375,2000,10451.06,9395.681,2000,10526.16
9422.156,2000,10498.77,9387.563,2000,10775.61,9274.92,2000,10696.53,9325.873,2000,10450.1,9396.447,2000,10525.39
9423.234,2000,10498.88,9387.698,2000,10774.54,9275.566,2000,10695.66,9326.402,2000,10449.16,9397.2,2000,10524.61
9424.313,2000,10498.99,9387.837,2000,10773.46,9276.217,2000,10694.79,9326.962,2000,10448.23,9397.971,2000,10523.85
9425.391,2000,10499.1,9387.979,2000,10772.39,9276.87,2000,10693.93,9327.552,2000,10447.32,9398.759,2000,10523.11
9426.469,2000,10499.2,9388.126,2000,10771.31,9277.527,2000,10693.07,9328.171,2000,10446.43,9399.563,2000,10522.38
9427.547,2000,10499.31,9388.277,2000,10770.24,9278.188,2000,10692.21,9328.818,2000,10445.56,9400.384,2000,10521.67
9428.625,2000,10499.42,9388.433,2000,10769.17,9278.851,2000,10691.35,9329.494,2000,10444.72,9401.22,2000,10520.99
9429.703,2000,10499.52,9388.592,2000,10768.1,9279.517,2000,10690.5,9330.197,2000,10443.89,9402.071,2000,10520.32
9430.781,2000,10499.63,9388.756,2000,10767.03,9280.187,2000,10689.64,9330.927,2000,10443.09,9402.937,2000,10519.67
9431.859,2000,10499.74,9388.924,2000,10765.96,9280.859,2000,10688.79,9331.683,2000,10442.32,9403.815,2000,10519.03
9432.938,2000,10499.84,9389.097,2000,10764.89,9281.535,2000,10687.95,9332.463,2000,10441.56,9404.708,2000,10518.42
9434.016,2000,10499.95,9389.273,2000,10763.82,9282.215,2000,10687.1,9333.268,2000,10440.84,9405.613,2000,10517.82
9435.094,2000,10500.06,9389.454,2000,10762.75,9282.897,2000,10686.26,9334.096,2000,10440.14,9406.53,2000,10517.25
9436.172,2000,10500.17,9389.64,2000,10761.68,9283.583,2000,10685.42,9334.946,2000,10439.47,9407.459,2000,10516.69
9437.25,2000,10500.27,9389.829,2000,10760.62,9284.271,2000,10684.59,9335.818,2000,10438.83,9408.398,2000,10516.15
9438.299,2000,10500.54,9390.023,2000,10759.55,9284.963,2000,10683.75,9336.711,2000,10438.21,9409.348,2000,10515.62
9439.348,2000,10500.81,9390.222,2000,10758.49,9285.658,2000,10682.92,9337.623,2000,10437.63,9410.309,2000,10515.12
9440.396,2000,10501.09,9390.425,2000,10757.42,9286.356,2000,10682.09,9338.554,2000,10437.08,9411.28,2000,10514.64
9441.445,2000,10501.36,9390.632,2000,10756.36,9287.059,2000,10681.27,9339.502,2000,10436.55,9412.263,2000,10514.19
9442.494,2000,10501.63,9390.844,2000,10755.29,9287.764,2000,10680.45,9340.467,2000,10436.06,9413.255,2000,10513.75
9443.543,2000,10501.9,9391.06,2000,10754.23,9288.473,2000,10679.63,9341.447,2000,10435.6,9414.256,2000,10513.34
9444.592,2000,10502.17,9391.28,2000,10753.17,9289.185,2000,10678.81,9342.442,2000,10435.17,9415.265,2000,10512.94
9445.641,2000,10502.44,9391.505,2000,10752.11,9289.9,2000,10678,9343.451,2000,10434.78,9416.281,2000,10512.57
9446.689,2000,10502.72,9391.734,2000,10751.05,9290.619,2000,10677.19,9344.473,2000,10434.41,9417.306,2000,10512.22
9447.738,2000,10502.99,9391.969,2000,10750,9291.342,2000,10676.38,9345.505,2000,10434.09,9418.337,2000,10511.88
9448.787,2000,10503.26,9392.207,2000,10748.94,9292.067,2000,10675.58,9346.548,2000,10433.79,9419.374,2000,10511.57
9449.836,2000,10503.53,9392.45,2000,10747.88,9292.796,2000,10674.77,9347.6,2000,10433.53,9420.417,2000,10511.27
9450.885,2000,10503.8,9392.698,2000,10746.83,9293.528,2000,10673.97,9348.659,2000,10433.31,9421.465,2000,10511
9451.934,2000,10504.08,9392.95,2000,10745.78,9294.264,2000,10673.18,9349.726,2000,10433.12,9422.518,2000,10510.74
9452.982,2000,10504.35,9393.207,2000,10744.72,9295.002,2000,10672.39,9350.798,2000,10432.96,9423.574,2000,10510.5
9454.031,2000,10504.62,9393.469,2000,10743.67,9295.744,2000,10671.6,9351.874,2000,10432.84,9424.635,2000,10510.28
9455.08,2000,10504.89,9393.734,2000,10742.62,9296.489,2000,10670.81,9352.954,2000,10432.75,9425.698,2000,10510.08
9456.129,2000,10505.16,9394.005,2000,10741.57,9297.238,2000,10670.03,9354.036,2000,10432.71,9426.765,2000,10509.89
9457.178,2000,10505.44,9394.28,2000,10740.53,9297.99,2000,10669.25,9355.119,2000,10432.69,9427.834,2000,10509.71
9458.227,2000,10505.71,9394.561,2000,10739.48,9298.745,2000,10668.47,9356.202,2000,10432.71,9428.906,2000,10509.56
9459.275,2000,10505.98,9394.846,2000,10738.43,9299.503,2000,10667.7,9357.284,2000,10432.77,9429.98,2000,10509.42
9460.324,2000,10506.25,9395.135,2000,10737.39,9300.265,2000,10666.93,9358.363,2000,10432.86,9431.057,2000,10509.29
9461.373,2000,10506.52,9395.429,2000,10736.35,9301.029,2000,10666.16,9359.439,2000,10432.99,9432.134,2000,10509.18
9462.366,2000,10506.96,9395.728,2000,10735.31,9301.797,2000,10665.4,9360.511,2000,10433.15,9433.213,2000,10509.08
9463.359,2000,10507.39,9396.031,2000,10734.27,9302.568,2000,10664.63,9361.576,2000,10433.35,9434.293,2000,10509
9464.353,2000,10507.82,9396.34,2000,10733.23,9303.343,2000,10663.88,9362.635,2000,10433.58,9435.375,2000,10508.94
9465.346,2000,10508.25,9396.652,2000,10732.19,9304.121,2000,10663.12,9363.685,2000,10433.84,9436.458,2000,10508.9
9466.339,2000,10508.69,9396.97,2000,10731.15,9304.902,2000,10662.37,9364.726,2000,10434.14,9437.541,2000,10508.88
9467.332,2000,10509.12,9397.292,2000,10730.12,9305.687,2000,10661.63,9365.756,2000,10434.48,9438.624,2000,10508.87
9468.325,2000,10509.55,9397.619,2000,10729.09,9306.475,2000,10660.88,9366.774,2000,10434.85,9439.707,2000,10508.88
9469.318,2000,10509.98,9397.951,2000,10728.06,9307.266,2000,10660.14,9367.78,2000,10435.25,9440.79,2000,10508.9
9470.312,2000,10510.42,9398.288,2000,10727.03,9308.061,2000,10659.41,9368.772,2000,10435.68,9441.873,2000,10508.95
9471.305,2000,10510.85,9398.63,2000,10726,9308.858,2000,10658.67,9369.75,2000,10436.15,9442.955,2000,10509
9472.298,2000,10511.28,9398.977,2000,10724.97,9309.659,2000,10657.94,9370.712,2000,10436.65,9444.036,2000,10509.07
9473.291,2000,10511.71,9399.328,2000,10723.95,9310.464,2000,10657.22,9371.657,2000,10437.17,9445.116,2000,10509.16
9474.284,2000,10512.14,9399.685,2000,10722.92,9311.271,2000,10656.5,9372.585,2000,10437.73,9446.195,2000,10509.25
9475.277,2000,10512.58,9400.046,2000,10721.9,9312.083,2000,10655.78,9373.494,2000,10438.32,9447.273,2000,10509.36
9476.271,2000,10513.01,9400.412,2000,10720.88,9312.897,2000,10655.06,9374.383,2000,10438.94,9448.35,2000,10509.49
9477.264,2000,10513.44,9400.783,2000,10719.87,9313.715,2000,10654.35,9375.259,2000,10439.58,9449.425,2000,10509.62
9478.257,2000,10513.87,9401.159,2000,10718.85,9314.535,2000,10653.65,9376.137,2000,10440.22,9450.498,2000,10509.77
9479.25,2000,10514.3,9401.541,2000,10717.84,9315.359,2000,10652.94,9377.016,2000,10440.85,9451.569,2000,10509.93
9480.243,2000,10514.74,9401.928,2000,10716.83,9316.187,2000,10652.24,9377.896,2000,10441.48,9452.64,2000,10510.1
9481.236,2000,10515.17,9402.319,2000,10715.82,9317.017,2000,10651.55,9378.776,2000,10442.11,9453.708,2000,10510.28
9482.229,2000,10515.6,9402.716,2000,10714.81,9317.85,2000,10650.86,9379.658,2000,10442.74,9454.774,2000,10510.47
9483.223,2000,10516.03,9403.117,2000,10713.8,9318.687,2000,10650.17,9380.541,2000,10443.37,9455.839,2000,10510.67
9484.216,2000,10516.46,9403.523,2000,10712.8,9319.526,2000,10649.48,9381.426,2000,10443.99,9456.902,2000,10510.87
9485.209,2000,10516.9,9403.936,2000,10711.8,9320.369,2000,10648.8,9382.312,2000,10444.62,9457.964,2000,10511.09
9486.121,2000,10517.48,9404.353,2000,10710.8,9321.215,2000,10648.13,9383.198,2000,10445.24,9459.023,2000,10511.32
9487.033,2000,10518.06,9404.774,2000,10709.8,9322.064,2000,10647.45,9384.085,2000,10445.86,9460.08,2000,10511.56
9487.945,2000,10518.65,9405.201,2000,10708.8,9322.917,2000,10646.78,9384.972,2000,10446.49,9461.133,2000,10511.81
9488.857,2000,10519.23,9405.634,2000,10707.81,9323.772,2000,10646.12,9385.858,2000,10447.11,9462.183,2000,10512.08
9489.77,2000,10519.82,9406.071,2000,10706.82,9324.632,2000,10645.46,9386.746,2000,10447.73,9463.229,2000,10512.36
9490.682,2000,10520.4,9406.514,2000,10705.83,9325.494,2000,10644.8,9387.634,2000,10448.35,9464.271,2000,10512.65
9491.594,2000,10520.98,9406.962,2000,10704.84,9326.359,2000,10644.15,9388.521,2000,10448.97,9465.311,2000,10512.96
9492.506,2000,10521.57,9407.415,2000,10703.86,9327.228,2000,10643.5,9389.429,2000,10449.56,9466.34,2000,10513.29
9493.418,2000,10522.15,9407.873,2000,10702.88,9328.1,2000,10642.86,9390.355,2000,10450.12,9467.357,2000,10513.67
9494.331,2000,10522.74,9408.363,2000,10701.91,9328.95,2000,10642.19,9391.3,2000,10450.65,9468.362,2000,10514.07
9495.244,2000,10523.32,9408.885,2000,10700.96,9329.778,2000,10641.49,9392.261,2000,10451.15,9469.354,2000,10514.51
9496.156,2000,10523.9,9409.437,2000,10700.03,9330.583,2000,10640.76,9393.238,2000,10451.62,9470.329,2000,10514.98
9497.069,2000,10524.49,9410.019,2000,10699.12,9331.363,2000,10640.01,9394.23,2000,10452.06,9471.289,2000,10515.48
9497.982,2000,10525.07,9410.631,2000,10698.22,9332.118,2000,10639.24,9395.236,2000,10452.46,9472.232,2000,10516.02
9498.896,2000,10525.66,9411.271,2000,10697.35,9332.848,2000,10638.44,9396.255,2000,10452.83,9473.157,2000,10516.58
9499.809,2000,10526.24,9411.94,2000,10696.5,9333.551,2000,10637.61,9397.285,2000,10453.17,9474.063,2000,10517.17
9500.722,2000,10526.82,9412.637,2000,10695.67,9334.227,2000,10636.77,9398.325,2000,10453.47,9474.95,2000,10517.8
9501.635,2000,10527.41,9413.36,2000,10694.86,9334.874,2000,10635.9,9399.355,2000,10453.81,9475.856,2000,10518.39
9502.547,2000,10527.99,9414.109,2000,10694.08,9335.493,2000,10635.01,9400.374,2000,10454.18,9476.781,2000,10518.95
9503.46,2000,10528.58,9414.884,2000,10693.32,9336.082,2000,10634.1,9401.38,2000,10454.58,9477.725,2000,10519.49
9504.373,2000,10529.16,9415.683,2000,10692.59,9336.642,2000,10633.17,9402.372,2000,10455.01,9478.685,2000,10519.99
9505.286,2000,10529.74,9416.505,2000,10691.89,9337.17,2000,10632.23,9403.35,2000,10455.48,9479.66,2000,10520.46
9506.199,2000,10530.33,9417.35,2000,10691.21,9337.667,2000,10631.26,9404.311,2000,10455.98,9480.651,2000,10520.9
9507.112,2000,10530.91,9418.217,2000,10690.56,9338.133,2000,10630.29,9405.255,2000,10456.51,9481.656,2000,10521.3
9507.924,2000,10531.63,9419.062,2000,10689.88,9338.63,2000,10629.32,9406.182,2000,10457.07,9482.67,2000,10521.69
9508.735,2000,10532.35,9419.884,2000,10689.18,9339.158,2000,10628.38,9407.089,2000,10457.67,9483.678,2000,10522.08
9509.547,2000,10533.07,9420.683,2000,10688.44,9339.718,2000,10627.45,9407.977,2000,10458.29,9484.681,2000,10522.49
9510.358,2000,10533.78,9421.457,2000,10687.69,9340.307,2000,10626.54,9408.849,2000,10458.93,9485.678,2000,10522.92
9511.17,2000,10534.5,9422.206,2000,10686.9,9340.926,2000,10625.65,9409.741,2000,10459.54,9486.66,2000,10523.37
9511.981,2000,10535.22,9422.93,2000,10686.1,9341.573,2000,10624.78,9410.653,2000,10460.13,9487.627,2000,10523.86
9512.793,2000,10535.94,9423.626,2000,10685.27,9342.249,2000,10623.94,9411.585,2000,10460.68,9488.577,2000,10524.38
9513.604,2000,10536.65,9424.295,2000,10684.42,9342.952,2000,10623.11,9412.534,2000,10461.2,9489.511,2000,10524.93
9514.416,2000,10537.37,9424.936,2000,10683.54,9343.682,2000,10622.31,9413.5,2000,10461.69,9490.426,2000,10525.51
9515.228,2000,10538.09,9425.548,2000,10682.65,9344.437,2000,10621.54,9414.48,2000,10462.15,9491.321,2000,10526.12
9516.039,2000,10538.81,9426.13,2000,10681.74,9345.217,2000,10620.78,9415.476,2000,10462.58,9492.196,2000,10526.76
9516.851,2000,10539.53,9426.707,2000,10680.82,9346.021,2000,10620.06,9416.456,2000,10463.04,9493.092,2000,10527.37
9517.662,2000,10540.24,9427.29,2000,10679.91,9346.85,2000,10619.36,9417.422,2000,10463.53,9494.007,2000,10527.96
9518.474,2000,10540.96,9427.879,2000,10679,9347.7,2000,10618.69,9418.371,2000,10464.06,9494.94,2000,10528.51
9519.285,2000,10541.68,9428.474,2000,10678.09,9348.572,2000,10618.04,9419.303,2000,10464.61,9495.891,2000,10529.03
9520.097,2000,10542.4,9429.098,2000,10677.21,9349.423,2000,10617.37,9420.215,2000,10465.19,9496.844,2000,10529.54
9520.908,2000,10543.11,9429.75,2000,10676.34,9350.251,2000,10616.67,9421.107,2000,10465.81,9497.792,2000,10530.07
9521.72,2000,10543.83,9430.431,2000,10675.5,9351.056,2000,10615.95,9421.979,2000,10466.45,9498.735,2000,10530.6
9522.531,2000,10544.55,9431.139,2000,10674.68,9351.836,2000,10615.2,9422.835,2000,10467.11,9499.674,2000,10531.14
9523.343,2000,10545.27,9431.873,2000,10673.88,9352.591,2000,10614.42,9423.69,2000,10467.78,9500.608,2000,10531.69
9524.154,2000,10545.98,9432.633,2000,10673.11,9353.32,2000,10613.62,9424.546,2000,10468.44,9501.538,2000,10532.24
9524.966,2000,10546.7,9433.417,2000,10672.36,9354.023,2000,10612.8,9425.423,2000,10469.08,9502.449,2000,10532.83
9525.777,2000,10547.42,9434.226,2000,10671.64,9354.699,2000,10611.95,9426.319,2000,10469.69,9503.341,2000,10533.44
9526.589,2000,10548.13,9435.058,2000,10670.95,9355.347,2000,10611.08,9427.235,2000,10470.26,9504.212,2000,10534.09
9527.4,2000,10548.85,9435.911,2000,10670.28,9355.966,2000,10610.19,9428.17,2000,10470.81,9505.062,2000,10534.76
9528.091,2000,10549.69,9436.743,2000,10669.58,9356.613,2000,10609.32,9429.086,2000,10471.39,9505.933,2000,10535.4
9528.781,2000,10550.52,9437.552,2000,10668.86,9357.289,2000,10608.48,9429.982,2000,10472,9506.824,2000,10536.02
9529.472,2000,10551.36,9438.336,2000,10668.12,9357.992,2000,10607.65,9430.859,2000,10472.63,9507.729,2000,10536.61
9530.162,2000,10552.19,9439.096,2000,10667.34,9358.722,2000,10606.85,9431.715,2000,10473.3,9508.625,2000,10537.22
9530.853,2000,10553.03,9439.83,2000,10666.55,9359.477,2000,10606.08,9432.561,2000,10473.98,9509.515,2000,10537.84
9531.542,2000,10553.86,9440.538,2000,10665.73,9360.257,2000,10605.33,9433.404,2000,10474.66,9510.397,2000,10538.47
9532.231,2000,10554.7,9441.222,2000,10664.89,9361.062,2000,10604.6,9434.271,2000,10475.31,9511.259,2000,10539.13
9532.921,2000,10555.53,9441.911,2000,10664.05,9361.89,2000,10603.9,9435.157,2000,10475.93,9512.099,2000,10539.81
9533.611,2000,10556.37,9442.607,2000,10663.22,9362.74,2000,10603.23,9436.023,2000,10476.58,9512.96,2000,10540.47
9534.301,2000,10557.2,9443.33,2000,10662.42,9363.568,2000,10602.53,9436.867,2000,10477.26,9513.818,2000,10541.13
9534.99,2000,10558.04,9444.079,2000,10661.63,9364.373,2000,10601.8,9437.705,2000,10477.95,9514.671,2000,10541.8
9535.681,2000,10558.87,9444.854,2000,10660.87,9365.153,2000,10601.05,9438.541,2000,10478.64,9515.518,2000,10542.47
9536.37,2000,10559.71,9445.652,2000,10660.14,9365.908,2000,10600.28,9439.376,2000,10479.33,9516.358,2000,10543.16
9537.06,2000,10560.54,9446.475,2000,10659.44,9366.638,2000,10599.48,9440.21,2000,10480.02,9517.193,2000,10543.85
9537.749,2000,10561.38,9447.319,2000,10658.76,9367.341,2000,10598.65,9441.043,2000,10480.71,9518.022,2000,10544.54
9538.439,2000,10562.21,9448.142,2000,10658.05,9368.07,2000,10597.85,9441.875,2000,10481.4,9518.847,2000,10545.25
9539.129,2000,10563.05,9448.94,2000,10657.32,9368.825,2000,10597.08,9442.706,2000,10482.1,9519.666,2000,10545.96
9539.818,2000,10563.88,9449.715,2000,10656.56,9369.605,2000,10596.32,9443.536,2000,10482.79,9520.48,2000,10546.67
9540.509,2000,10564.72,9450.47,2000,10655.78,9370.41,2000,10595.6,9444.365,2000,10483.49,9521.29,2000,10547.39
9541.198,2000,10565.55,9451.231,2000,10655.01,9371.238,2000,10594.9,9445.192,2000,10484.19,9522.095,2000,10548.12
9541.888,2000,10566.39,9452,2000,10654.25,9372.089,2000,10594.23,9446.019,2000,10484.89,9522.895,2000,10548.85
9542.577,2000,10567.22,9452.793,2000,10653.51,9372.917,2000,10593.53,9446.844,2000,10485.59,9523.69,2000,10549.58
9543.268,2000,10568.06,9453.609,2000,10652.8,9373.722,2000,10592.8,9447.646,2000,10486.32,9524.51,2000,10550.29
9543.957,2000,10568.89,9454.448,2000,10652.12,9374.502,2000,10592.05,9448.469,2000,10487.03,9525.306,2000,10551.03
9544.646,2000,10569.73,9455.31,2000,10651.46,9375.257,2000,10591.28,9449.269,2000,10487.76,9526.125,2000,10551.74
9545.201,2000,10570.66,9456.148,2000,10650.77,9376.037,2000,10590.53,9450.09,2000,10488.46,9526.921,2000,10552.47
9545.756,2000,10571.59,9456.965,2000,10650.06,9376.842,2000,10589.8,9450.909,2000,10489.17,9527.692,2000,10553.23
9546.311,2000,10572.52,9457.776,2000,10649.34,9377.67,2000,10589.1,9451.705,2000,10489.91,9528.488,2000,10553.97
9546.865,2000,10573.45,9458.595,2000,10648.63,9378.521,2000,10588.43,9452.477,2000,10490.67,9529.308,2000,10554.68
9547.42,2000,10574.38,9459.42,2000,10647.93,9379.393,2000,10587.79,9453.272,2000,10491.4,9530.104,2000,10555.41
9547.975,2000,10575.31,9460.251,2000,10647.24,9380.285,2000,10587.17,9454.085,2000,10492.12,9530.875,2000,10556.17
9548.53,2000,10576.24,9461.089,2000,10646.55,9381.197,2000,10586.59,9454.874,2000,10492.86,9531.671,2000,10556.91
9549.086,2000,10577.17,9461.948,2000,10645.89,9382.09,2000,10585.97,9455.684,2000,10493.58,9532.442,2000,10557.67
9549.641,2000,10578.1,9462.829,2000,10645.26,9382.962,2000,10585.33,9456.469,2000,10494.33,9533.238,2000,10558.4
9550.196,2000,10579.03,9463.73,2000,10644.66,9383.813,2000,10584.66,9457.229,2000,10495.1,9534.058,2000,10559.11
9550.752,2000,10579.96,9464.65,2000,10644.09,9384.641,2000,10583.96,9458.015,2000,10495.84,9534.854,2000,10559.85
9551.307,2000,10580.89,9465.552,2000,10643.49,9385.491,2000,10583.29,9458.817,2000,10496.57,9535.625,2000,10560.61
9551.862,2000,10581.82,9466.433,2000,10642.86,9386.363,2000,10582.64,9459.618,2000,10497.3,9536.371,2000,10561.39
9552.418,2000,10582.75,9467.314,2000,10642.23,9387.256,2000,10582.03,9460.395,2000,10498.06,9537.143,2000,10562.15
9552.974,2000,10583.69,9468.202,2000,10641.61,9388.168,2000,10581.45,9461.146,2000,10498.84,9537.938,2000,10562.89
9553.528,2000,10584.62,9469.097,2000,10640.99,9389.099,2000,10580.89,9461.922,2000,10499.59,9538.71,2000,10563.65
9554.084,2000,10585.55,9469.998,2000,10640.39,9390.047,2000,10580.37,9462.673,2000,10500.37,9539.506,2000,10564.39
9554.64,2000,10586.48,9470.918,2000,10639.82,9390.978,2000,10579.81,9463.449,2000,10501.13,9540.277,2000,10565.15
9555.195,2000,10587.41,9471.856,2000,10639.28,9391.89,2000,10579.23,9464.24,2000,10501.87,9541.023,2000,10565.93
9555.75,2000,10588.34,9472.776,2000,10638.71,9392.82,2000,10578.67,9465.007,2000,10502.63,9541.795,2000,10566.69
9556.306,2000,10589.27,9473.715,2000,10638.17,9393.732,2000,10578.09,9465.748,2000,10503.42,9542.591,2000,10567.43
9556.861,2000,10590.2,9474.671,2000,10637.66,9394.663,2000,10577.53,9466.515,2000,10504.19,9543.41,2000,10568.14
9557.417,2000,10591.13,9475.643,2000,10637.18,9395.611,2000,10577.01,9467.299,2000,10504.94,9544.252,2000,10568.82
9557.972,2000,10592.06,9476.63,2000,10636.73,9396.576,2000,10576.52,9468.082,2000,10505.69,9545.116,2000,10569.47
9558.527,2000,10592.99,9477.631,2000,10636.32,9397.557,2000,10576.06,9468.863,2000,10506.44,9546.001,2000,10570.1
9559.083,2000,10593.92,9478.645,2000,10635.93,9398.552,2000,10575.63,9469.669,2000,10507.16,9546.906,2000,10570.69
9559.488,2000,10594.93,9479.671,2000,10635.59,9399.561,2000,10575.23,9470.497,2000,10507.86,9547.83,2000,10571.26
9559.894,2000,10595.93,9480.708,2000,10635.27,9400.581,2000,10574.87,9471.348,2000,10508.53,9548.772,2000,10571.79
9560.299,2000,10596.94,9481.755,2000,10634.99,9401.613,2000,10574.54,9472.22,2000,10509.17,9549.731,2000,10572.3
9560.704,2000,10597.94,9482.81,2000,10634.75,9402.655,2000,10574.25,9473.112,2000,10509.79,9550.706,2000,10572.77
9561.109,2000,10598.95,9483.872,2000,10634.54,9403.707,2000,10573.99,9474.024,2000,10510.37,9551.696,2000,10573.21
9561.515,2000,10599.95,9484.941,2000,10634.36,9404.767,2000,10573.76,9474.956,2000,10510.92,9552.7,2000,10573.62
9561.92,2000,10600.96,9486.016,2000,10634.22,9405.833,2000,10573.57,9475.905,2000,10511.45,9553.717,2000,10573.99
9562.325,2000,10601.96,9487.094,2000,10634.11,9406.905,2000,10573.41,9476.871,2000,10511.94,9554.745,2000,10574.33
9562.731,2000,10602.97,9488.175,2000,10634.04,9407.981,2000,10573.29,9477.852,2000,10512.4,9555.784,2000,10574.64
9563.138,2000,10603.97,9489.258,2000,10634.01,9409.062,2000,10573.21,9478.847,2000,10512.83,9556.833,2000,10574.91
9563.543,2000,10604.98,9490.341,2000,10634.01,9410.144,2000,10573.15,9479.855,2000,10513.22,9557.89,2000,10575.15
9563.949,2000,10605.98,9491.424,2000,10634.04,9411.227,2000,10573.14,9480.877,2000,10513.58,9558.954,2000,10575.36
9564.355,2000,10606.99,9492.505,2000,10634.12,9412.31,2000,10573.16,9481.909,2000,10513.91,9560.024,2000,10575.52
9564.761,2000,10607.99,9493.583,2000,10634.22,9413.392,2000,10573.22,9482.952,2000,10514.2,9561.1,2000,10575.66
9565.167,2000,10609,9494.657,2000,10634.36,9414.471,2000,10573.31,9484.004,2000,10514.46,9562.179,2000,10575.76
9565.573,2000,10610,9495.726,2000,10634.54,9415.547,2000,10573.43,9485.063,2000,10514.69,9563.26,2000,10575.82
9565.979,2000,10611.01,9496.788,2000,10634.75,9416.618,2000,10573.6,9486.13,2000,10514.88,9564.343,2000,10575.85
9566.385,2000,10612.01,9497.843,2000,10635,9417.684,2000,10573.79,9487.202,2000,10515.03,9565.426,2000,10575.84
9566.791,2000,10613.02,9498.889,2000,10635.28,9418.742,2000,10574.02,9488.279,2000,10515.15,9566.509,2000,10575.81
9567.196,2000,10614.02,9499.925,2000,10635.59,9419.792,2000,10574.29,9489.359,2000,10515.24,9567.592,2000,10575.78
9567.603,2000,10615.03,9500.95,2000,10635.94,9420.833,2000,10574.59,9490.441,2000,10515.29,9568.675,2000,10575.74
9568.009,2000,10616.03,9501.964,2000,10636.32,9421.863,2000,10574.92,9491.524,2000,10515.3,9569.758,2000,10575.7
9568.414,2000,10617.04,9502.965,2000,10636.74,9422.883,2000,10575.29,9492.607,2000,10515.28,9570.841,2000,10575.66
9568.82,2000,10618.04,9503.951,2000,10637.19,9423.89,2000,10575.69,9493.689,2000,10515.22,9571.924,2000,10575.62
9569.227,2000,10619.04,9504.923,2000,10637.67,9424.883,2000,10576.12,9494.769,2000,10515.13,9573.006,2000,10575.58
9569.632,2000,10620.05,9505.878,2000,10638.18,9425.861,2000,10576.59,9495.845,2000,10515,9574.088,2000,10575.54
9570.038,2000,10621.05,9506.816,2000,10638.72,9426.823,2000,10577.09,9496.916,2000,10514.84,9575.17,2000,10575.49
9570.282,2000,10622.11,9507.736,2000,10639.29,9427.769,2000,10577.62,9497.981,2000,10514.64,9576.252,2000,10575.44
9570.526,2000,10623.17,9508.637,2000,10639.89,9428.696,2000,10578.17,9499.039,2000,10514.41,9577.334,2000,10575.39
9570.771,2000,10624.22,9509.518,2000,10640.52,9429.605,2000,10578.76,9500.089,2000,10514.14,9578.416,2000,10575.34
9571.017,2000,10625.28,9510.377,2000,10641.18,9430.495,2000,10579.38,9501.13,2000,10513.84,9579.498,2000,10575.29
9571.261,2000,10626.33,9511.214,2000,10641.87,9431.363,2000,10580.03,9502.16,2000,10513.51,9580.58,2000,10575.24
9571.506,2000,10627.39,9512.028,2000,10642.59,9432.21,2000,10580.71,9503.179,2000,10513.14,9581.662,2000,10575.19
9571.75,2000,10628.44,9512.818,2000,10643.33,9433.034,2000,10581.41,9504.185,2000,10512.74,9582.742,2000,10575.1
9571.995,2000,10629.5,9513.584,2000,10644.09,9433.835,2000,10582.14,9505.177,2000,10512.3,9583.818,2000,10574.97
9572.239,2000,10630.56,9514.324,2000,10644.88,9434.611,2000,10582.89,9506.154,2000,10511.84,9584.89,2000,10574.82
9572.484,2000,10631.61,9515.038,2000,10645.7,9435.412,2000,10583.62,9507.146,2000,10511.4,9585.955,2000,10574.62
9572.729,2000,10632.67,9515.778,2000,10646.49,9436.236,2000,10584.33,9508.152,2000,10511,9587.026,2000,10574.46
9572.974,2000,10633.72,9516.544,2000,10647.26,9437.083,2000,10585,9509.171,2000,10510.63,9588.103,2000,10574.34
9573.219,2000,10634.78,9517.334,2000,10648,9437.951,2000,10585.65,9510.201,2000,10510.3,9589.183,2000,10574.25
9573.463,2000,10635.83,9518.148,2000,10648.71,9438.841,2000,10586.27,9511.242,2000,10510,9590.265,2000,10574.2
9573.708,2000,10636.89,9518.985,2000,10649.4,9439.75,2000,10586.86,9512.292,2000,10509.73,9591.348,2000,10574.18
9573.952,2000,10637.95,9519.845,2000,10650.06,9440.678,2000,10587.42,9513.35,2000,10509.5,9592.431,2000,10574.2
9574.197,2000,10639,9520.726,2000,10650.69,9441.623,2000,10587.95,9514.415,2000,10509.3,9593.513,2000,10574.25
9574.442,2000,10640.06,9521.626,2000,10651.29,9442.585,2000,10588.44,9515.486,2000,10509.14,9594.593,2000,10574.34
9574.687,2000,10641.11,9522.546,2000,10651.87,9443.563,2000,10588.91,9516.563,2000,10509.01,9595.669,2000,10574.46
9574.932,2000,10642.17,9523.484,2000,10652.41,9444.557,2000,10589.34,9517.642,2000,10508.92,9596.74,2000,10574.62
9575.176,2000,10643.22,9524.439,2000,10652.92,9445.561,2000,10589.75,9518.724,2000,10508.86,9597.806,2000,10574.81
9575.421,2000,10644.28,9525.411,2000,10653.4,9446.562,2000,10590.16,9519.807,2000,10508.84,9598.864,2000,10575.04
9575.665,2000,10645.33,9526.397,2000,10653.85,9447.561,2000,10590.58,9520.89,2000,10508.85,9599.915,2000,10575.3
9575.91,2000,10646.39,9527.398,2000,10654.26,9448.557,2000,10591.01,9521.972,2000,10508.9,9600.957,2000,10575.6
9576.155,2000,10647.45,9528.412,2000,10654.64,9449.55,2000,10591.44,9523.052,2000,10508.99,9601.988,2000,10575.93
9576.399,2000,10648.5,9529.438,2000,10654.99,9450.541,2000,10591.88,9524.129,2000,10509.11,9603.009,2000,10576.3
9576.645,2000,10649.56,9530.474,2000,10655.31,9451.529,2000,10592.32,9525.201,2000,10509.26,9604.017,2000,10576.7
9576.726,2000,10650.64,9531.52,2000,10655.59,9452.515,2000,10592.77,9526.268,2000,10509.45,9605.011,2000,10577.13
9576.807,2000,10651.72,9532.574,2000,10655.83,9453.497,2000,10593.23,9527.327,2000,10509.68,9605.99,2000,10577.59
9576.888,2000,10652.8,9533.637,2000,10656.04,9454.476,2000,10593.69,9528.379,2000,10509.94,9606.954,2000,10578.08
9576.969,2000,10653.88,9534.705,2000,10656.22,9455.451,2000,10594.16,9529.422,2000,10510.23,9607.901,2000,10578.61
9577.05,2000,10654.96,9535.779,2000,10656.36,9456.424,2000,10594.64,9530.454,2000,10510.56,9608.831,2000,10579.17
9577.131,2000,10656.04,9536.857,2000,10656.47,9457.393,2000,10595.13,9531.476,2000,10510.92,9609.741,2000,10579.75
9577.212,2000,10657.12,9537.938,2000,10656.54,9458.358,2000,10595.62,9532.484,2000,10511.32,9610.632,2000,10580.37
9577.293,2000,10658.2,9539.021,2000,10656.58,9459.32,2000,10596.12,9533.479,2000,10511.74,9611.502,2000,10581.02
9577.374,2000,10659.28,9540.104,2000,10656.62,9460.279,2000,10596.62,9534.46,2000,10512.2,9612.351,2000,10581.69
9577.455,2000,10660.36,9541.184,2000,10656.7,9461.254,2000,10597.09,9535.426,2000,10512.69,9613.177,2000,10582.39
9577.537,2000,10661.44,9542.261,2000,10656.82,9462.243,2000,10597.53,9536.375,2000,10513.22,9613.979,2000,10583.12
9577.618,2000,10662.52,9543.333,2000,10656.97,9463.247,2000,10597.94,9537.307,2000,10513.77,9614.758,2000,10583.87
9577.7,2000,10663.6,9544.4,2000,10657.16,9464.264,2000,10598.32,9538.219,2000,10514.35,9615.512,2000,10584.65
9577.781,2000,10664.68,9545.461,2000,10657.38,9465.292,2000,10598.66,9539.111,2000,10514.97,9616.239,2000,10585.45
9577.862,2000,10665.76,9546.514,2000,10657.63,9466.331,2000,10598.97,9539.983,2000,10515.61,9616.94,2000,10586.28
9577.944,2000,10666.84,9547.558,2000,10657.92,9467.379,2000,10599.24,9540.834,2000,10516.28,9617.614,2000,10587.13
9578.025,2000,10667.92,9548.591,2000,10658.25,9468.436,2000,10599.48,9541.662,2000,10516.98,9618.315,2000,10587.95
9578.107,2000,10669,9549.613,2000,10658.61,9469.499,2000,10599.68,9542.468,2000,10517.7,9619.043,2000,10588.76
9578.188,2000,10670.08,9550.623,2000,10659,9470.569,2000,10599.85,9543.249,2000,10518.46,9619.797,2000,10589.54
9578.271,2000,10671.16,9551.62,2000,10659.42,9471.645,2000,10599.99,9544.005,2000,10519.23,9620.575,2000,10590.29
9578.352,2000,10672.24,9552.603,2000,10659.88,9472.724,2000,10600.09,9544.735,2000,10520.03,9621.378,2000,10591.02
9578.434,2000,10673.32,9553.569,2000,10660.37,9473.805,2000,10600.15,9545.439,2000,10520.85,9622.204,2000,10591.72
9578.515,2000,10674.4,9554.52,2000,10660.89,9474.888,2000,10600.18,9546.116,2000,10521.7,9623.053,2000,10592.39
9578.597,2000,10675.48,9555.452,2000,10661.44,9475.969,2000,10600.24,9546.765,2000,10522.57,9623.923,2000,10593.04
9578.678,2000,10676.56,9556.366,2000,10662.02,9477.048,2000,10600.34,9547.385,2000,10523.46,9624.813,2000,10593.65
9578.76,2000,10677.64,9557.261,2000,10662.63,9478.123,2000,10600.48,9547.975,2000,10524.36,9625.724,2000,10594.24
9578.841,2000,10678.72,9558.135,2000,10663.27,9479.193,2000,10600.65,9548.535,2000,10525.29,9626.653,2000,10594.8
9578.923,2000,10679.8,9558.988,2000,10663.94,9480.257,2000,10600.85,9549.064,2000,10526.24,9627.601,2000,10595.32
9578.838,2000,10680.88,9559.819,2000,10664.63,9481.313,2000,10601.09,9549.563,2000,10527.2,9628.564,2000,10595.82
9578.753,2000,10681.96,9560.627,2000,10665.35,9482.361,2000,10601.36,9550.029,2000,10528.18,9629.544,2000,10596.28
9578.668,2000,10683.04,9561.41,2000,10666.1,9483.4,2000,10601.67,9550.527,2000,10529.14,9630.538,2000,10596.71
9578.583,2000,10684.12,9562.169,2000,10666.88,9484.429,2000,10602.01,9551.057,2000,10530.08,9631.546,2000,10597.11
9578.498,2000,10685.2,9562.901,2000,10667.67,9485.445,2000,10602.39,9551.617,2000,10531.01,9632.566,2000,10597.47
9578.413,2000,10686.28,9563.607,2000,10668.5,9486.449,2000,10602.8,9552.207,2000,10531.92,9633.598,2000,10597.81
9578.328,2000,10687.36,9564.286,2000,10669.34,9487.438,2000,10603.24,9552.827,2000,10532.81,9634.64,2000,10598.1
9578.243,2000,10688.44,9564.952,2000,10670.19,9488.413,2000,10603.71,9553.476,2000,10533.67,9635.671,2000,10598.43
9578.158,2000,10689.52,9565.59,2000,10671.07,9489.372,2000,10604.21,9554.152,2000,10534.52,9636.691,2000,10598.8
9578.073,2000,10690.6,9566.2,2000,10671.96,9490.313,2000,10604.75,9554.856,2000,10535.34,9637.699,2000,10599.2
9577.988,2000,10691.68,9566.782,2000,10672.88,9491.237,2000,10605.32,9555.587,2000,10536.14,9638.693,2000,10599.63
9577.903,2000,10692.76,9567.337,2000,10673.81,9492.142,2000,10605.91,9556.343,2000,10536.92,9639.673,2000,10600.09
9577.817,2000,10693.84,9567.864,2000,10674.76,9493.026,2000,10606.54,9557.124,2000,10537.67,9640.637,2000,10600.59
9577.732,2000,10694.92,9568.365,2000,10675.72,9493.89,2000,10607.19,9557.93,2000,10538.39,9641.584,2000,10601.11
9577.646,2000,10696,9568.84,2000,10676.69,9494.731,2000,10607.87,9558.758,2000,10539.09,9642.514,2000,10601.67
9577.562,2000,10697.08,9569.289,2000,10677.68,9495.551,2000,10608.58,9559.608,2000,10539.76,9643.424,2000,10602.26
9577.476,2000,10698.16,9569.714,2000,10678.67,9496.347,2000,10609.32,9560.48,2000,10540.41,9644.314,2000,10602.87
9577.391,2000,10699.24,9570.114,2000,10679.68,9497.117,2000,10610.08,9561.373,2000,10541.02,9645.185,2000,10603.52
9577.305,2000,10700.32,9570.492,2000,10680.69,9497.863,2000,10610.86,9562.285,2000,10541.6,9646.033,2000,10604.19
9577.22,2000,10701.4,9570.848,2000,10681.72,9498.583,2000,10611.67,9563.217,2000,10542.16,9646.859,2000,10604.89
9577.134,2000,10702.48,9571.182,2000,10682.75,9499.275,2000,10612.51,9564.166,2000,10542.68,9647.662,2000,10605.62
9577.049,2000,10703.56,9571.494,2000,10683.79,9499.94,2000,10613.36,9565.132,2000,10543.17,9648.44,2000,10606.37
9576.963,2000,10704.64,9571.787,2000,10684.83,9500.577,2000,10614.24,9566.112,2000,10543.63,9649.194,2000,10607.15
9576.878,2000,10705.72,9572.061,2000,10685.88,9501.185,2000,10615.13,9567.107,2000,10544.06,9649.922,2000,10607.95
9576.792,2000,10706.8,9572.316,2000,10686.93,9501.763,2000,10616.05,9568.116,2000,10544.45,9650.623,2000,10608.78
9576.707,2000,10707.88,9572.555,2000,10687.99,9502.311,2000,10616.99,9569.138,2000,10544.81,9651.297,2000,10609.63
9576.621,2000,10708.96,9572.827,2000,10689.03,9502.827,2000,10617.94,9570.17,2000,10545.14,9651.942,2000,10610.5
9576.536,2000,10710.04,9573.134,2000,10690.07,9503.313,2000,10618.91,9571.213,2000,10545.44,9652.559,2000,10611.39
9576.29,2000,10711.1,9573.475,2000,10691.1,9503.766,2000,10619.89,9572.245,2000,10545.76,9653.146,2000,10612.3
9576.043,2000,10712.15,9573.849,2000,10692.12,9504.187,2000,10620.89,9573.267,2000,10546.13,9653.702,2000,10613.23
9575.797,2000,10713.21,9574.256,2000,10693.12,9504.574,2000,10621.9,9574.275,2000,10546.52,9654.229,2000,10614.18
9575.55,2000,10714.26,9574.695,2000,10694.11,9504.929,2000,10622.92,9575.271,2000,10546.95,9654.724,2000,10615.14
9575.304,2000,10715.32,9575.167,2000,10695.09,9505.25,2000,10623.96,9576.251,2000,10547.41,9655.187,2000,10616.12
9575.057,2000,10716.37,9575.671,2000,10696.05,9505.537,2000,10625,9577.217,2000,10547.9,9655.617,2000,10617.11
9574.811,2000,10717.42,9576.205,2000,10696.99,9505.79,2000,10626.06,9578.166,2000,10548.42,9656.016,2000,10618.12
9574.563,2000,10718.48,9576.771,2000,10697.91,9506.008,2000,10627.12,9579.098,2000,10548.98,9656.381,2000,10619.14
9574.317,2000,10719.53,9577.305,2000,10698.86,9506.261,2000,10628.17,9580.01,2000,10549.56,9656.712,2000,10620.17
9574.07,2000,10720.59,9577.809,2000,10699.81,9506.548,2000,10629.22,9580.902,2000,10550.17,9657.01,2000,10621.21
9573.824,2000,10721.64,9578.28,2000,10700.79,9506.869,2000,10630.25,9581.774,2000,10550.82,9657.273,2000,10622.26
9573.578,2000,10722.7,9578.72,2000,10701.78,9507.224,2000,10631.27,9582.625,2000,10551.49,9657.502,2000,10623.32
9573.331,2000,10723.75,9579.127,2000,10702.78,9507.611,2000,10632.29,9583.453,2000,10552.18,9657.696,2000,10624.39
9573.085,2000,10724.81,9579.501,2000,10703.8,9508.032,2000,10633.28,9584.259,2000,10552.91,9657.855,2000,10625.46
9572.838,2000,10725.86,9579.842,2000,10704.83,9508.485,2000,10634.27,9585.04,2000,10553.66,9657.979,2000,10626.54
9572.592,2000,10726.92,9580.148,2000,10705.87,9508.971,2000,10635.24,9585.796,2000,10554.44,9658.068,2000,10627.62
9572.345,2000,10727.97,9580.421,2000,10706.92,9509.487,2000,10636.19,9586.526,2000,10555.24,9658.122,2000,10628.7
9572.099,2000,10729.03,9580.659,2000,10707.97,9510.035,2000,10637.12,9587.23,2000,10556.06,9658.14,2000,10629.78
9571.852,2000,10730.08,9580.862,2000,10709.04,9510.613,2000,10638.04,9587.907,2000,10556.9,9658.122,2000,10630.86
9571.605,2000,10731.14,9581.101,2000,10710.09,9511.161,2000,10638.97,9588.556,2000,10557.77,9658.069,2000,10631.95
9571.359,2000,10732.19,9581.373,2000,10711.14,9511.678,2000,10639.92,9589.176,2000,10558.66,9657.98,2000,10633.03
9571.112,2000,10733.25,9581.68,2000,10712.18,9512.163,2000,10640.89,9589.766,2000,10559.57,9657.856,2000,10634.1
9570.866,2000,10734.3,9582.021,2000,10713.21,9512.616,2000,10641.88,9590.326,2000,10560.5,9657.697,2000,10635.17
9570.619,2000,10735.35,9582.395,2000,10714.23,9513.037,2000,10642.88,9590.855,2000,10561.44,9657.504,2000,10636.24
9570.373,2000,10736.41,9582.802,2000,10715.23,9513.425,2000,10643.89,9591.354,2000,10562.4,9657.275,2000,10637.3
9570.126,2000,10737.46,9583.241,2000,10716.22,9513.779,2000,10644.91,9591.82,2000,10563.38,9657.082,2000,10638.36
9569.88,2000,10738.52,9583.713,2000,10717.2,9514.101,2000,10645.94,9592.255,2000,10564.37,9656.923,2000,10639.43
9569.633,2000,10739.57,9584.217,2000,10718.16,9514.388,2000,10646.99,9592.656,2000,10565.38,9656.799,2000,10640.51
9569.387,2000,10740.63,9584.751,2000,10719.1,9514.641,2000,10648.04,9593.024,2000,10566.4,9656.71,2000,10641.59
9569.14,2000,10741.68,9585.316,2000,10720.02,9514.858,2000,10649.1,9593.359,2000,10567.43,9656.657,2000,10642.67
9568.731,2000,10742.69,9585.911,2000,10720.93,9515.042,2000,10650.17,9593.66,2000,10568.47,9656.64,2000,10643.76
9568.323,2000,10743.69,9586.477,2000,10721.85,9515.26,2000,10651.23,9593.927,2000,10569.52,9656.657,2000,10644.84
9567.915,2000,10744.69,9587.011,2000,10722.79,9515.513,2000,10652.29,9594.159,2000,10570.58,9656.711,2000,10645.92
9567.507,2000,10745.69,9587.515,2000,10723.75,9515.8,2000,10653.33,9594.356,2000,10571.64,9656.8,2000,10647
9567.099,2000,10746.7,9587.986,2000,10724.73,9516.121,2000,10654.37,9594.52,2000,10572.71,9656.924,2000,10648.08
9566.69,2000,10747.7,9588.426,2000,10725.72,9516.476,2000,10655.39,9594.647,2000,10573.79,9657.083,2000,10649.15
9566.282,2000,10748.7,9588.833,2000,10726.72,9516.863,2000,10656.4,9594.74,2000,10574.87,9657.277,2000,10650.21
9565.874,2000,10749.71,9589.207,2000,10727.74,9517.284,2000,10657.4,9594.797,2000,10575.95,9657.506,2000,10651.27
9565.466,2000,10750.71,9589.548,2000,10728.77,9517.737,2000,10658.38,9594.818,2000,10577.03,9657.77,2000,10652.32
9565.058,2000,10751.71,9589.854,2000,10729.81,9518.223,2000,10659.35,9594.805,2000,10578.12,9658.067,2000,10653.37
9564.649,2000,10752.71,9590.127,2000,10730.86,9518.713,2000,10660.32,9594.755,2000,10579.2,9658.398,2000,10654.4
9564.241,2000,10753.72,9590.365,2000,10731.91,9519.195,2000,10661.29,9594.67,2000,10580.28,9658.764,2000,10655.42
9563.833,2000,10754.72,9590.568,2000,10732.98,9519.67,2000,10662.26,9594.55,2000,10581.36,9659.162,2000,10656.42
9563.425,2000,10755.72,9590.736,2000,10734.05,9520.137,2000,10663.24,9594.395,2000,10582.43,9659.593,2000,10657.42
9563.017,2000,10756.73,9590.939,2000,10735.11,9520.571,2000,10664.23,9594.204,2000,10583.49,9660.056,2000,10658.4
9562.608,2000,10757.73,9591.178,2000,10736.17,9520.974,2000,10665.24,9593.979,2000,10584.55,9660.551,2000,10659.36
9562.2,2000,10758.73,9591.45,2000,10737.22,9521.343,2000,10666.25,9593.786,2000,10585.62,9661.014,2000,10660.34
9561.792,2000,10759.74,9591.757,2000,10738.26,9521.678,2000,10667.29,9593.592,2000,10586.69,9661.444,2000,10661.33
9561.384,2000,10760.74,9592.098,2000,10739.28,9521.979,2000,10668.33,9593.396,2000,10587.75,9661.843,2000,10662.34
9560.976,2000,10761.74,9592.472,2000,10740.3,9522.247,2000,10669.38,9593.199,2000,10588.82,9662.208,2000,10663.36
9560.567,2000,10762.74,9592.879,2000,10741.3,9522.479,2000,10670.43,9593.001,2000,10589.88,9662.539,2000,10664.39
9560.159,2000,10763.75,9593.318,2000,10742.29,9522.678,2000,10671.5,9592.801,2000,10590.95,9662.837,2000,10665.44
9559.75,2000,10764.75,9593.726,2000,10743.3,9522.91,2000,10672.56,9592.6,2000,10592.01,9663.101,2000,10666.49
9559.342,2000,10765.75,9594.1,2000,10744.32,9523.178,2000,10673.61,9592.397,2000,10593.08,9663.329,2000,10667.54
9558.934,2000,10766.76,9594.44,2000,10745.34,9523.479,2000,10674.65,9592.193,2000,10594.14,9663.523,2000,10668.61
9558.524,2000,10767.76,9594.747,2000,10746.38,9523.814,2000,10675.68,9591.988,2000,10595.2,9663.683,2000,10669.68
9558.116,2000,10768.76,9595.02,2000,10747.43,9524.184,2000,10676.7,9591.782,2000,10596.27,9663.807,2000,10670.76
9557.707,2000,10769.76,9595.258,2000,10748.49,9524.559,2000,10677.71,9591.575,2000,10597.33,9663.896,2000,10671.84
9557.299,2000,10770.77,9595.461,2000,10749.55,9524.926,2000,10678.73,9591.366,2000,10598.39,9663.949,2000,10672.92
9556.891,2000,10771.77,9595.699,2000,10750.61,9525.259,2000,10679.76,9591.156,2000,10599.46,9663.967,2000,10674
9556.333,2000,10772.7,9595.972,2000,10751.66,9525.559,2000,10680.8,9590.945,2000,10600.52,9663.949,2000,10675.09
9555.775,2000,10773.63,9596.278,2000,10752.7,9525.824,2000,10681.85,9590.731,2000,10601.58,9663.896,2000,10676.17
9555.218,2000,10774.56,9596.619,2000,10753.73,9526.055,2000,10682.91,9590.516,2000,10602.64,9663.808,2000,10677.25
9554.66,2000,10775.49,9596.993,2000,10754.74,9526.251,2000,10683.98,9590.298,2000,10603.7,9663.684,2000,10678.32
9554.103,2000,10776.41,9597.334,2000,10755.77,9526.481,2000,10685.04,9590.078,2000,10604.76,9663.524,2000,10679.4
9553.545,2000,10777.34,9597.641,2000,10756.81,9526.747,2000,10686.09,9589.855,2000,10605.83,9663.331,2000,10680.46
9552.987,2000,10778.27,9597.913,2000,10757.86,9527.047,2000,10687.13,9589.631,2000,10606.88,9663.103,2000,10681.52
9552.43,2000,10779.2,9598.151,2000,10758.92,9527.344,2000,10688.17,9589.404,2000,10607.94,9662.84,2000,10682.57
9551.872,2000,10780.13,9598.354,2000,10759.98,9527.632,2000,10689.21,9589.176,2000,10609,9662.543,2000,10683.61
9551.314,2000,10781.06,9598.522,2000,10761.05,9527.911,2000,10690.26,9588.945,2000,10610.06,9662.28,2000,10684.66
9550.757,2000,10781.99,9598.655,2000,10762.13,9528.156,2000,10691.32,9588.713,2000,10611.12,9662.052,2000,10685.72
9550.199,2000,10782.92,9598.753,2000,10763.2,9528.366,2000,10692.38,9588.478,2000,10612.18,9661.858,2000,10686.79
9549.642,2000,10783.84,9598.815,2000,10764.29,9528.541,2000,10693.45,9588.24,2000,10613.23,9661.699,2000,10687.86
9549.084,2000,10784.77,9598.866,2000,10765.37,9528.681,2000,10694.52,9588.038,2000,10614.3,9661.575,2000,10688.93
9548.526,2000,10785.7,9598.917,2000,10766.45,9528.785,2000,10695.6,9587.871,2000,10615.37,9661.486,2000,10690.01
9547.969,2000,10786.63,9598.968,2000,10767.53,9528.854,2000,10696.68,9587.739,2000,10616.44,9661.434,2000,10691.1
9547.411,2000,10787.56,9599.02,2000,10768.61,9528.889,2000,10697.77,9587.643,2000,10617.52,9661.416,2000,10692.18
9546.854,2000,10788.49,9599.071,2000,10769.7,9528.888,2000,10698.85,9587.581,2000,10618.6,9661.434,2000,10693.26
9546.296,2000,10789.42,9599.123,2000,10770.78,9528.851,2000,10699.93,9587.555,2000,10619.69,9661.487,2000,10694.34
9545.738,2000,10790.34,9599.175,2000,10771.86,9528.778,2000,10701.01,9587.563,2000,10620.77,9661.576,2000,10695.42
9545.181,2000,10791.27,9599.228,2000,10772.94,9528.671,2000,10702.09,9587.608,2000,10621.85,9661.7,2000,10696.5
9544.623,2000,10792.2,9599.281,2000,10774.02,9528.528,2000,10703.17,9587.688,2000,10622.93,9661.859,2000,10697.57
9544.065,2000,10793.13,9599.299,2000,10775.11,9528.351,2000,10704.23,9587.804,2000,10624.01,9662.054,2000,10698.64
9543.508,2000,10794.06,9599.281,2000,10776.19,9528.138,2000,10705.3,9587.954,2000,10625.08,9662.282,2000,10699.7
9542.95,2000,10794.99,9599.229,2000,10777.27,9527.96,2000,10706.36,9588.069,2000,10626.16,9662.546,2000,10700.75
9542.393,2000,10795.92,9599.14,2000,10778.35,9527.817,2000,10707.44,9588.149,2000,10627.24,9662.844,2000,10701.79
9541.835,2000,10796.85,9599.016,2000,10779.43,9527.71,2000,10708.52,9588.194,2000,10628.32,9663.175,2000,10702.82
9541.277,2000,10797.77,9598.856,2000,10780.5,9527.638,2000,10709.6,9588.203,2000,10629.41,9663.54,2000,10703.84
9540.72,2000,10798.7,9598.663,2000,10781.56,9527.601,2000,10710.68,9588.177,2000,10630.49,9663.871,2000,10704.87
9540.162,2000,10799.63,9598.435,2000,10782.62,9527.6,2000,10711.76,9588.115,2000,10631.57,9664.169,2000,10705.91
9539.472,2000,10800.47,9598.172,2000,10783.67,9527.634,2000,10712.85,9588.019,2000,10632.65,9664.433,2000,10706.96
9538.781,2000,10801.3,9597.943,2000,10784.73,9527.633,2000,10713.93,9587.887,2000,10633.72,9664.661,2000,10708.02
9538.091,2000,10802.14,9597.75,2000,10785.8,9527.596,2000,10715.01,9587.72,2000,10634.79,9664.855,2000,10709.09
9537.4,2000,10802.97,9597.591,2000,10786.87,9527.523,2000,10716.09,9587.518,2000,10635.86,9665.015,2000,10710.16
9536.71,2000,10803.81,9597.467,2000,10787.95,9527.416,2000,10717.17,9587.28,2000,10636.92,9665.139,2000,10711.24
9536.02,2000,10804.64,9597.378,2000,10789.03,9527.273,2000,10718.25,9587.009,2000,10637.96,9665.228,2000,10712.32
9535.329,2000,10805.47,9597.325,2000,10790.11,9527.096,2000,10719.31,9586.703,2000,10639,9665.281,2000,10713.4
9534.639,2000,10806.31,9597.308,2000,10791.19,9526.883,2000,10720.38,9586.384,2000,10640.04,9665.299,2000,10714.48
9533.948,2000,10807.14,9597.325,2000,10792.27,9526.636,2000,10721.43,9586.099,2000,10641.08,9665.281,2000,10715.56
9533.258,2000,10807.98,9597.308,2000,10793.36,9526.354,2000,10722.48,9585.848,2000,10642.14,9665.229,2000,10716.65
9532.567,2000,10808.81,9597.255,2000,10794.44,9526.039,2000,10723.51,9585.631,2000,10643.2,9665.14,2000,10717.73
9531.877,2000,10809.64,9597.166,2000,10795.52,9525.758,2000,10724.56,9585.38,2000,10644.25,9665.016,2000,10718.8
9531.187,2000,10810.48,9597.042,2000,10796.59,9525.511,2000,10725.61,9585.095,2000,10645.3,9664.856,2000,10719.87
9530.496,2000,10811.31,9596.883,2000,10797.67,9525.298,2000,10726.68,9584.775,2000,10646.33,9664.663,2000,10720.94
9529.806,2000,10812.15,9596.689,2000,10798.73,9525.051,2000,10727.73,9584.49,2000,10647.38,9664.435,2000,10722
9529.115,2000,10812.98,9596.461,2000,10799.79,9524.77,2000,10728.78,9584.239,2000,10648.43,9664.172,2000,10723.05
9528.425,2000,10813.81,9596.198,2000,10800.84,9524.454,2000,10729.81,9584.022,2000,10649.49,9663.875,2000,10724.09
9527.734,2000,10814.65,9595.9,2000,10801.88,9524.104,2000,10730.84,9583.841,2000,10650.56,9663.544,2000,10725.12
9527.044,2000,10815.48,9595.569,2000,10802.91,9523.789,2000,10731.88,9583.624,2000,10651.62,9663.179,2000,10726.14
9526.354,2000,10816.32,9595.204,2000,10803.93,9523.508,2000,10732.92,9583.373,2000,10652.68,9662.78,2000,10727.15
9525.663,2000,10817.15,9594.806,2000,10804.94,9523.261,2000,10733.98,9583.088,2000,10653.72,9662.35,2000,10728.14
9524.973,2000,10817.98,9594.375,2000,10805.94,9523.048,2000,10735.04,9582.769,2000,10654.76,9661.887,2000,10729.12
9524.282,2000,10818.82,9593.912,2000,10806.92,9522.87,2000,10736.11,9582.415,2000,10655.78,9661.392,2000,10730.09
9523.592,2000,10819.65,9593.417,2000,10807.88,9522.657,2000,10737.17,9582.096,2000,10656.82,9660.865,2000,10731.03
9522.901,2000,10820.49,9592.891,2000,10808.83,9522.41,2000,10738.22,9581.811,2000,10657.86,9660.309,2000,10731.96
9522.211,2000,10821.32,9592.396,2000,10809.79,9522.129,2000,10739.27,9581.56,2000,10658.92,9659.722,2000,10732.87
9521.52,2000,10822.15,9591.933,2000,10810.77,9521.813,2000,10740.31,9581.343,2000,10659.98,9659.105,2000,10733.76
9520.829,2000,10822.99,9591.502,2000,10811.76,9521.464,2000,10741.33,9581.161,2000,10661.04,9658.46,2000,10734.63
9520.139,2000,10823.82,9591.104,2000,10812.77,9521.081,2000,10742.34,9580.944,2000,10662.11,9657.786,2000,10735.48
9519.448,2000,10824.66,9590.738,2000,10813.79,9520.665,2000,10743.34,9580.693,2000,10663.16,9657.085,2000,10736.31
9518.758,2000,10825.49,9590.407,2000,10814.82,9520.217,2000,10744.33,9580.408,2000,10664.21,9656.357,2000,10737.11
9517.948,2000,10826.21,9590.109,2000,10815.87,9519.736,2000,10745.3,9580.089,2000,10665.24,9655.604,2000,10737.89
9517.139,2000,10826.93,9589.847,2000,10816.92,9519.225,2000,10746.26,9579.735,2000,10666.26,9654.826,2000,10738.64
9516.329,2000,10827.65,9589.618,2000,10817.98,9518.682,2000,10747.19,9579.349,2000,10667.28,9654.023,2000,10739.37
9515.52,2000,10828.37,9589.355,2000,10819.03,9518.17,2000,10748.15,9578.952,2000,10668.28,9653.197,2000,10740.07
9514.71,2000,10829.09,9589.058,2000,10820.07,9517.689,2000,10749.12,9578.553,2000,10669.29,9652.349,2000,10740.75
9513.9,2000,10829.81,9588.727,2000,10821.1,9517.241,2000,10750.11,9578.15,2000,10670.3,9651.479,2000,10741.39
9513.091,2000,10830.53,9588.361,2000,10822.12,9516.825,2000,10751.11,9577.746,2000,10671.3,9650.588,2000,10742.01
9512.281,2000,10831.25,9587.963,2000,10823.13,9516.442,2000,10752.12,9577.339,2000,10672.31,9649.678,2000,10742.6
9511.472,2000,10831.97,9587.532,2000,10824.12,9516.093,2000,10753.15,9576.929,2000,10673.31,9648.768,2000,10743.18
9510.662,2000,10832.69,9587.069,2000,10825.1,9515.777,2000,10754.18,9576.516,2000,10674.31,9647.857,2000,10743.77
9509.853,2000,10833.41,9586.574,2000,10826.07,9515.496,2000,10755.23,9576.07,2000,10675.3,9646.968,2000,10744.39
9509.043,2000,10834.13,9586.048,2000,10827.01,9515.249,2000,10756.28,9575.593,2000,10676.27,9646.099,2000,10745.04
9508.233,2000,10834.85,9585.491,2000,10827.94,9515.036,2000,10757.34,9575.083,2000,10677.23,9645.251,2000,10745.71
9507.424,2000,10835.57,9584.965,2000,10828.89,9514.789,2000,10758.4,9574.543,2000,10678.16,9644.426,2000,10746.41
9506.614,2000,10836.29,9584.47,2000,10829.85,9514.508,2000,10759.45,9573.973,2000,10679.08,9643.624,2000,10747.14
9505.805,2000,10837.01,9584.007,2000,10830.83,9514.192,2000,10760.48,9573.372,2000,10679.99,9642.847,2000,10747.9
