9263,2000,5298,9263,2000,5298,9263,2000,5298,9263,2000,5298,9263,2000,5298,9263,2000,5298,9263,2000,5298,9263,2000,5298,9263,2000,5298,9263,2000,5298
9263.415,2000,5298.04,9263.142,2000,5298.392,9263.11,2000,5298.402,9263.306,2000,5298.284,9263.417,2000,5298.005,9263.094,2000,5298.406,9263.397,2000,5298.126,9263.068,2000,5298.411,9263.415,2000,5298.038,9263.185,2000,5298.374
9263.831,2000,5298.066,9263.27,2000,5298.789,9263.208,2000,5298.807,9263.62,2000,5298.557,9263.834,2000,5297.997,9263.174,2000,5298.814,9263.799,2000,5298.24,9263.123,2000,5298.824,9263.831,2000,5298.063,9263.356,2000,5298.753
9264.247,2000,5298.079,9263.385,2000,5299.189,9263.292,2000,5299.215,9263.943,2000,5298.82,9264.25,2000,5297.975,9263.241,2000,5299.226,9264.203,2000,5298.34,9263.165,2000,5299.239,9264.248,2000,5298.073,9263.516,2000,5299.139
9264.455,2000,5298.078,9263.436,2000,5299.391,9263.327,2000,5299.42,9264.109,2000,5298.946,9264.458,2000,5297.958,9263.268,2000,5299.432,9264.407,2000,5298.383,9263.179,2000,5299.447,9264.456,2000,5298.072,9263.589,2000,5299.333
9264.663,2000,5298.071,9263.479,2000,5299.595,9263.355,2000,5299.627,9264.279,2000,5299.066,9264.665,2000,5297.933,9263.288,2000,5299.64,9264.612,2000,5298.42,9263.186,2000,5299.655,9264.664,2000,5298.063,9263.655,2000,5299.531
9264.871,2000,5298.057,9263.518,2000,5299.8,9263.377,2000,5299.834,9264.453,2000,5299.181,9264.871,2000,5297.902,9263.302,2000,5299.848,9264.818,2000,5298.45,9263.186,2000,5299.863,9264.872,2000,5298.048,9263.716,2000,5299.73
9265.078,2000,5298.036,9263.549,2000,5300.006,9263.393,2000,5300.042,9264.631,2000,5299.291,9265.076,2000,5297.864,9263.309,2000,5300.056,9265.025,2000,5298.473,9263.179,2000,5300.071,9265.079,2000,5298.026,9263.77,2000,5299.931
9265.284,2000,5298.008,9263.573,2000,5300.213,9263.401,2000,5300.25,9264.812,2000,5299.394,9265.279,2000,5297.819,9263.309,2000,5300.264,9265.233,2000,5298.49,9263.165,2000,5300.279,9265.285,2000,5297.998,9263.822,2000,5300.133
9265.489,2000,5297.973,9263.591,2000,5300.42,9263.403,2000,5300.458,9264.996,2000,5299.491,9265.481,2000,5297.768,9263.302,2000,5300.472,9265.441,2000,5298.5,9263.145,2000,5300.487,9265.49,2000,5297.963,9263.875,2000,5300.334
9265.693,2000,5297.932,9263.602,2000,5300.628,9263.398,2000,5300.667,9265.184,2000,5299.583,9265.682,2000,5297.71,9263.288,2000,5300.68,9265.649,2000,5298.502,9263.118,2000,5300.693,9265.694,2000,5297.921,9263.929,2000,5300.536
9265.896,2000,5297.884,9263.605,2000,5300.837,9263.387,2000,5300.875,9265.374,2000,5299.667,9265.88,2000,5297.646,9263.268,2000,5300.888,9265.857,2000,5298.499,9263.085,2000,5300.899,9265.896,2000,5297.872,9263.983,2000,5300.737
9266.098,2000,5297.83,9263.603,2000,5301.045,9263.368,2000,5301.083,9265.566,2000,5299.747,9266.076,2000,5297.575,9263.24,2000,5301.094,9266.065,2000,5298.488,9263.045,2000,5301.104,9266.098,2000,5297.817,9264.039,2000,5300.938
9266.297,2000,5297.769,9263.593,2000,5301.253,9263.343,2000,5301.289,9265.762,2000,5299.82,9266.27,2000,5297.498,9263.206,2000,5301.3,9266.273,2000,5298.47,9262.998,2000,5301.307,9266.297,2000,5297.755,9264.096,2000,5301.138
9266.494,2000,5297.701,9263.576,2000,5301.461,9263.311,2000,5301.495,9265.957,2000,5299.894,9266.46,2000,5297.415,9263.165,2000,5301.504,9266.48,2000,5298.446,9262.944,2000,5301.508,9266.494,2000,5297.687,9264.152,2000,5301.338
9266.688,2000,5297.627,9263.553,2000,5301.668,9263.271,2000,5301.699,9266.152,2000,5299.966,9266.648,2000,5297.325,9263.117,2000,5301.707,9266.687,2000,5298.415,9262.884,2000,5301.708,9266.688,2000,5297.612,9264.21,2000,5301.539
9266.881,2000,5297.547,9263.522,2000,5301.874,9263.226,2000,5301.902,9266.348,2000,5300.039,9266.833,2000,5297.229,9263.063,2000,5301.908,9266.892,2000,5298.376,9262.817,2000,5301.905,9266.881,2000,5297.531,9264.269,2000,5301.738
9267.07,2000,5297.461,9263.485,2000,5302.079,9263.173,2000,5302.104,9266.543,2000,5300.112,9267.015,2000,5297.127,9263.002,2000,5302.107,9267.095,2000,5298.332,9262.744,2000,5302.1,9267.07,2000,5297.444,9264.328,2000,5301.938
9267.257,2000,5297.368,9263.441,2000,5302.283,9263.114,2000,5302.304,9266.738,2000,5300.185,9267.193,2000,5297.02,9262.935,2000,5302.304,9267.297,2000,5298.281,9262.665,2000,5302.292,9267.257,2000,5297.351,9264.389,2000,5302.137
9267.44,2000,5297.27,9263.392,2000,5302.485,9263.049,2000,5302.501,9266.934,2000,5300.257,9267.368,2000,5296.907,9262.86,2000,5302.499,9267.497,2000,5298.223,9262.579,2000,5302.482,9267.439,2000,5297.251,9264.45,2000,5302.336
9267.62,2000,5297.165,9263.335,2000,5302.686,9262.977,2000,5302.697,9267.129,2000,5300.331,9267.539,2000,5296.788,9262.78,2000,5302.691,9267.695,2000,5298.159,9262.487,2000,5302.669,9267.619,2000,5297.146,9264.512,2000,5302.535
9267.797,2000,5297.055,9263.271,2000,5302.884,9262.898,2000,5302.89,9267.324,2000,5300.404,9267.706,2000,5296.663,9262.694,2000,5302.881,9267.892,2000,5298.088,9262.39,2000,5302.854,9267.795,2000,5297.034,9264.574,2000,5302.734
9267.97,2000,5296.938,9263.202,2000,5303.08,9262.813,2000,5303.08,9267.52,2000,5300.477,9267.869,2000,5296.533,9262.602,2000,5303.067,9268.086,2000,5298.013,9262.286,2000,5303.034,9267.968,2000,5296.917,9264.638,2000,5302.932
9268.139,2000,5296.817,9263.133,2000,5303.276,9262.723,2000,5303.268,9267.715,2000,5300.551,9268.027,2000,5296.398,9262.503,2000,5303.251,9268.28,2000,5297.938,9262.177,2000,5303.211,9268.137,2000,5296.795,9264.702,2000,5303.13
9268.304,2000,5296.689,9263.063,2000,5303.473,9262.626,2000,5303.452,9267.91,2000,5300.625,9268.182,2000,5296.257,9262.398,2000,5303.431,9268.475,2000,5297.864,9262.062,2000,5303.385,9268.301,2000,5296.667,9264.767,2000,5303.329
9268.465,2000,5296.557,9262.995,2000,5303.669,9262.523,2000,5303.633,9268.104,2000,5300.698,9268.331,2000,5296.112,9262.288,2000,5303.608,9268.669,2000,5297.79,9261.94,2000,5303.554,9268.461,2000,5296.534,9264.832,2000,5303.526
9268.621,2000,5296.419,9262.928,2000,5303.867,9262.415,2000,5303.811,9268.299,2000,5300.772,9268.476,2000,5295.961,9262.172,2000,5303.781,9268.863,2000,5297.715,9261.813,2000,5303.72,9268.616,2000,5296.396,9264.897,2000,5303.724
9268.772,2000,5296.276,9262.861,2000,5304.064,9262.301,2000,5303.985,9268.493,2000,5300.847,9268.615,2000,5295.807,9262.05,2000,5303.95,9269.059,2000,5297.642,9261.682,2000,5303.881,9268.768,2000,5296.252,9264.964,2000,5303.921
9268.919,2000,5296.128,9262.796,2000,5304.262,9262.181,2000,5304.156,9268.688,2000,5300.921,9268.75,2000,5295.647,9261.923,2000,5304.115,9269.254,2000,5297.568,9261.545,2000,5304.038,9268.914,2000,5296.104,9265.031,2000,5304.119
9269.061,2000,5295.976,9262.731,2000,5304.46,9262.055,2000,5304.322,9268.882,2000,5300.996,9268.879,2000,5295.484,9261.79,2000,5304.275,9269.449,2000,5297.496,9261.402,2000,5304.19,9269.056,2000,5295.951,9265.099,2000,5304.316
9269.197,2000,5295.818,9262.668,2000,5304.658,9261.924,2000,5304.484,9269.076,2000,5301.071,9269.003,2000,5295.316,9261.652,2000,5304.432,9269.645,2000,5297.423,9261.255,2000,5304.337,9269.192,2000,5295.793,9265.167,2000,5304.513
9269.33,2000,5295.658,9262.604,2000,5304.857,9261.788,2000,5304.642,9269.271,2000,5301.146,9269.121,2000,5295.145,9261.51,2000,5304.583,9269.84,2000,5297.352,9261.104,2000,5304.48,9269.323,2000,5295.631,9265.235,2000,5304.709
9269.463,2000,5295.497,9262.542,2000,5305.056,9261.646,2000,5304.795,9269.465,2000,5301.221,9269.233,2000,5294.969,9261.362,2000,5304.73,9270.035,2000,5297.28,9260.947,2000,5304.618,9269.449,2000,5295.465,9265.305,2000,5304.906
9269.598,2000,5295.338,9262.48,2000,5305.255,9261.5,2000,5304.943,9269.659,2000,5301.296,9269.34,2000,5294.79,9261.21,2000,5304.873,9270.231,2000,5297.209,9260.786,2000,5304.75,9269.569,2000,5295.295,9265.374,2000,5305.102
9269.733,2000,5295.18,9262.419,2000,5305.454,9261.353,2000,5305.09,9269.854,2000,5301.372,9269.44,2000,5294.607,9261.053,2000,5305.01,9270.428,2000,5297.139,9260.621,2000,5304.877,9269.684,2000,5295.121,9265.444,2000,5305.298
9269.87,2000,5295.023,9262.358,2000,5305.653,9261.204,2000,5305.237,9270.048,2000,5301.448,9269.535,2000,5294.422,9260.892,2000,5305.142,9270.624,2000,5297.069,9260.452,2000,5304.999,9269.792,2000,5294.943,9265.515,2000,5305.495
9270.007,2000,5294.866,9262.298,2000,5305.853,9261.056,2000,5305.383,9270.242,2000,5301.523,9269.624,2000,5294.233,9260.727,2000,5305.268,9270.82,2000,5297,9260.279,2000,5305.115,9269.895,2000,5294.762,9265.585,2000,5305.69
9270.144,2000,5294.708,9262.238,2000,5306.052,9260.908,2000,5305.53,9270.437,2000,5301.6,9269.706,2000,5294.042,9260.557,2000,5305.389,9271.017,2000,5296.931,9260.103,2000,5305.225,9269.991,2000,5294.578,9265.656,2000,5305.886
9270.28,2000,5294.551,9262.179,2000,5306.252,9260.761,2000,5305.677,9270.631,2000,5301.676,9269.782,2000,5293.848,9260.383,2000,5305.504,9271.213,2000,5296.862,9259.922,2000,5305.33,9270.082,2000,5294.39,9265.728,2000,5306.082
9270.417,2000,5294.394,9262.12,2000,5306.452,9260.613,2000,5305.825,9270.825,2000,5301.752,9269.852,2000,5293.652,9260.206,2000,5305.614,9271.409,2000,5296.793,9259.738,2000,5305.428,9270.167,2000,5294.2,9265.8,2000,5306.277
9270.554,2000,5294.237,9262.062,2000,5306.651,9260.467,2000,5305.973,9271.019,2000,5301.829,9269.915,2000,5293.453,9260.025,2000,5305.718,9271.606,2000,5296.725,9259.552,2000,5305.521,9270.245,2000,5294.007,9265.872,2000,5306.473
9270.69,2000,5294.08,9262.003,2000,5306.852,9260.32,2000,5306.121,9271.212,2000,5301.905,9269.972,2000,5293.252,9259.842,2000,5305.816,9271.804,2000,5296.657,9259.362,2000,5305.607,9270.317,2000,5293.812,9265.944,2000,5306.668
9270.827,2000,5293.922,9261.945,2000,5307.052,9260.175,2000,5306.27,9271.405,2000,5301.982,9270.021,2000,5293.05,9259.654,2000,5305.908,9272.001,2000,5296.59,9259.17,2000,5305.687,9270.386,2000,5293.615,9266.018,2000,5306.863
9270.964,2000,5293.765,9261.888,2000,5307.252,9260.029,2000,5306.418,9271.599,2000,5302.059,9270.064,2000,5292.847,9259.465,2000,5305.993,9272.198,2000,5296.522,9258.975,2000,5305.761,9270.453,2000,5293.417,9266.091,2000,5307.058
9271.101,2000,5293.608,9261.83,2000,5307.452,9259.884,2000,5306.567,9271.792,2000,5302.136,9270.102,2000,5292.642,9259.273,2000,5306.076,9272.396,2000,5296.456,9258.777,2000,5305.828,9270.52,2000,5293.22,9266.164,2000,5307.253
9271.237,2000,5293.451,9261.773,2000,5307.652,9259.738,2000,5306.717,9271.985,2000,5302.213,9270.132,2000,5292.436,9259.082,2000,5306.157,9272.593,2000,5296.389,9258.578,2000,5305.889,9270.585,2000,5293.022,9266.237,2000,5307.448
9271.374,2000,5293.293,9261.717,2000,5307.853,9259.593,2000,5306.866,9272.179,2000,5302.29,9270.155,2000,5292.229,9258.89,2000,5306.237,9272.79,2000,5296.322,9258.377,2000,5305.943,9270.65,2000,5292.825,9266.312,2000,5307.643
9271.511,2000,5293.136,9261.66,2000,5308.054,9259.447,2000,5307.016,9272.372,2000,5302.367,9270.172,2000,5292.021,9258.697,2000,5306.317,9272.987,2000,5296.256,9258.174,2000,5305.991,9270.716,2000,5292.627,9266.386,2000,5307.837
9271.647,2000,5292.979,9261.604,2000,5308.254,9259.302,2000,5307.165,9272.565,2000,5302.445,9270.182,2000,5291.813,9258.505,2000,5306.396,9273.185,2000,5296.19,9257.97,2000,5306.032,9270.78,2000,5292.429,9266.46,2000,5308.032
9271.784,2000,5292.821,9261.548,2000,5308.455,9259.156,2000,5307.314,9272.759,2000,5302.522,9270.189,2000,5291.605,9258.312,2000,5306.475,9273.382,2000,5296.124,9257.765,2000,5306.066,9270.845,2000,5292.23,9266.535,2000,5308.226
9271.921,2000,5292.664,9261.492,2000,5308.656,9259.011,2000,5307.464,9272.952,2000,5302.6,9270.195,2000,5291.396,9258.118,2000,5306.553,9273.58,2000,5296.059,9257.559,2000,5306.094,9270.909,2000,5292.032,9266.61,2000,5308.42
9272.058,2000,5292.506,9261.437,2000,5308.856,9258.865,2000,5307.613,9273.146,2000,5302.678,9270.199,2000,5291.188,9257.925,2000,5306.631,9273.778,2000,5295.993,9257.352,2000,5306.117,9270.973,2000,5291.834,9266.686,2000,5308.615
9272.194,2000,5292.348,9261.381,2000,5309.057,9258.72,2000,5307.763,9273.339,2000,5302.756,9270.201,2000,5290.979,9257.731,2000,5306.708,9273.977,2000,5295.928,9257.145,2000,5306.137,9271.036,2000,5291.636,9266.761,2000,5308.809
9272.331,2000,5292.19,9261.326,2000,5309.258,9258.574,2000,5307.912,9273.532,2000,5302.834,9270.201,2000,5290.771,9257.538,2000,5306.786,9274.175,2000,5295.863,9256.937,2000,5306.155,9271.1,2000,5291.437,9266.836,2000,5309.003
9272.468,2000,5292.033,9261.271,2000,5309.459,9258.429,2000,5308.062,9273.726,2000,5302.912,9270.199,2000,5290.563,9257.345,2000,5306.863,9274.373,2000,5295.799,9256.729,2000,5306.171,9271.162,2000,5291.238,9266.912,2000,5309.197
9272.604,2000,5291.875,9261.217,2000,5309.66,9258.283,2000,5308.211,9273.919,2000,5302.99,9270.195,2000,5290.354,9257.151,2000,5306.94,9274.571,2000,5295.734,9256.521,2000,5306.186,9271.225,2000,5291.04,9266.988,2000,5309.391
9272.74,2000,5291.717,9261.162,2000,5309.861,9258.138,2000,5308.36,9274.112,2000,5303.069,9270.19,2000,5290.146,9256.958,2000,5307.017,9274.77,2000,5295.67,9256.313,2000,5306.198,9271.287,2000,5290.841,9267.064,2000,5309.585
9272.876,2000,5291.56,9261.107,2000,5310.063,9257.992,2000,5308.509,9274.306,2000,5303.147,9270.184,2000,5289.938,9256.764,2000,5307.093,9274.968,2000,5295.606,9256.104,2000,5306.208,9271.349,2000,5290.642,9267.141,2000,5309.779
9273.012,2000,5291.402,9261.054,2000,5310.264,9257.847,2000,5308.658,9274.499,2000,5303.226,9270.176,2000,5289.729,9256.569,2000,5307.168,9275.166,2000,5295.542,9255.896,2000,5306.217,9271.41,2000,5290.443,9267.217,2000,5309.973
9273.147,2000,5291.244,9261,2000,5310.465,9257.701,2000,5308.807,9274.692,2000,5303.305,9270.166,2000,5289.521,9256.375,2000,5307.244,9275.364,2000,5295.479,9255.688,2000,5306.224,9271.472,2000,5290.244,9267.294,2000,5310.167
9273.283,2000,5291.086,9260.946,2000,5310.666,9257.556,2000,5308.956,9274.885,2000,5303.383,9270.155,2000,5289.313,9256.181,2000,5307.319,9275.563,2000,5295.415,9255.48,2000,5306.229,9271.532,2000,5290.044,9267.371,2000,5310.36
9273.419,2000,5290.929,9260.893,2000,5310.867,9257.41,2000,5309.105,9275.077,2000,5303.462,9270.144,2000,5289.105,9255.986,2000,5307.394,9275.761,2000,5295.352,9255.272,2000,5306.234,9271.593,2000,5289.845,9267.448,2000,5310.553
9273.555,2000,5290.771,9260.839,2000,5311.068,9257.265,2000,5309.254,9275.27,2000,5303.542,9270.131,2000,5288.897,9255.792,2000,5307.468,9275.959,2000,5295.289,9255.064,2000,5306.237,9271.652,2000,5289.646,9267.525,2000,5310.747
9273.69,2000,5290.613,9260.785,2000,5311.27,9257.119,2000,5309.403,9275.462,2000,5303.621,9270.116,2000,5288.689,9255.598,2000,5307.542,9276.157,2000,5295.226,9254.856,2000,5306.238,9271.712,2000,5289.446,9267.603,2000,5310.94
9273.826,2000,5290.456,9260.732,2000,5311.471,9256.974,2000,5309.552,9275.654,2000,5303.7,9270.101,2000,5288.481,9255.402,2000,5307.615,9276.355,2000,5295.163,9254.648,2000,5306.239,9271.771,2000,5289.246,9267.681,2000,5311.133
9273.962,2000,5290.298,9260.68,2000,5311.673,9256.828,2000,5309.701,9275.847,2000,5303.779,9270.084,2000,5288.274,9255.207,2000,5307.688,9276.554,2000,5295.1,9254.44,2000,5306.238,9271.83,2000,5289.046,9267.759,2000,5311.327
9274.098,2000,5290.14,9260.627,2000,5311.875,9256.683,2000,5309.849,9276.039,2000,5303.858,9270.066,2000,5288.066,9255.012,2000,5307.761,9276.753,2000,5295.038,9254.232,2000,5306.236,9271.889,2000,5288.847,9267.837,2000,5311.52
9274.233,2000,5289.982,9260.574,2000,5312.076,9256.537,2000,5309.998,9276.231,2000,5303.938,9270.048,2000,5287.859,9254.816,2000,5307.833,9276.952,2000,5294.975,9254.024,2000,5306.232,9271.947,2000,5288.646,9267.915,2000,5311.713
9274.369,2000,5289.825,9260.521,2000,5312.278,9256.392,2000,5310.146,9276.424,2000,5304.017,9270.028,2000,5287.651,9254.621,2000,5307.905,9277.151,2000,5294.913,9253.816,2000,5306.228,9272.005,2000,5288.446,9267.993,2000,5311.906
9274.505,2000,5289.667,9260.469,2000,5312.479,9256.245,2000,5310.295,9276.616,2000,5304.097,9270.008,2000,5287.444,9254.426,2000,5307.977,9277.351,2000,5294.851,9253.608,2000,5306.223,9272.063,2000,5288.246,9268.071,2000,5312.099
9274.641,2000,5289.509,9260.417,2000,5312.681,9256.099,2000,5310.443,9276.809,2000,5304.176,9269.986,2000,5287.237,9254.23,2000,5308.048,9277.55,2000,5294.789,9253.4,2000,5306.216,9272.12,2000,5288.046,9268.149,2000,5312.292
9274.776,2000,5289.352,9260.365,2000,5312.883,9255.952,2000,5310.592,9277.001,2000,5304.256,9269.965,2000,5287.03,9254.034,2000,5308.119,9277.749,2000,5294.728,9253.192,2000,5306.209,9272.178,2000,5287.846,9268.229,2000,5312.485
9274.912,2000,5289.194,9260.313,2000,5313.084,9255.806,2000,5310.74,9277.193,2000,5304.335,9269.942,2000,5286.823,9253.838,2000,5308.189,9277.948,2000,5294.666,9252.984,2000,5306.201,9272.234,2000,5287.646,9268.308,2000,5312.678
9275.048,2000,5289.036,9260.262,2000,5313.286,9255.659,2000,5310.889,9277.386,2000,5304.416,9269.919,2000,5286.616,9253.642,2000,5308.26,9278.147,2000,5294.604,9252.776,2000,5306.192,9272.291,2000,5287.445,9268.387,2000,5312.871
9275.184,2000,5288.878,9260.21,2000,5313.488,9255.513,2000,5311.037,9277.578,2000,5304.496,9269.895,2000,5286.409,9253.445,2000,5308.33,9278.347,2000,5294.543,9252.568,2000,5306.182,9272.348,2000,5287.244,9268.466,2000,5313.063
9275.319,2000,5288.721,9260.158,2000,5313.689,9255.366,2000,5311.186,9277.771,2000,5304.576,9269.869,2000,5286.202,9253.249,2000,5308.399,9278.546,2000,5294.482,9252.36,2000,5306.171,9272.403,2000,5287.043,9268.545,2000,5313.256
9275.455,2000,5288.563,9260.107,2000,5313.892,9255.22,2000,5311.334,9277.963,2000,5304.656,9269.844,2000,5285.995,9253.053,2000,5308.469,9278.745,2000,5294.421,9252.152,2000,5306.16,9272.459,2000,5286.843,9268.624,2000,5313.449
9275.591,2000,5288.405,9260.057,2000,5314.094,9255.073,2000,5311.482,9278.155,2000,5304.736,9269.817,2000,5285.789,9252.856,2000,5308.538,9278.944,2000,5294.36,9251.944,2000,5306.148,9272.515,2000,5286.642,9268.703,2000,5313.641
9275.727,2000,5288.248,9260.006,2000,5314.296,9254.927,2000,5311.631,9278.348,2000,5304.816,9269.79,2000,5285.582,9252.66,2000,5308.606,9279.144,2000,5294.299,9251.736,2000,5306.135,9272.57,2000,5286.441,9268.783,2000,5313.833
9275.862,2000,5288.09,9259.955,2000,5314.498,9254.78,2000,5311.779,9278.54,2000,5304.896,9269.763,2000,5285.375,9252.464,2000,5308.675,9279.343,2000,5294.239,9251.528,2000,5306.121,9272.625,2000,5286.24,9268.863,2000,5314.026
9275.998,2000,5287.932,9259.904,2000,5314.7,9254.634,2000,5311.928,9278.732,2000,5304.976,9269.734,2000,5285.169,9252.267,2000,5308.743,9279.542,2000,5294.178,9251.32,2000,5306.107,9272.68,2000,5286.039,9268.943,2000,5314.218
9276.134,2000,5287.774,9259.854,2000,5314.902,9254.487,2000,5312.076,9278.925,2000,5305.056,9269.705,2000,5284.962,9252.069,2000,5308.811,9279.741,2000,5294.118,9251.112,2000,5306.092,9272.734,2000,5285.838,9269.023,2000,5314.411
9276.27,2000,5287.617,9259.803,2000,5315.104,9254.341,2000,5312.225,9279.117,2000,5305.137,9269.676,2000,5284.756,9251.872,2000,5308.879,9279.94,2000,5294.058,9250.904,2000,5306.076,9272.789,2000,5285.637,9269.104,2000,5314.603
9276.406,2000,5287.459,9259.752,2000,5315.307,9254.194,2000,5312.373,9279.31,2000,5305.217,9269.646,2000,5284.55,9251.675,2000,5308.946,9280.14,2000,5293.998,9250.696,2000,5306.06,9272.843,2000,5285.436,9269.184,2000,5314.795
9276.543,2000,5287.301,9259.702,2000,5315.509,9254.048,2000,5312.521,9279.502,2000,5305.298,9269.615,2000,5284.344,9251.478,2000,5309.014,9280.339,2000,5293.938,9250.488,2000,5306.042,9272.896,2000,5285.234,9269.264,2000,5314.988
9276.68,2000,5287.144,9259.652,2000,5315.711,9253.901,2000,5312.67,9279.694,2000,5305.378,9269.584,2000,5284.138,9251.28,2000,5309.081,9280.538,2000,5293.877,9250.28,2000,5306.025,9272.95,2000,5285.033,9269.344,2000,5315.18
9276.816,2000,5286.986,9259.603,2000,5315.913,9253.755,2000,5312.818,9279.887,2000,5305.459,9269.552,2000,5283.932,9251.083,2000,5309.147,9280.737,2000,5293.818,9250.072,2000,5306.007,9273.004,2000,5284.832,9269.425,2000,5315.372
9276.954,2000,5286.827,9259.553,2000,5316.117,9253.607,2000,5312.968,9280.08,2000,5305.541,9269.52,2000,5283.725,9250.884,2000,5309.214,9280.938,2000,5293.758,9249.863,2000,5305.988,9273.058,2000,5284.629,9269.506,2000,5315.565
9277.278,2000,5286.453,9259.435,2000,5316.598,9253.26,2000,5313.32,9280.537,2000,5305.732,9269.441,2000,5283.236,9250.414,2000,5309.372,9281.413,2000,5293.616,9249.37,2000,5305.941,9273.184,2000,5284.15,9269.698,2000,5316.021
9277.415,2000,5286.295,9259.385,2000,5316.8,9253.113,2000,5313.469,9280.729,2000,5305.813,9269.407,2000,5283.03,9250.217,2000,5309.437,9281.613,2000,5293.557,9249.163,2000,5305.921,9273.236,2000,5283.948,9269.779,2000,5316.213
9277.829,2000,5285.817,9259.235,2000,5317.415,9252.669,2000,5313.918,9281.313,2000,5306.059,9269.302,2000,5282.407,9249.616,2000,5309.636,9282.22,2000,5293.377,9248.534,2000,5305.856,9273.396,2000,5283.336,9270.025,2000,5316.795
9278.166,2000,5285.428,9259.114,2000,5317.915,9252.308,2000,5314.285,9281.786,2000,5306.259,9269.213,2000,5281.9,9249.127,2000,5309.796,9282.713,2000,5293.232,9248.022,2000,5305.8,9273.523,2000,5282.838,9270.227,2000,5317.269
9278.55,2000,5284.985,9258.978,2000,5318.484,9251.896,2000,5314.701,9282.326,2000,5306.487,9269.108,2000,5281.323,9248.569,2000,5309.977,9283.275,2000,5293.067,9247.44,2000,5305.733,9273.668,2000,5282.27,9270.457,2000,5317.808
9278.901,2000,5284.579,9258.853,2000,5319.007,9251.518,2000,5315.083,9282.82,2000,5306.697,9269.01,2000,5280.795,9248.058,2000,5310.142,9283.791,2000,5292.917,9246.907,2000,5305.668,9273.799,2000,5281.749,9270.669,2000,5318.302
9279.408,2000,5283.995,9258.674,2000,5319.759,9250.974,2000,5315.633,9283.532,2000,5306.999,9268.864,2000,5280.036,9247.32,2000,5310.377,9284.534,2000,5292.702,9246.14,2000,5305.57,9273.986,2000,5280.999,9270.975,2000,5319.012
9279.893,2000,5283.437,9258.504,2000,5320.479,9250.454,2000,5316.158,9284.212,2000,5307.288,9268.72,2000,5279.311,9246.615,2000,5310.6,9285.244,2000,5292.497,9245.407,2000,5305.472,9274.163,2000,5280.281,9271.268,2000,5319.691
9280.408,2000,5282.842,9258.324,2000,5321.245,9249.9,2000,5316.718,9284.936,2000,5307.597,9268.562,2000,5278.54,9245.864,2000,5310.834,9286.001,2000,5292.28,9244.628,2000,5305.361,9274.35,2000,5279.516,9271.581,2000,5320.413
9280.955,2000,5282.214,9258.136,2000,5322.056,9249.314,2000,5317.31,9285.701,2000,5307.924,9268.389,2000,5277.726,9245.069,2000,5311.081,9286.802,2000,5292.052,9243.805,2000,5305.239,9274.545,2000,5278.707,9271.913,2000,5321.176
9281.477,2000,5281.615,9257.957,2000,5322.83,9248.756,2000,5317.874,9286.432,2000,5308.236,9268.22,2000,5276.949,9244.31,2000,5311.313,9287.566,2000,5291.836,9243.02,2000,5305.118,9274.729,2000,5277.935,9272.231,2000,5321.904
9282.397,2000,5280.559,9257.645,2000,5324.195,9247.771,2000,5318.87,9287.72,2000,5308.788,9267.914,2000,5275.582,9242.969,2000,5311.721,9288.915,2000,5291.456,9241.636,2000,5304.896,9275.052,2000,5276.571,9272.795,2000,5323.188
9282.614,2000,5280.31,9257.571,2000,5324.517,9247.538,2000,5319.104,9288.022,2000,5308.918,9267.839,2000,5275.26,9242.652,2000,5311.815,9289.232,2000,5291.367,9241.311,2000,5304.84,9275.127,2000,5276.25,9272.928,2000,5323.489
9283.457,2000,5279.345,9257.289,2000,5325.767,9246.637,2000,5320.015,9289.2,2000,5309.424,9267.546,2000,5274.013,9241.424,2000,5312.182,9290.467,2000,5291.023,9240.048,2000,5304.623,9275.416,2000,5275.001,9273.446,2000,5324.661
9284.154,2000,5278.548,9257.058,2000,5326.8,9245.892,2000,5320.768,9290.172,2000,5309.843,9267.296,2000,5272.984,9240.408,2000,5312.481,9291.487,2000,5290.741,9239.006,2000,5304.435,9275.652,2000,5273.969,9273.877,2000,5325.628
9284.584,2000,5278.056,9256.916,2000,5327.438,9245.433,2000,5321.232,9290.771,2000,5310.103,9267.139,2000,5272.35,9239.781,2000,5312.664,9292.117,2000,5290.568,9238.364,2000,5304.315,9275.797,2000,5273.332,9274.144,2000,5326.225
9285.628,2000,5276.864,9256.574,2000,5328.985,9244.318,2000,5322.358,9292.226,2000,5310.731,9266.752,2000,5270.813,9238.26,2000,5313.105,9293.646,2000,5290.15,9236.808,2000,5304.019,9276.145,2000,5271.786,9274.791,2000,5327.671
9286.401,2000,5275.982,9256.323,2000,5330.131,9243.493,2000,5323.192,9293.302,2000,5311.198,9266.457,2000,5269.678,9237.132,2000,5313.429,9294.777,2000,5289.843,9235.657,2000,5303.791,9276.398,2000,5270.641,9275.272,2000,5328.741
9287.203,2000,5275.069,9256.065,2000,5331.319,9242.639,2000,5324.056,9294.416,2000,5311.683,9266.146,2000,5268.504,9235.963,2000,5313.761,9295.95,2000,5289.526,9234.467,2000,5303.548,9276.659,2000,5269.455,9275.772,2000,5329.848
9288.027,2000,5274.132,9255.803,2000,5332.539,9241.761,2000,5324.944,9295.561,2000,5312.181,9265.819,2000,5267.299,9234.762,2000,5314.099,9297.156,2000,5289.203,9233.245,2000,5303.292,9276.925,2000,5268.235,9276.288,2000,5330.985
9288.874,2000,5273.168,9255.534,2000,5333.793,9240.859,2000,5325.856,9296.736,2000,5312.693,9265.479,2000,5266.063,9233.526,2000,5314.444,9298.396,2000,5288.873,9231.991,2000,5303.023,9277.195,2000,5266.981,9276.819,2000,5332.152
9289.742,2000,5272.182,9255.261,2000,5335.079,9239.936,2000,5326.791,9297.94,2000,5313.219,9265.123,2000,5264.797,9232.26,2000,5314.794,9299.666,2000,5288.536,9230.707,2000,5302.742,9277.47,2000,5265.696,9277.365,2000,5333.348
9290.635,2000,5271.169,9254.982,2000,5336.4,9238.986,2000,5327.752,9299.178,2000,5313.761,9264.752,2000,5263.499,9230.958,2000,5315.152,9300.972,2000,5288.191,9229.39,2000,5302.446,9277.75,2000,5264.375,9277.928,2000,5334.575
9291.363,2000,5270.343,9254.757,2000,5337.479,9238.212,2000,5328.536,9300.188,2000,5314.203,9264.444,2000,5262.44,9229.895,2000,5315.442,9302.038,2000,5287.912,9228.315,2000,5302.199,9277.977,2000,5263.296,9278.388,2000,5335.577
9292.481,2000,5269.077,9254.412,2000,5339.132,9237.025,2000,5329.738,9301.734,2000,5314.881,9263.968,2000,5260.82,9228.265,2000,5315.884,9303.672,2000,5287.485,9226.671,2000,5301.816,9278.321,2000,5261.643,9279.095,2000,5337.11
9293.437,2000,5267.998,9254.12,2000,5340.543,9236.014,2000,5330.765,9303.054,2000,5315.461,9263.555,2000,5259.439,9226.873,2000,5316.258,9305.066,2000,5287.123,9225.27,2000,5301.481,9278.613,2000,5260.232,9279.7,2000,5338.418
9294.409,2000,5266.898,9253.825,2000,5341.981,9234.983,2000,5331.809,9304.396,2000,5316.053,9263.129,2000,5258.035,9225.455,2000,5316.636,9306.487,2000,5286.755,9223.844,2000,5301.135,9278.908,2000,5258.794,9280.318,2000,5339.75
9295.003,2000,5266.228,9253.646,2000,5342.858,9234.354,2000,5332.446,9305.216,2000,5316.414,9262.865,2000,5257.179,9224.59,2000,5316.866,9307.354,2000,5286.532,9222.975,2000,5300.92,9279.087,2000,5257.917,9280.696,2000,5340.562
9296.412,2000,5264.639,9253.223,2000,5344.94,9232.863,2000,5333.959,9307.159,2000,5317.271,9262.236,2000,5255.15,9222.536,2000,5317.408,9309.412,2000,5286.005,9220.913,2000,5300.406,9279.509,2000,5255.835,9281.594,2000,5342.487
9297.437,2000,5263.484,9252.918,2000,5346.453,9231.78,2000,5335.058,9308.57,2000,5317.896,9261.772,2000,5253.678,9221.043,2000,5317.798,9310.907,2000,5285.624,9219.418,2000,5300.025,9279.813,2000,5254.322,9282.248,2000,5343.885
9298.486,2000,5262.303,9252.607,2000,5348.001,9230.671,2000,5336.183,9310.015,2000,5318.535,9261.292,2000,5252.173,9219.514,2000,5318.196,9312.438,2000,5285.236,9217.889,2000,5299.629,9280.121,2000,5252.772,9282.919,2000,5345.315
9299.546,2000,5261.105,9252.295,2000,5349.57,9229.541,2000,5337.315,9311.477,2000,5319.183,9260.801,2000,5250.651,9217.966,2000,5318.596,9313.989,2000,5284.845,9216.342,2000,5299.224,9280.432,2000,5251.204,9283.6,2000,5346.762
9300.324,2000,5260.281,9252.109,2000,5350.688,9228.715,2000,5338.091,9312.513,2000,5319.642,9260.449,2000,5249.574,9216.863,2000,5318.86,9315.093,2000,5284.588,9215.246,2000,5298.933,9280.615,2000,5250.085,9284.083,2000,5347.787
9301.739,2000,5258.685,9251.83,2000,5352.803,9227.199,2000,5339.592,9314.462,2000,5320.508,9259.722,2000,5247.568,9214.773,2000,5319.29,9317.186,2000,5284.172,9213.203,2000,5298.317,9280.892,2000,5247.97,9285.056,2000,5349.686
9302.846,2000,5257.437,9251.64,2000,5354.459,9226.015,2000,5340.766,9315.963,2000,5321.235,9259.103,2000,5246.02,9213.13,2000,5319.571,9318.831,2000,5283.901,9211.623,2000,5297.784,9281.118,2000,5246.318,9285.864,2000,5351.144
9304.416,2000,5255.667,9251.369,2000,5356.811,9224.28,2000,5342.375,9318.058,2000,5322.335,9258.151,2000,5243.853,9210.809,2000,5320.029,9321.168,2000,5283.529,9209.406,2000,5296.955,9281.439,2000,5243.973,9287.078,2000,5353.175
9305.148,2000,5254.784,9251.275,2000,5357.954,9223.414,2000,5343.128,9319.055,2000,5322.901,9257.656,2000,5242.818,9209.677,2000,5320.214,9322.306,2000,5283.386,9208.346,2000,5296.518,9281.558,2000,5242.833,9287.698,2000,5354.14
9305.759,2000,5254.097,9251.23,2000,5358.872,9222.701,2000,5343.708,9319.868,2000,5323.328,9257.232,2000,5242.002,9208.766,2000,5320.333,9323.221,2000,5283.301,9207.508,2000,5296.14,9281.623,2000,5241.916,9288.221,2000,5354.896
9307.439,2000,5252.323,9251.19,2000,5361.315,9220.756,2000,5345.187,9322.067,2000,5324.394,9256.036,2000,5239.872,9206.333,2000,5320.568,9325.66,2000,5283.155,9205.313,2000,5295.063,9281.716,2000,5239.473,9289.674,2000,5356.861
9308.689,2000,5251.073,9251.219,2000,5363.083,9219.384,2000,5346.302,9323.633,2000,5325.217,9255.12,2000,5238.359,9204.568,2000,5320.681,9327.428,2000,5283.107,9203.753,2000,5294.233,9281.726,2000,5237.705,9290.771,2000,5358.248
9309.826,2000,5249.934,9251.298,2000,5364.691,9218.169,2000,5347.357,9325.032,2000,5326.012,9254.242,2000,5237.01,9202.96,2000,5320.731,9329.037,2000,5283.117,9202.357,2000,5293.431,9281.682,2000,5236.097,9291.812,2000,5359.476
9311.224,2000,5248.532,9251.459,2000,5366.664,9216.718,2000,5348.704,9326.721,2000,5327.045,9253.108,2000,5235.387,9200.98,2000,5320.728,9331.016,2000,5283.193,9200.674,2000,5292.389,9281.563,2000,5234.121,9293.101,2000,5360.979
9312.249,2000,5247.5,9251.625,2000,5368.109,9215.685,2000,5349.728,9327.985,2000,5327.764,9252.237,2000,5234.223,9199.527,2000,5320.678,9332.467,2000,5283.296,9199.441,2000,5291.616,9281.522,2000,5232.667,9294.011,2000,5362.113
9313.806,2000,5245.933,9251.897,2000,5370.301,9214.167,2000,5351.333,9329.94,2000,5328.792,9250.856,2000,5232.499,9197.323,2000,5320.53,9334.669,2000,5283.469,9197.609,2000,5290.381,9281.39,2000,5230.462,9295.336,2000,5363.88
9315.24,2000,5244.484,9252.151,2000,5372.324,9212.787,2000,5352.834,9331.775,2000,5329.681,9249.53,2000,5230.95,9195.294,2000,5320.327,9336.701,2000,5283.631,9195.957,2000,5289.187,9281.2,2000,5228.432,9296.506,2000,5365.55
9316.601,2000,5243.104,9252.329,2000,5374.254,9211.474,2000,5354.259,9333.526,2000,5330.512,9248.223,2000,5229.52,9193.373,2000,5320.07,9338.637,2000,5283.721,9194.424,2000,5288.001,9280.957,2000,5226.509,9297.564,2000,5367.173
9317.478,2000,5242.21,9252.403,2000,5375.504,9210.623,2000,5355.178,9334.658,2000,5331.048,9247.348,2000,5228.624,9192.138,2000,5319.864,9339.889,2000,5283.739,9193.459,2000,5287.203,9280.76,2000,5225.272,9298.214,2000,5368.244
9318.541,2000,5241.123,9252.443,2000,5377.024,9209.588,2000,5356.293,9336.033,2000,5331.699,9246.25,2000,5227.57,9190.646,2000,5319.565,9341.409,2000,5283.71,9192.319,2000,5286.195,9280.471,2000,5223.779,9298.96,2000,5369.569
9320.809,2000,5238.792,9252.424,2000,5380.276,9207.37,2000,5358.67,9338.972,2000,5333.09,9243.831,2000,5225.397,9187.481,2000,5318.821,9344.656,2000,5283.542,9189.955,2000,5283.962,9279.749,2000,5220.608,9300.463,2000,5372.453
9321.926,2000,5237.631,9252.361,2000,5381.886,9206.264,2000,5359.842,9340.429,2000,5333.78,9242.598,2000,5224.36,9185.926,2000,5318.402,9346.262,2000,5283.407,9188.82,2000,5282.818,9279.34,2000,5219.05,9301.208,2000,5373.882
9322.687,2000,5236.836,9252.354,2000,5382.987,9205.506,2000,5360.64,9341.407,2000,5334.283,9241.732,2000,5223.68,9184.873,2000,5318.081,9347.36,2000,5283.35,9188.071,2000,5282.012,9279.026,2000,5217.995,9301.748,2000,5374.841
9324.168,2000,5235.282,9252.412,2000,5385.133,9204.024,2000,5362.194,9343.284,2000,5335.326,9240.002,2000,5222.409,9182.841,2000,5317.387,9349.507,2000,5283.31,9186.662,2000,5280.392,9278.347,2000,5215.958,9302.863,2000,5376.676
9325.851,2000,5233.629,9252.552,2000,5387.488,9202.39,2000,5363.895,9345.382,2000,5336.405,9238.057,2000,5221.075,9180.635,2000,5316.553,9351.865,2000,5283.342,9185.173,2000,5278.563,9277.527,2000,5213.746,9304.153,2000,5378.651
9327.308,2000,5232.288,9252.604,2000,5389.468,9201.064,2000,5365.367,9347.167,2000,5337.261,9236.388,2000,5220.009,9178.761,2000,5315.913,9353.845,2000,5283.305,9183.974,2000,5276.987,9276.9,2000,5211.867,9305.182,2000,5380.343
9328.364,2000,5231.378,9252.596,2000,5390.862,9200.166,2000,5366.433,9348.424,2000,5337.865,9235.188,2000,5219.297,9177.427,2000,5315.506,9355.237,2000,5283.233,9183.166,2000,5275.85,9276.503,2000,5210.531,9305.866,2000,5381.558
9330.599,2000,5229.577,9252.484,2000,5393.73,9198.39,2000,5368.687,9351.01,2000,5339.108,9232.674,2000,5217.914,9174.656,2000,5314.758,9358.097,2000,5282.992,9181.581,2000,5273.458,9275.774,2000,5207.755,9307.206,2000,5384.096
9331.667,2000,5228.772,9252.389,2000,5395.063,9197.597,2000,5369.764,9352.215,2000,5339.688,9231.481,2000,5217.309,9173.354,2000,5314.453,9359.425,2000,5282.835,9180.88,2000,5272.319,9275.478,2000,5206.451,9307.831,2000,5385.278
9333.563,2000,5227.245,9252.136,2000,5397.484,9196.219,2000,5371.77,9354.408,2000,5340.744,9229.349,2000,5216.136,9170.968,2000,5313.974,9361.831,2000,5282.472,9179.672,2000,5270.207,9275.016,2000,5204.062,9308.969,2000,5387.429
9335.104,2000,5225.917,9251.876,2000,5399.502,9195.013,2000,5373.408,9356.24,2000,5341.627,9227.6,2000,5215.098,9168.962,2000,5313.639,9363.835,2000,5282.122,9178.604,2000,5268.475,9274.695,2000,5202.053,9309.921,2000,5389.227
9336.31,2000,5224.808,9251.668,2000,5401.127,9193.998,2000,5374.695,9357.716,2000,5342.339,9226.219,2000,5214.216,9167.338,2000,5313.422,9365.449,2000,5281.84,9177.699,2000,5267.109,9274.49,2000,5200.427,9310.688,2000,5390.675
9338.067,2000,5223.082,9251.355,2000,5403.572,9192.41,2000,5376.58,9359.935,2000,5343.41,9224.187,2000,5212.822,9164.886,2000,5313.177,9367.877,2000,5281.417,9176.272,2000,5265.1,9274.262,2000,5197.974,9311.841,2000,5392.853
9339.491,2000,5221.588,9251.094,2000,5405.619,9191.029,2000,5378.113,9361.793,2000,5344.307,9222.523,2000,5211.6,9162.827,2000,5313.039,9369.91,2000,5281.063,9175.022,2000,5263.458,9274.138,2000,5195.914,9312.808,2000,5394.676
9340.885,2000,5220.05,9250.831,2000,5407.677,9189.592,2000,5379.609,9363.662,2000,5345.208,9220.893,2000,5210.317,9160.753,2000,5312.967,9371.954,2000,5280.707,9173.713,2000,5261.849,9274.081,2000,5193.839,9313.779,2000,5396.509
9341.724,2000,5219.124,9250.673,2000,5408.917,9188.698,2000,5380.484,9364.788,2000,5345.752,9219.936,2000,5209.513,9159.503,2000,5312.965,9373.186,2000,5280.492,9172.893,2000,5260.905,9274.088,2000,5192.589,9314.364,2000,5397.614
9343.686,2000,5216.955,9250.302,2000,5411.817,9186.608,2000,5382.529,9367.422,2000,5347.023,9217.761,2000,5207.559,9156.58,2000,5313.056,9376.066,2000,5279.988,9170.902,2000,5258.763,9274.191,2000,5189.667,9315.733,2000,5400.198
9345.095,2000,5215.396,9250.034,2000,5413.901,9185.105,2000,5383.998,9369.314,2000,5347.936,9216.244,2000,5206.104,9154.483,2000,5313.19,9378.137,2000,5279.627,9169.423,2000,5257.271,9274.262,2000,5187.567,9316.718,2000,5402.055
9346.508,2000,5213.833,9249.766,2000,5415.992,9183.599,2000,5385.471,9371.212,2000,5348.852,9214.772,2000,5204.596,9152.382,2000,5313.345,9380.213,2000,5279.264,9167.891,2000,5255.825,9274.33,2000,5185.46,9317.705,2000,5403.917
9347.927,2000,5212.262,9249.495,2000,5418.091,9182.084,2000,5386.949,9373.118,2000,5349.772,9213.345,2000,5203.034,9150.271,2000,5313.498,9382.298,2000,5278.898,9166.305,2000,5254.423,9274.397,2000,5183.345,9318.697,2000,5405.786
9348.924,2000,5211.158,9249.305,2000,5419.565,9181.021,2000,5387.988,9374.458,2000,5350.418,9212.378,2000,5201.904,9148.787,2000,5313.605,9383.763,2000,5278.64,9165.159,2000,5253.475,9274.444,2000,5181.859,9319.395,2000,5407.1
9350.779,2000,5209.104,9248.949,2000,5422.311,9179.04,2000,5389.921,9376.95,2000,5351.623,9210.647,2000,5199.744,9146.026,2000,5313.803,9386.489,2000,5278.162,9162.97,2000,5251.781,9274.53,2000,5179.092,9320.692,2000,5409.545
9352.212,2000,5207.518,9248.675,2000,5424.43,9177.511,2000,5391.414,9378.875,2000,5352.552,9209.366,2000,5198.032,9143.895,2000,5313.955,9388.595,2000,5277.792,9161.237,2000,5250.529,9274.597,2000,5176.956,9321.694,2000,5411.433
9353.076,2000,5206.56,9248.509,2000,5425.709,9176.588,2000,5392.315,9380.036,2000,5353.113,9208.628,2000,5196.975,9142.607,2000,5314.047,9389.865,2000,5277.568,9160.168,2000,5249.808,9274.638,2000,5175.667,9322.299,2000,5412.572
9355.091,2000,5204.326,9248.122,2000,5428.692,9174.435,2000,5394.415,9382.745,2000,5354.422,9206.986,2000,5194.454,9139.606,2000,5314.261,9392.828,2000,5277.047,9157.62,2000,5248.209,9274.732,2000,5172.66,9323.709,2000,5415.229
9356.536,2000,5202.724,9247.844,2000,5430.832,9172.89,2000,5395.921,9384.688,2000,5355.36,9205.823,2000,5192.637,9137.454,2000,5314.416,9394.953,2000,5276.672,9155.756,2000,5247.123,9274.802,2000,5170.504,9324.721,2000,5417.135
9357.843,2000,5201.274,9247.591,2000,5432.767,9171.491,2000,5397.284,9386.445,2000,5356.209,9204.771,2000,5190.992,9135.507,2000,5314.556,9396.876,2000,5276.333,9154.047,2000,5246.179,9274.865,2000,5168.553,9325.637,2000,5418.859
9359.434,2000,5199.508,9247.283,2000,5435.124,9169.789,2000,5398.942,9388.585,2000,5357.243,9203.491,2000,5188.99,9133.137,2000,5314.729,9399.217,2000,5275.919,9151.966,2000,5245.031,9274.943,2000,5166.177,9326.752,2000,5420.958
9360.896,2000,5197.885,9247,2000,5437.29,9168.225,2000,5400.467,9390.552,2000,5358.194,9202.316,2000,5187.148,9130.958,2000,5314.889,9401.368,2000,5275.539,9150.053,2000,5243.977,9275.017,2000,5163.994,9327.776,2000,5422.887
9362.065,2000,5196.585,9246.772,2000,5439.024,9166.972,2000,5401.688,9392.126,2000,5358.955,9201.376,2000,5185.674,9129.214,2000,5315.018,9403.091,2000,5275.234,9148.521,2000,5243.133,9275.075,2000,5162.246,9328.597,2000,5424.432
9364.214,2000,5194.2,9246.354,2000,5442.207,9164.672,2000,5403.927,9395.017,2000,5360.353,9199.65,2000,5182.967,9126.013,2000,5315.257,9406.252,2000,5274.674,9145.708,2000,5241.585,9275.185,2000,5159.038,9330.103,2000,5427.267
9364.703,2000,5193.656,9246.259,2000,5442.932,9164.148,2000,5404.437,9395.675,2000,5360.671,9199.258,2000,5182.35,9125.284,2000,5315.312,9406.972,2000,5274.547,9145.067,2000,5241.233,9275.21,2000,5158.307,9330.445,2000,5427.912
9366.758,2000,5191.373,9245.858,2000,5445.977,9161.947,2000,5406.579,9398.44,2000,5362.008,9197.608,2000,5179.759,9122.221,2000,5315.542,9409.996,2000,5274.011,9142.375,2000,5239.754,9275.316,2000,5155.237,9331.888,2000,5430.624
9367.645,2000,5190.387,9245.686,2000,5447.292,9160.997,2000,5407.503,9399.634,2000,5362.585,9196.897,2000,5178.64,9120.898,2000,5315.642,9411.302,2000,5273.779,9141.213,2000,5239.116,9275.363,2000,5153.912,9332.51,2000,5431.795
9369.708,2000,5188.094,9245.281,2000,5450.35,9158.717,2000,5409.581,9402.411,2000,5363.929,9195.242,2000,5176.036,9117.831,2000,5315.976,9414.34,2000,5273.24,9138.508,2000,5237.632,9275.473,2000,5150.829,9333.958,2000,5434.519
9371.134,2000,5186.401,9244.991,2000,5452.544,9157.033,2000,5411.017,9404.404,2000,5364.892,9194.057,2000,5174.167,9115.64,2000,5316.288,9416.52,2000,5272.853,9136.566,2000,5236.568,9275.623,2000,5148.62,9334.997,2000,5436.474
9372.229,2000,5185.012,9244.758,2000,5454.297,9155.651,2000,5412.12,9405.996,2000,5365.662,9193.11,2000,5172.673,9113.898,2000,5316.594,9418.261,2000,5272.542,9135.015,2000,5235.719,9275.801,2000,5146.861,9335.827,2000,5438.035
9373.813,2000,5182.859,9244.404,2000,5456.946,9153.51,2000,5413.717,9408.362,2000,5366.904,9191.681,2000,5170.415,9111.283,2000,5317.142,9420.892,2000,5272.073,9132.669,2000,5234.438,9276.156,2000,5144.212,9337.158,2000,5440.353
9375.561,2000,5180.641,9243.938,2000,5459.732,9151.303,2000,5415.478,9410.819,2000,5368.297,9190.172,2000,5168.027,9108.539,2000,5317.812,9423.654,2000,5271.486,9130.188,2000,5233.087,9276.624,2000,5141.427,9338.645,2000,5442.754
9376.039,2000,5180.072,9243.792,2000,5460.461,9150.737,2000,5415.96,9411.454,2000,5368.685,9189.775,2000,5167.398,9107.823,2000,5318.012,9424.376,2000,5271.308,9129.535,2000,5232.732,9276.771,2000,5140.698,9339.057,2000,5443.374
9378.13,2000,5177.749,9243.076,2000,5463.503,9148.428,2000,5418.064,9414.065,2000,5370.401,9188.109,2000,5164.754,9104.842,2000,5318.95,9427.384,2000,5270.46,9126.788,2000,5231.242,9277.488,2000,5137.657,9340.871,2000,5445.917
9378.997,2000,5176.72,9242.726,2000,5464.802,9147.404,2000,5418.937,9415.214,2000,5371.103,9187.395,2000,5163.614,9103.572,2000,5319.396,9428.69,2000,5270.138,9125.604,2000,5230.603,9277.84,2000,5136.358,9341.688,2000,5446.987
9380.938,2000,5174.258,9242.008,2000,5467.854,9144.955,2000,5420.891,9417.94,2000,5372.649,9185.731,2000,5160.957,9100.65,2000,5320.53,9431.757,2000,5269.487,9122.845,2000,5229.116,9278.758,2000,5133.36,9343.508,2000,5449.539
9382.27,2000,5172.449,9241.565,2000,5470.056,9143.155,2000,5422.233,9419.93,2000,5373.692,9184.544,2000,5159.05,9098.584,2000,5321.411,9433.961,2000,5269.055,9120.864,2000,5228.055,9279.485,2000,5131.235,9344.752,2000,5451.41
9383.538,2000,5170.603,9241.053,2000,5472.236,9141.318,2000,5423.511,9421.878,2000,5374.797,9183.363,2000,5157.147,9096.554,2000,5322.356,9436.144,2000,5268.552,9118.888,2000,5227.001,9280.279,2000,5129.141,9346.053,2000,5453.233
9385.245,2000,5167.934,9240.228,2000,5475.294,9138.663,2000,5425.233,9424.581,2000,5376.449,9181.782,2000,5154.402,9093.728,2000,5323.786,9439.205,2000,5267.74,9116.09,2000,5225.517,9281.499,2000,5126.218,9347.976,2000,5455.75
9385.939,2000,5166.767,9239.831,2000,5476.593,9137.502,2000,5425.933,9425.716,2000,5377.195,9181.144,2000,5153.204,9092.537,2000,5324.438,9440.506,2000,5267.349,9114.87,2000,5224.92,9282.063,2000,5124.982,9348.835,2000,5456.801
9387.025,2000,5164.796,9239.104,2000,5478.723,9135.54,2000,5427.03,9427.556,2000,5378.492,9180.15,2000,5151.184,9090.6,2000,5325.584,9442.639,2000,5266.631,9112.817,2000,5223.998,9283.063,2000,5122.966,9350.315,2000,5458.497
9387.954,2000,5162.972,9238.379,2000,5480.637,9133.725,2000,5427.969,9429.188,2000,5379.725,9179.308,2000,5149.319,9088.873,2000,5326.683,9444.556,2000,5265.915,9110.924,2000,5223.221,9284.033,2000,5121.164,9351.711,2000,5459.993
9389.008,2000,5160.724,9237.424,2000,5482.93,9131.486,2000,5429.034,9431.12,2000,5381.286,9178.359,2000,5147.024,9086.822,2000,5328.083,9446.853,2000,5264.971,9108.597,2000,5222.354,9285.28,2000,5119.017,9353.463,2000,5461.753
9389.905,2000,5158.633,9236.48,2000,5485,9129.406,2000,5429.943,9432.843,2000,5382.772,9177.561,2000,5144.894,9084.986,2000,5329.428,9448.928,2000,5264.037,9106.439,2000,5221.629,9286.486,2000,5117.087,9355.12,2000,5463.312
9390.568,2000,5156.936,9235.672,2000,5486.633,9127.719,2000,5430.615,9434.182,2000,5384.007,9176.977,2000,5143.168,9083.553,2000,5330.552,9450.563,2000,5263.235,9104.694,2000,5221.105,9287.502,2000,5115.575,9356.487,2000,5464.516
9391.478,2000,5154.366,9234.383,2000,5489.034,9125.163,2000,5431.538,9436.124,2000,5385.92,9176.188,2000,5140.559,9081.464,2000,5332.303,9453.049,2000,5262.117,9102.06,2000,5220.408,9289.096,2000,5113.364,9358.591,2000,5466.25
9392.166,2000,5152.195,9233.306,2000,5491.041,9123.005,2000,5432.237,9437.693,2000,5387.57,9175.602,2000,5138.358,9079.768,2000,5333.822,9455.126,2000,5261.182,9099.84,2000,5219.898,9290.487,2000,5111.561,9360.395,2000,5467.64
9392.6,2000,5150.655,9232.549,2000,5492.451,9121.507,2000,5432.778,9438.758,2000,5388.765,9175.24,2000,5136.799,9078.541,2000,5334.85,9456.585,2000,5260.525,9098.27,2000,5219.591,9291.506,2000,5110.326,9361.693,2000,5468.575
9393.384,2000,5147.477,9231,2000,5495.334,9118.481,2000,5433.982,9440.854,2000,5391.279,9174.605,2000,5133.588,9075.965,2000,5336.869,9459.569,2000,5259.182,9095.038,2000,5219.068,9293.67,2000,5107.871,9364.411,2000,5470.399
9393.794,2000,5146.021,9230.284,2000,5496.667,9117.104,2000,5434.584,9441.784,2000,5392.473,9174.36,2000,5132.095,9074.744,2000,5337.763,9460.949,2000,5258.561,9093.537,2000,5218.875,9294.633,2000,5106.704,9365.694,2000,5471.201
9394.626,2000,5143.398,9228.982,2000,5499.092,9114.638,2000,5435.758,9443.404,2000,5394.697,9173.826,2000,5129.396,9072.473,2000,5339.315,9463.458,2000,5257.432,9090.798,2000,5218.614,9296.313,2000,5104.525,9368.074,2000,5472.582
9395.595,2000,5140.659,9227.608,2000,5501.651,9112.081,2000,5437.08,9445.037,2000,5397.1,9173.169,2000,5126.565,9070.021,2000,5340.875,9466.107,2000,5256.239,9087.916,2000,5218.244,9298.012,2000,5102.167,9370.634,2000,5473.957
9395.873,2000,5139.948,9227.247,2000,5502.324,9111.423,2000,5437.448,9445.486,2000,5397.717,9172.996,2000,5125.822,9069.364,2000,5341.263,9466.804,2000,5255.926,9087.159,2000,5218.146,9298.438,2000,5101.534,9371.294,2000,5474.34
9397.139,2000,5136.999,9225.729,2000,5505.151,9108.694,2000,5439.061,9447.46,2000,5400.249,9172.271,2000,5122.695,9066.563,2000,5342.829,9469.73,2000,5254.608,9083.976,2000,5217.738,9300.14,2000,5098.813,9374.016,2000,5476.041
9398.111,2000,5134.922,9224.644,2000,5507.172,9106.725,2000,5440.162,9448.929,2000,5402.01,9171.752,2000,5120.461,9064.59,2000,5343.996,9471.821,2000,5253.667,9081.701,2000,5217.446,9301.291,2000,5096.83,9375.92,2000,5477.319
9398.737,2000,5133.692,9223.991,2000,5508.388,9105.56,2000,5440.851,9449.847,2000,5403.04,9171.44,2000,5119.117,9063.386,2000,5344.669,9473.08,2000,5253.101,9080.332,2000,5217.27,9301.944,2000,5095.614,9377.04,2000,5478.125
9400.263,2000,5130.856,9222.468,2000,5511.225,9102.809,2000,5442.39,9452.066,2000,5405.374,9170.713,2000,5115.98,9060.614,2000,5346.308,9476.017,2000,5251.779,9077.138,2000,5216.86,9303.405,2000,5092.744,9379.591,2000,5480.091
9401.308,2000,5128.804,9221.379,2000,5513.253,9100.88,2000,5443.53,9453.707,2000,5406.989,9170.192,2000,5113.737,9058.605,2000,5347.432,9478.116,2000,5250.834,9074.854,2000,5216.566,9304.496,2000,5090.716,9381.367,2000,5481.556
9401.965,2000,5127.582,9220.723,2000,5514.476,9099.708,2000,5444.185,9454.727,2000,5407.929,9169.879,2000,5112.386,9057.411,2000,5348.138,9479.382,2000,5250.265,9073.479,2000,5216.39,9305.126,2000,5089.48,9382.408,2000,5482.473
9403.427,2000,5124.71,9219.198,2000,5517.315,9097.032,2000,5445.767,9457.146,2000,5410.06,9169.15,2000,5109.246,9054.599,2000,5349.71,9482.321,2000,5248.942,9070.281,2000,5215.979,9306.652,2000,5086.641,9384.777,2000,5484.658
9404.521,2000,5122.677,9218.106,2000,5519.349,9095.109,2000,5446.842,9458.843,2000,5411.625,9168.629,2000,5106.998,9052.612,2000,5350.885,9484.426,2000,5247.995,9067.992,2000,5215.685,9307.699,2000,5084.584,9386.51,2000,5486.184
9405.354,2000,5121.039,9217.236,2000,5520.969,9093.611,2000,5447.728,9460.223,2000,5412.84,9168.213,2000,5105.206,9051.008,2000,5351.782,9486.103,2000,5247.24,9066.168,2000,5215.451,9308.57,2000,5082.964,9387.861,2000,5487.43
9406.672,2000,5118.588,9215.92,2000,5523.42,9091.332,2000,5449.003,9462.268,2000,5414.726,9167.584,2000,5102.496,9048.614,2000,5353.197,9488.64,2000,5246.099,9063.409,2000,5215.096,9309.832,2000,5080.485,9389.949,2000,5489.269
9407.714,2000,5116.542,9214.834,2000,5525.443,9089.502,2000,5450.085,9463.991,2000,5416.243,9167.064,2000,5100.259,9046.611,2000,5354.317,9490.733,2000,5245.156,9061.132,2000,5214.804,9310.92,2000,5078.463,9391.638,2000,5490.826
9408.965,2000,5114.216,9213.585,2000,5527.769,9087.397,2000,5451.262,9465.933,2000,5418.033,9166.468,2000,5097.687,9044.34,2000,5355.66,9493.142,2000,5244.073,9058.513,2000,5214.467,9312.118,2000,5076.11,9393.619,2000,5492.571
9409.562,2000,5113.044,9212.963,2000,5528.927,9086.383,2000,5451.862,9466.919,2000,5418.902,9166.171,2000,5096.406,9043.193,2000,5356.301,9494.341,2000,5243.533,9057.209,2000,5214.3,9312.741,2000,5074.952,9394.586,2000,5493.462
9410.768,2000,5110.801,9211.758,2000,5531.171,9084.409,2000,5452.965,9468.791,2000,5420.629,9165.595,2000,5093.925,9041.003,2000,5357.596,9496.663,2000,5242.488,9054.683,2000,5213.975,9313.896,2000,5072.682,9396.497,2000,5495.146
9412.312,2000,5107.77,9210.148,2000,5534.168,9081.865,2000,5454.469,9471.344,2000,5422.877,9164.826,2000,5090.611,9038.036,2000,5359.255,9499.766,2000,5241.091,9051.309,2000,5213.542,9315.508,2000,5069.686,9398.998,2000,5497.452
9412.678,2000,5107.089,9209.783,2000,5534.849,9081.3,2000,5454.786,9471.911,2000,5423.401,9164.651,2000,5089.859,9037.372,2000,5359.648,9500.47,2000,5240.774,9050.542,2000,5213.443,9315.858,2000,5068.998,9399.578,2000,5497.963
9414.15,2000,5104.198,9208.248,2000,5537.708,9078.976,2000,5456.16,9474.346,2000,5425.545,9163.918,2000,5086.698,9034.543,2000,5361.23,9503.429,2000,5239.443,9047.323,2000,5213.029,9317.396,2000,5066.14,9401.964,2000,5500.163
9415.25,2000,5102.153,9207.15,2000,5539.753,9077.354,2000,5457.066,9476.052,2000,5427.119,9163.394,2000,5084.437,9032.547,2000,5362.41,9505.545,2000,5238.49,9045.021,2000,5212.733,9318.448,2000,5064.072,9403.706,2000,5501.697
9416.298,2000,5100.095,9206.058,2000,5541.788,9075.813,2000,5457.978,9477.785,2000,5428.646,9162.871,2000,5082.187,9030.533,2000,5363.536,9507.651,2000,5237.542,9042.729,2000,5212.439,9319.542,2000,5062.037,9405.404,2000,5503.263
9417.262,2000,5098.302,9205.095,2000,5543.581,9074.481,2000,5458.722,9479.281,2000,5430.026,9162.411,2000,5080.205,9028.783,2000,5364.57,9509.507,2000,5236.707,9040.711,2000,5212.18,9320.466,2000,5060.224,9406.932,2000,5504.608
9418.448,2000,5095.972,9203.857,2000,5545.885,9072.847,2000,5459.688,9481.244,2000,5431.754,9161.82,2000,5077.657,9026.504,2000,5365.845,9511.892,2000,5235.633,9038.117,2000,5211.847,9321.704,2000,5057.92,9408.854,2000,5506.381
9419.413,2000,5094.177,9202.894,2000,5547.681,9071.61,2000,5460.38,9482.742,2000,5433.136,9161.359,2000,5075.672,9024.753,2000,5366.88,9513.75,2000,5234.797,9036.096,2000,5211.587,9322.629,2000,5056.104,9410.384,2000,5507.728
9420.711,2000,5091.628,9201.54,2000,5550.201,9069.959,2000,5461.356,9484.889,2000,5435.026,9160.713,2000,5072.886,9022.261,2000,5368.274,9516.358,2000,5233.623,9033.259,2000,5211.223,9323.983,2000,5053.585,9412.486,2000,5509.667
9422.001,2000,5089.229,9200.252,2000,5552.601,9068.446,2000,5462.202,9486.892,2000,5436.873,9160.097,2000,5070.232,9019.921,2000,5369.657,9518.843,2000,5232.505,9030.557,2000,5210.875,9325.22,2000,5051.158,9414.53,2000,5511.467
9422.672,2000,5087.911,9199.552,2000,5553.904,9067.678,2000,5462.656,9488.002,2000,5437.851,9159.763,2000,5068.792,9018.633,2000,5370.377,9520.191,2000,5231.898,9029.089,2000,5210.687,9325.921,2000,5049.855,9415.618,2000,5512.47
9423.88,2000,5085.664,9198.345,2000,5556.151,9066.372,2000,5463.387,9489.877,2000,5439.58,9159.187,2000,5066.307,9016.442,2000,5371.672,9522.518,2000,5230.852,9026.559,2000,5210.362,9327.078,2000,5047.583,9417.532,2000,5514.156
9424.942,2000,5083.577,9197.236,2000,5558.214,9065.248,2000,5464.051,9491.635,2000,5441.128,9158.657,2000,5064.025,9014.403,2000,5372.813,9524.653,2000,5229.89,9024.235,2000,5210.063,9328.188,2000,5045.52,9419.254,2000,5515.744
9426.047,2000,5081.523,9196.134,2000,5560.269,9064.166,2000,5464.657,9493.349,2000,5442.708,9158.13,2000,5061.754,9012.402,2000,5373.996,9526.779,2000,5228.933,9021.923,2000,5209.767,9329.245,2000,5043.442,9421.004,2000,5517.285
9426.79,2000,5080.063,9195.358,2000,5561.712,9063.45,2000,5465.08,9494.579,2000,5443.792,9157.76,2000,5060.157,9010.977,2000,5374.793,9528.274,2000,5228.26,9020.297,2000,5209.558,9330.021,2000,5041.999,9422.209,2000,5518.396
9428.376,2000,5077.115,9193.775,2000,5564.662,9062.016,2000,5465.882,9497.04,2000,5446.061,9157.003,2000,5056.896,9008.104,2000,5376.491,9531.327,2000,5226.886,9016.977,2000,5209.131,9331.54,2000,5039.016,9424.721,2000,5520.609
9429.076,2000,5075.739,9193.045,2000,5566.022,9061.406,2000,5466.243,9498.198,2000,5447.082,9156.654,2000,5055.393,9006.762,2000,5377.242,9532.735,2000,5226.252,9015.445,2000,5208.935,9332.271,2000,5037.656,9425.855,2000,5521.656
9430.408,2000,5073.262,9191.715,2000,5568.5,9060.314,2000,5466.853,9500.266,2000,5448.988,9156.019,2000,5052.653,9004.35,2000,5378.668,9535.3,2000,5225.099,9012.656,2000,5208.576,9333.547,2000,5035.15,9427.966,2000,5523.514
9431.364,2000,5071.384,9190.718,2000,5570.356,9059.552,2000,5467.304,9501.847,2000,5450.38,9155.542,2000,5050.601,9002.518,2000,5379.692,9537.222,2000,5224.234,9010.566,2000,5208.308,9334.545,2000,5033.294,9429.515,2000,5524.943
9433.016,2000,5068.314,9189.069,2000,5573.427,9058.324,2000,5467.991,9504.409,2000,5452.743,9154.754,2000,5047.205,8999.529,2000,5381.458,9540.4,2000,5222.803,9007.109,2000,5207.864,9336.126,2000,5030.188,9432.13,2000,5527.247
9433.38,2000,5067.599,9188.689,2000,5574.134,9058.063,2000,5468.145,9505.012,2000,5453.273,9154.572,2000,5046.423,8998.832,2000,5381.849,9541.132,2000,5222.474,9006.313,2000,5207.762,9336.506,2000,5029.481,9432.72,2000,5527.791
9434.931,2000,5064.715,9187.141,2000,5577.019,9057.001,2000,5468.739,9507.419,2000,5455.494,9153.832,2000,5043.233,8996.026,2000,5383.507,9544.118,2000,5221.129,9003.065,2000,5207.345,9337.991,2000,5026.563,9435.178,2000,5529.955
9435.424,2000,5063.746,9186.626,2000,5577.977,9056.674,2000,5468.932,9508.234,2000,5456.212,9153.586,2000,5042.175,8995.082,2000,5384.035,9545.109,2000,5220.683,9001.987,2000,5207.206,9338.506,2000,5025.606,9435.977,2000,5530.692
9437.127,2000,5060.58,9184.925,2000,5581.144,9055.599,2000,5469.534,9510.877,2000,5458.649,9152.773,2000,5038.673,8992.003,2000,5385.855,9548.388,2000,5219.208,8998.421,2000,5206.748,9340.137,2000,5022.402,9438.675,2000,5533.068
9438.037,2000,5058.793,9183.977,2000,5582.911,9055.044,2000,5469.862,9512.382,2000,5459.975,9152.32,2000,5036.72,8990.263,2000,5386.829,9550.216,2000,5218.385,8996.432,2000,5206.493,9341.087,2000,5020.636,9440.148,2000,5534.428
9439.305,2000,5056.437,9182.711,2000,5585.268,9054.319,2000,5470.267,9514.349,2000,5461.789,9151.716,2000,5034.114,8987.973,2000,5388.182,9552.655,2000,5217.287,8993.778,2000,5206.152,9342.301,2000,5018.251,9442.156,2000,5536.196
9439.908,2000,5055.251,9182.082,2000,5586.44,9053.979,2000,5470.468,9515.347,2000,5462.668,9151.415,2000,5032.818,8986.818,2000,5388.828,9553.868,2000,5216.741,8992.459,2000,5205.982,9342.931,2000,5017.08,9443.135,2000,5537.098
9441.344,2000,5052.582,9180.648,2000,5589.109,9053.212,2000,5470.897,9517.574,2000,5464.722,9150.73,2000,5029.866,8984.226,2000,5390.36,9556.632,2000,5215.497,8989.453,2000,5205.596,9344.306,2000,5014.379,9445.409,2000,5539.101
9442.412,2000,5050.483,9179.534,2000,5591.184,9052.651,2000,5471.228,9519.342,2000,5466.279,9150.198,2000,5027.572,8982.183,2000,5391.502,9558.779,2000,5214.531,8987.117,2000,5205.296,9345.421,2000,5012.305,9447.141,2000,5540.698
9443.522,2000,5048.419,9178.426,2000,5593.249,9052.106,2000,5471.533,9521.064,2000,5467.868,9149.668,2000,5025.289,8980.178,2000,5392.688,9560.917,2000,5213.569,8984.792,2000,5204.998,9346.484,2000,5010.216,9448.899,2000,5542.247
9444.27,2000,5046.952,9177.647,2000,5594.699,9051.742,2000,5471.748,9522.3,2000,5468.956,9149.296,2000,5023.686,8978.751,2000,5393.485,9562.418,2000,5212.893,8983.159,2000,5204.788,9347.264,2000,5008.767,9450.109,2000,5543.363
9445.713,2000,5044.269,9176.206,2000,5597.383,9051.076,2000,5472.121,9524.539,2000,5471.021,9148.607,2000,5020.718,8976.146,2000,5395.025,9565.196,2000,5211.643,8980.138,2000,5204.4,9348.646,2000,5006.052,9452.396,2000,5545.376
9446.776,2000,5042.181,9175.098,2000,5599.448,9050.593,2000,5472.406,9526.298,2000,5472.57,9148.078,2000,5018.435,8974.115,2000,5396.161,9567.333,2000,5210.681,8977.813,2000,5204.102,9349.756,2000,5003.988,9454.118,2000,5546.965
9447.446,2000,5040.936,9174.429,2000,5600.693,9050.307,2000,5472.566,9527.337,2000,5473.528,9147.759,2000,5017.058,8972.906,2000,5396.875,9568.622,2000,5210.101,8976.411,2000,5203.921,9350.397,2000,5002.728,9455.179,2000,5547.899
9448.936,2000,5038.011,9172.876,2000,5603.584,9049.644,2000,5472.909,9529.8,2000,5475.697,9147.017,2000,5013.861,8970.156,2000,5398.625,9571.614,2000,5208.754,8973.156,2000,5203.503,9351.952,2000,4999.838,9457.591,2000,5550.124
9450.047,2000,5035.945,9171.766,2000,5605.651,9049.183,2000,5473.128,9531.524,2000,5477.288,9146.486,2000,5011.576,8968.232,2000,5399.939,9573.754,2000,5207.791,8970.829,2000,5203.205,9353.017,2000,4997.747,9459.352,2000,5551.675
9451.113,2000,5033.851,9170.654,2000,5607.721,9048.729,2000,5473.327,9533.287,2000,5478.841,9145.955,2000,5009.287,8966.351,2000,5401.317,9575.896,2000,5206.827,8968.499,2000,5202.905,9354.13,2000,4995.678,9461.079,2000,5553.268
9452.225,2000,5031.785,9169.544,2000,5609.789,9048.282,2000,5473.504,9535.012,2000,5480.432,9145.425,2000,5007.001,8964.518,2000,5402.754,9578.036,2000,5205.864,8966.172,2000,5202.606,9355.194,2000,4993.586,9462.84,2000,5554.818
9452.973,2000,5030.315,9168.764,2000,5611.242,9047.974,2000,5473.616,9536.249,2000,5481.522,9145.052,2000,5005.395,8963.263,2000,5403.806,9579.54,2000,5205.187,8964.536,2000,5202.396,9355.976,2000,4992.134,9464.053,2000,5555.937
9454.417,2000,5027.629,9167.321,2000,5613.928,9047.407,2000,5473.799,9538.49,2000,5483.589,9144.362,2000,5002.424,8961.008,2000,5405.825,9582.32,2000,5203.936,8961.512,2000,5202.008,9357.359,2000,4989.417,9466.341,2000,5557.952
9455.483,2000,5025.536,9166.21,2000,5615.998,9046.981,2000,5473.922,9540.253,2000,5485.142,9143.831,2000,5000.136,8959.322,2000,5407.437,9584.463,2000,5202.971,8959.182,2000,5201.708,9358.473,2000,4987.347,9468.068,2000,5559.545
9456.596,2000,5023.468,9165.1,2000,5618.066,9046.563,2000,5474.028,9541.979,2000,5486.734,9143.301,2000,4997.849,8957.692,2000,5409.101,9586.604,2000,5202.008,8956.854,2000,5201.409,9359.538,2000,4985.255,9469.83,2000,5561.097
9457.653,2000,5021.39,9163.996,2000,5620.121,9046.153,2000,5474.118,9543.729,2000,5488.275,9142.773,2000,4995.577,8956.129,2000,5410.805,9588.73,2000,5201.051,8954.54,2000,5201.112,9360.643,2000,4983.201,9471.544,2000,5562.678
9458.631,2000,5019.572,9163.021,2000,5621.939,9045.797,2000,5474.184,9545.245,2000,5489.674,9142.307,2000,4993.567,8954.796,2000,5412.357,9590.612,2000,5200.204,8952.493,2000,5200.85,9361.579,2000,4981.362,9473.093,2000,5564.042
9459.835,2000,5017.207,9161.765,2000,5624.278,9045.345,2000,5474.252,9547.237,2000,5491.429,9141.706,2000,4990.981,8953.147,2000,5414.409,9593.033,2000,5199.115,8949.86,2000,5200.511,9362.837,2000,4979.024,9475.044,2000,5565.841
9460.729,2000,5015.544,9160.872,2000,5625.941,9045.029,2000,5474.289,9548.625,2000,5492.708,9141.279,2000,4989.143,8952.023,2000,5415.905,9594.754,2000,5198.34,8947.988,2000,5200.271,9363.693,2000,4977.342,9476.46,2000,5567.089
9462.006,2000,5013.035,9159.54,2000,5628.422,9044.565,2000,5474.328,9550.738,2000,5494.57,9140.643,2000,4986.4,8950.422,2000,5418.19,9597.321,2000,5197.185,8945.195,2000,5199.912,9365.027,2000,4974.862,9478.53,2000,5568.998
9463.12,2000,5010.964,9158.428,2000,5630.494,9044.186,2000,5474.348,9552.468,2000,5496.165,9140.111,2000,4984.109,8949.147,2000,5420.14,9599.466,2000,5196.219,8942.862,2000,5199.612,9366.095,2000,4972.766,9480.295,2000,5570.552
9463.869,2000,5009.493,9157.647,2000,5631.948,9043.924,2000,5474.353,9553.706,2000,5497.255,9139.738,2000,4982.501,8948.299,2000,5421.537,9600.971,2000,5195.542,8941.226,2000,5199.402,9366.876,2000,4971.313,9481.508,2000,5571.671
9465.466,2000,5006.524,9156.053,2000,5634.918,9043.395,2000,5474.345,9556.185,2000,5499.541,9138.977,2000,4979.217,8946.66,2000,5424.444,9604.045,2000,5194.158,8937.882,2000,5198.972,9368.405,2000,4968.308,9484.038,2000,5573.899
9466.17,2000,5005.141,9155.318,2000,5636.286,9043.157,2000,5474.334,9557.35,2000,5500.567,9138.626,2000,4977.705,8945.95,2000,5425.806,9605.461,2000,5193.521,8936.342,2000,5198.774,9369.141,2000,4966.941,9485.18,2000,5574.952
9467.512,2000,5002.646,9153.979,2000,5638.782,9042.729,2000,5474.3,9559.433,2000,5502.488,9137.985,2000,4974.945,8944.737,2000,5428.332,9608.045,2000,5192.358,8933.531,2000,5198.414,9370.426,2000,4964.416,9487.306,2000,5576.824
9468.475,2000,5000.754,9152.975,2000,5640.652,9042.414,2000,5474.265,9561.025,2000,5503.891,9137.506,2000,4972.878,8943.892,2000,5430.251,9609.979,2000,5191.488,8931.427,2000,5198.143,9371.431,2000,4962.547,9488.865,2000,5578.263
9469.692,2000,4998.49,9151.758,2000,5642.917,9042.036,2000,5474.235,9562.916,2000,5505.634,9136.925,2000,4970.373,8942.792,2000,5432.541,9612.324,2000,5190.433,8928.876,2000,5197.815,9372.598,2000,4960.256,9490.795,2000,5579.962
9470.767,2000,4996.38,9150.638,2000,5645.003,9041.692,2000,5474.219,9564.692,2000,5507.198,9136.39,2000,4968.067,8941.712,2000,5434.613,9614.483,2000,5189.461,8926.528,2000,5197.514,9373.719,2000,4958.171,9492.535,2000,5581.567
9471.88,2000,4994.31,9149.525,2000,5647.074,9041.355,2000,5474.214,9566.42,2000,5508.792,9135.858,2000,4965.777,8940.572,2000,5436.634,9616.627,2000,5188.496,8924.197,2000,5197.214,9374.785,2000,4956.076,9494.299,2000,5583.121
9472.63,2000,4992.836,9148.743,2000,5648.53,9041.122,2000,5474.219,9567.66,2000,5509.884,9135.484,2000,4964.167,8939.726,2000,5438.028,9618.134,2000,5187.818,8922.558,2000,5197.004,9375.568,2000,4954.621,9495.514,2000,5584.242
9474.077,2000,4990.145,9147.298,2000,5651.222,9040.694,2000,5474.241,9569.906,2000,5511.956,9134.794,2000,4961.191,8938.076,2000,5440.552,9620.921,2000,5186.564,8919.526,2000,5196.615,9376.955,2000,4951.897,9497.807,2000,5586.261
9475.145,2000,4988.048,9146.185,2000,5653.295,9040.371,2000,5474.247,9571.672,2000,5513.511,9134.262,2000,4958.898,8936.87,2000,5442.537,9623.066,2000,5185.598,8917.192,2000,5196.315,9378.069,2000,4949.825,9499.536,2000,5587.856
9476.261,2000,4985.972,9145.069,2000,5655.372,9040.052,2000,5474.243,9573.404,2000,5515.109,9133.729,2000,4956.603,8935.729,2000,5444.563,9625.216,2000,5184.631,8914.854,2000,5196.015,9379.139,2000,4947.725,9501.305,2000,5589.414
9477.318,2000,4983.895,9143.967,2000,5657.426,9039.74,2000,5474.228,9575.153,2000,5516.65,9133.201,2000,4954.332,8934.665,2000,5446.602,9627.342,2000,5183.674,8912.542,2000,5195.718,9380.243,2000,4945.671,9503.019,2000,5590.995
9478.299,2000,4982.072,9142.987,2000,5659.249,9039.467,2000,5474.207,9576.675,2000,5518.053,9132.733,2000,4952.315,8933.781,2000,5448.443,9629.229,2000,5182.825,8910.489,2000,5195.454,9381.183,2000,4943.827,9504.571,2000,5592.362
9479.506,2000,4979.702,9141.729,2000,5661.592,9039.12,2000,5474.167,9578.671,2000,5519.811,9132.132,2000,4949.725,8932.723,2000,5450.844,9631.655,2000,5181.733,8907.851,2000,5195.115,9382.442,2000,4941.484,9506.526,2000,5594.166
9480.402,2000,4978.036,9140.835,2000,5663.259,9038.877,2000,5474.132,9580.062,2000,5521.093,9131.704,2000,4947.882,8932.026,2000,5452.576,9633.38,2000,5180.957,8905.975,2000,5194.874,9383.301,2000,4939.798,9507.946,2000,5595.416
9481.682,2000,4975.523,9139.501,2000,5665.743,9038.52,2000,5474.068,9582.177,2000,5522.956,9131.066,2000,4945.135,8931.073,2000,5455.188,9635.951,2000,5179.8,8903.179,2000,5194.515,9384.636,2000,4937.315,9510.019,2000,5597.327
9482.798,2000,4973.448,9138.387,2000,5667.819,9038.224,2000,5474.016,9583.909,2000,5524.553,9130.534,2000,4942.84,8930.349,2000,5457.396,9638.1,2000,5178.833,8900.842,2000,5194.214,9385.705,2000,4935.216,9511.787,2000,5598.885
9483.549,2000,4971.974,9137.604,2000,5669.277,9038.017,2000,5473.984,9585.151,2000,5525.647,9130.16,2000,4941.228,8929.891,2000,5458.963,9639.608,2000,5178.153,8899.2,2000,5194.003,9386.489,2000,4933.758,9513.004,2000,5600.007
9485.296,2000,4968.725,9135.858,2000,5672.526,9037.557,2000,5473.92,9587.863,2000,5528.147,9129.326,2000,4937.635,8928.985,2000,5462.485,9642.972,2000,5176.64,8895.542,2000,5193.534,9388.163,2000,4930.472,9515.771,2000,5602.445
9485.974,2000,4967.394,9135.151,2000,5673.843,9037.372,2000,5473.901,9588.984,2000,5529.135,9128.988,2000,4936.18,8928.666,2000,5463.922,9644.334,2000,5176.026,8894.06,2000,5193.343,9388.871,2000,4929.156,9516.87,2000,5603.458
9487.192,2000,4965.127,9133.934,2000,5676.11,9037.055,2000,5473.872,9590.876,2000,5530.88,9128.406,2000,4933.673,8928.197,2000,5466.415,9646.681,2000,5174.97,8891.507,2000,5193.016,9390.039,2000,4926.863,9518.801,2000,5605.159
9488.26,2000,4963.032,9132.821,2000,5678.182,9036.767,2000,5473.852,9592.641,2000,5532.434,9127.875,2000,4931.382,8927.844,2000,5468.704,9648.825,2000,5174.005,8889.175,2000,5192.716,9391.153,2000,4924.792,9520.529,2000,5606.753
9489.239,2000,4961.21,9131.843,2000,5680.004,9036.516,2000,5473.84,9594.161,2000,5533.836,9127.407,2000,4929.368,8927.599,2000,5470.726,9650.711,2000,5173.156,8887.123,2000,5192.452,9392.092,2000,4922.949,9522.081,2000,5608.12
9490.447,2000,4958.837,9130.583,2000,5682.35,9036.194,2000,5473.831,9596.159,2000,5535.597,9126.806,2000,4926.773,8927.368,2000,5473.337,9653.14,2000,5172.063,8884.481,2000,5192.113,9393.354,2000,4920.604,9524.039,2000,5609.925
9491.344,2000,4957.171,9129.688,2000,5684.017,9035.968,2000,5473.83,9597.55,2000,5536.879,9126.378,2000,4924.931,8927.266,2000,5475.196,9654.864,2000,5171.287,8882.605,2000,5191.872,9394.212,2000,4918.918,9525.459,2000,5611.176
9492.624,2000,4954.656,9128.354,2000,5686.503,9035.633,2000,5473.834,9599.668,2000,5538.744,9125.74,2000,4922.182,8927.203,2000,5477.971,9657.438,2000,5170.129,8879.807,2000,5191.512,9395.549,2000,4916.433,9527.533,2000,5613.089
9493.741,2000,4952.58,9127.238,2000,5688.58,9035.356,2000,5473.845,9601.401,2000,5540.343,9125.207,2000,4919.885,8927.227,2000,5480.289,9659.588,2000,5169.161,8877.468,2000,5191.212,9396.619,2000,4914.332,9529.303,2000,5614.647
9494.812,2000,4950.478,9126.122,2000,5690.658,9035.082,2000,5473.861,9603.172,2000,5541.902,9124.674,2000,4917.587,8927.326,2000,5482.605,9661.739,2000,5168.193,8875.128,2000,5190.912,9397.736,2000,4912.254,9531.037,2000,5616.247
9495.483,2000,4949.228,9125.451,2000,5691.908,9034.919,2000,5473.875,9604.215,2000,5542.863,9124.354,2000,4916.205,8927.432,2000,5483.994,9663.033,2000,5167.611,8873.721,2000,5190.731,9398.38,2000,4910.99,9532.102,2000,5617.184
9496.979,2000,4946.292,9123.893,2000,5694.811,9034.543,2000,5473.917,9606.688,2000,5545.041,9123.608,2000,4912.995,8927.57,2000,5487.226,9666.038,2000,5166.258,8870.452,2000,5190.311,9399.94,2000,4908.087,9534.524,2000,5619.418
9498.095,2000,4944.216,9122.777,2000,5696.888,9034.279,2000,5473.957,9608.42,2000,5546.639,9123.075,2000,4910.699,8927.594,2000,5489.538,9668.188,2000,5165.291,8868.114,2000,5190.011,9401.01,2000,4905.987,9536.293,2000,5620.976
9499.061,2000,4942.318,9121.771,2000,5698.764,9034.044,2000,5473.999,9610.018,2000,5548.046,9122.594,2000,4908.625,8927.547,2000,5491.626,9670.129,2000,5164.417,8866.003,2000,5189.739,9402.019,2000,4904.112,9537.858,2000,5622.419
9500.28,2000,4940.05,9120.552,2000,5701.033,9033.764,2000,5474.059,9611.911,2000,5549.792,9122.012,2000,4906.116,8927.407,2000,5494.148,9672.478,2000,5163.36,8863.448,2000,5189.411,9403.188,2000,4901.817,9539.791,2000,5624.121
9501.355,2000,4937.938,9119.431,2000,5703.121,9033.508,2000,5474.107,9613.689,2000,5551.358,9121.476,2000,4903.808,8927.355,2000,5496.472,9674.639,2000,5162.387,8861.098,2000,5189.109,9404.31,2000,4899.73,9541.533,2000,5625.728
9502.248,2000,4936.279,9118.539,2000,5704.781,9033.307,2000,5474.15,9615.075,2000,5552.636,9121.05,2000,4901.972,8927.375,2000,5498.321,9676.357,2000,5161.614,8859.229,2000,5188.869,9405.165,2000,4898.051,9542.947,2000,5626.973
9503.487,2000,4933.844,9117.247,2000,5707.188,9033.019,2000,5474.216,9617.125,2000,5554.442,9120.433,2000,4899.311,8927.49,2000,5500.999,9678.849,2000,5160.493,8856.519,2000,5188.521,9406.459,2000,4895.645,9544.955,2000,5628.825
9504.531,2000,4931.902,9116.204,2000,5709.13,9032.79,2000,5474.274,9618.746,2000,5555.937,9119.935,2000,4897.163,8927.654,2000,5503.156,9680.859,2000,5159.588,8854.332,2000,5188.24,9407.459,2000,4893.68,9546.609,2000,5630.283
9505.218,2000,4930.555,9115.488,2000,5710.463,9032.636,2000,5474.316,9619.881,2000,5556.936,9119.593,2000,4895.689,8927.815,2000,5504.631,9682.238,2000,5158.967,8852.832,2000,5188.047,9408.176,2000,4892.348,9547.722,2000,5631.308
9506.662,2000,4927.869,9114.046,2000,5713.15,9032.327,2000,5474.406,9622.123,2000,5559.003,9118.903,2000,4892.719,8928.236,2000,5507.593,9685.02,2000,5157.716,8849.808,2000,5187.659,9409.56,2000,4889.63,9550.011,2000,5633.324
9507.3,2000,4926.616,9113.381,2000,5714.389,9032.188,2000,5474.45,9623.179,2000,5559.933,9118.586,2000,4891.349,8928.475,2000,5508.952,9686.302,2000,5157.139,8848.413,2000,5187.479,9410.226,2000,4888.392,9551.045,2000,5634.277
9508.521,2000,4924.345,9112.161,2000,5716.661,9031.935,2000,5474.534,9625.074,2000,5561.681,9118.003,2000,4888.837,8928.993,2000,5511.428,9688.653,2000,5156.081,8845.855,2000,5187.151,9411.396,2000,4886.094,9552.98,2000,5635.981
9509.296,2000,4922.823,9111.354,2000,5718.165,9031.771,2000,5474.593,9626.355,2000,5562.809,9117.617,2000,4887.174,8929.391,2000,5513.055,9690.21,2000,5155.38,8844.162,2000,5186.933,9412.204,2000,4884.59,9554.235,2000,5637.139
9510.525,2000,4920.538,9110.126,2000,5720.451,9031.523,2000,5474.686,9628.263,2000,5564.568,9117.03,2000,4884.646,8930.074,2000,5515.506,9692.576,2000,5154.315,8841.589,2000,5186.603,9413.382,2000,4882.278,9556.183,2000,5638.854
9511.41,2000,4918.801,9109.204,2000,5722.169,9031.342,2000,5474.759,9629.726,2000,5565.857,9116.59,2000,4882.747,8930.647,2000,5517.329,9694.354,2000,5153.515,8839.655,2000,5186.354,9414.306,2000,4880.561,9557.616,2000,5640.176
9512.531,2000,4916.716,9108.084,2000,5724.254,9031.125,2000,5474.851,9631.466,2000,5567.461,9116.055,2000,4880.441,8931.416,2000,5519.519,9696.513,2000,5152.543,8837.308,2000,5186.052,9415.38,2000,4878.451,9559.393,2000,5641.74
9513.522,2000,4914.768,9107.05,2000,5726.18,9030.929,2000,5474.939,9633.105,2000,5568.906,9115.561,2000,4878.313,8932.191,2000,5521.515,9698.506,2000,5151.646,8835.14,2000,5185.774,9416.415,2000,4876.526,9560.999,2000,5643.222
9514.555,2000,4912.849,9106.019,2000,5728.1,9030.736,2000,5475.03,9634.708,2000,5570.383,9115.067,2000,4876.189,8933.028,2000,5523.479,9700.493,2000,5150.751,8832.978,2000,5185.496,9417.404,2000,4874.584,9562.635,2000,5644.662
9515.251,2000,4911.481,9105.293,2000,5729.452,9030.604,2000,5475.096,9635.859,2000,5571.397,9114.721,2000,4874.695,8933.662,2000,5524.841,9701.892,2000,5150.122,8831.456,2000,5185.301,9418.131,2000,4873.233,9563.763,2000,5645.702
9516.597,2000,4908.979,9103.949,2000,5731.955,9030.36,2000,5475.22,9637.948,2000,5573.323,9114.078,2000,4871.927,8934.918,2000,5527.322,9704.482,2000,5148.956,8828.638,2000,5184.939,9419.42,2000,4870.701,9565.895,2000,5647.58
9517.593,2000,4907.022,9102.91,2000,5733.89,9030.177,2000,5475.32,9639.597,2000,5574.775,9113.582,2000,4869.788,8935.95,2000,5529.207,9706.485,2000,5148.055,8826.459,2000,5184.659,9420.46,2000,4868.767,9567.509,2000,5649.069
9518.635,2000,4905.085,9101.87,2000,5735.828,9029.997,2000,5475.423,9641.213,2000,5576.266,9113.085,2000,4867.646,8937.044,2000,5531.057,9708.49,2000,5147.152,8824.278,2000,5184.379,9421.458,2000,4866.807,9569.159,2000,5650.522
9519.431,2000,4903.521,9101.04,2000,5737.374,9029.856,2000,5475.507,9642.529,2000,5577.425,9112.688,2000,4865.936,8937.965,2000,5532.504,9710.091,2000,5146.432,8822.538,2000,5184.155,9422.289,2000,4865.262,9570.449,2000,5651.712
9520.692,2000,4901.175,9099.779,2000,5739.721,9029.647,2000,5475.637,9644.488,2000,5579.231,9112.086,2000,4863.341,8939.433,2000,5534.652,9712.521,2000,5145.339,8819.896,2000,5183.816,9423.498,2000,4862.888,9572.448,2000,5653.473
9521.697,2000,4899.201,9098.731,2000,5741.672,9029.479,2000,5475.749,9646.15,2000,5580.695,9111.585,2000,4861.183,8940.593,2000,5536.476,9714.54,2000,5144.43,8817.698,2000,5183.534,9424.547,2000,4860.937,9574.077,2000,5654.974
9522.748,2000,4897.247,9097.682,2000,5743.628,9029.315,2000,5475.866,9647.782,2000,5582.2,9111.083,2000,4859.021,8941.694,2000,5538.339,9716.563,2000,5143.519,8815.497,2000,5183.251,9425.554,2000,4858.959,9575.743,2000,5656.441
9523.758,2000,4895.264,9096.629,2000,5745.588,9029.157,2000,5475.987,9649.452,2000,5583.67,9110.58,2000,4856.853,8942.737,2000,5540.242,9718.593,2000,5142.606,8813.29,2000,5182.967,9426.607,2000,4856.999,9577.379,2000,5657.95
9524.394,2000,4894.081,9095.994,2000,5746.771,9029.065,2000,5476.063,9650.439,2000,5584.581,9110.276,2000,4855.545,8943.328,2000,5541.411,9719.817,2000,5142.055,8811.958,2000,5182.796,9427.217,2000,4855.802,9578.387,2000,5658.837
9525.809,2000,4891.302,9094.519,2000,5749.519,9028.858,2000,5476.244,9652.779,2000,5586.642,9109.571,2000,4852.507,8944.611,2000,5544.167,9722.661,2000,5140.775,8808.865,2000,5182.399,9428.694,2000,4853.056,9580.68,2000,5660.952
9526.868,2000,4889.331,9093.46,2000,5751.491,9028.708,2000,5476.367,9654.424,2000,5588.159,9109.065,2000,4850.327,8945.598,2000,5546.116,9724.702,2000,5139.856,8806.646,2000,5182.114,9429.71,2000,4851.062,9582.359,2000,5662.431
9527.675,2000,4887.746,9092.618,2000,5753.058,9028.591,2000,5476.466,9655.759,2000,5589.334,9108.663,2000,4848.595,8946.432,2000,5547.638,9726.324,2000,5139.126,8804.882,2000,5181.887,9430.553,2000,4849.495,9583.667,2000,5663.636
9528.957,2000,4885.362,9091.338,2000,5755.443,9028.416,2000,5476.617,9657.749,2000,5591.169,9108.051,2000,4845.958,8947.776,2000,5549.914,9728.793,2000,5138.016,8802.196,2000,5181.542,9431.781,2000,4847.083,9585.698,2000,5665.425
9529.977,2000,4883.359,9090.274,2000,5757.423,9028.275,2000,5476.745,9659.436,2000,5592.655,9107.543,2000,4843.768,8948.955,2000,5551.766,9730.843,2000,5137.093,8799.967,2000,5181.256,9432.846,2000,4845.103,9587.351,2000,5666.949
9530.832,2000,4881.768,9089.42,2000,5759.015,9028.165,2000,5476.849,9660.764,2000,5593.88,9107.135,2000,4842.008,8949.951,2000,5553.223,9732.49,2000,5136.352,8798.175,2000,5181.026,9433.666,2000,4843.493,9588.707,2000,5668.143
9532.334,2000,4878.818,9087.854,2000,5761.93,9027.969,2000,5477.041,9663.247,2000,5596.067,9106.387,2000,4838.784,8951.862,2000,5555.833,9735.508,2000,5134.993,8794.893,2000,5180.605,9435.233,2000,4840.578,9591.14,2000,5670.387
9532.691,2000,4878.155,9087.498,2000,5762.594,9027.926,2000,5477.085,9663.801,2000,5596.578,9106.217,2000,4838.05,8952.316,2000,5556.412,9736.195,2000,5134.684,8794.146,2000,5180.509,9435.575,2000,4839.907,9591.705,2000,5670.885
9534.127,2000,4875.336,9086.002,2000,5765.381,9027.748,2000,5477.272,9666.175,2000,5598.669,9105.502,2000,4834.969,8954.303,2000,5558.782,9739.08,2000,5133.386,8791.008,2000,5180.106,9437.073,2000,4837.121,9594.03,2000,5673.029
9535.193,2000,4873.354,9084.938,2000,5767.364,9027.627,2000,5477.407,9667.829,2000,5600.195,9104.993,2000,4832.776,8955.771,2000,5560.421,9741.133,2000,5132.462,8788.775,2000,5179.819,9438.095,2000,4835.115,9595.719,2000,5674.517
9536.125,2000,4871.524,9083.967,2000,5769.173,9027.52,2000,5477.531,9669.37,2000,5601.552,9104.529,2000,4830.776,8957.157,2000,5561.872,9743.005,2000,5131.619,8786.739,2000,5179.558,9439.067,2000,4833.307,9597.228,2000,5675.908
9537.724,2000,4868.552,9082.37,2000,5772.146,9027.349,2000,5477.735,9671.852,2000,5603.84,9103.767,2000,4827.488,8959.515,2000,5564.182,9746.083,2000,5130.234,8783.392,2000,5179.127,9440.599,2000,4830.299,9599.761,2000,5678.139
9538.425,2000,4867.175,9081.639,2000,5773.508,9027.274,2000,5477.83,9673.012,2000,5604.861,9103.417,2000,4825.983,8960.628,2000,5565.203,9747.492,2000,5129.6,8781.858,2000,5178.931,9441.331,2000,4828.938,9600.896,2000,5679.187
9539.431,2000,4865.304,9080.634,2000,5775.379,9027.175,2000,5477.961,9674.573,2000,5606.301,9102.937,2000,4823.914,8962.203,2000,5566.556,9749.429,2000,5128.728,8779.752,2000,5178.66,9442.295,2000,4827.045,9602.49,2000,5680.591
9540.25,2000,4863.694,9079.779,2000,5776.97,9027.093,2000,5478.073,9675.929,2000,5607.495,9102.528,2000,4822.154,8963.58,2000,5567.663,9751.076,2000,5127.987,8777.96,2000,5178.43,9443.15,2000,4825.455,9603.818,2000,5681.815
9541.554,2000,4861.271,9078.478,2000,5779.395,9026.972,2000,5478.244,9677.951,2000,5609.361,9101.906,2000,4819.474,8965.731,2000,5569.278,9753.586,2000,5126.857,8775.23,2000,5178.08,9444.399,2000,4823.002,9605.884,2000,5683.634
9542.589,2000,4859.237,9077.397,2000,5781.405,9026.876,2000,5478.386,9679.664,2000,5610.869,9101.391,2000,4817.25,8967.558,2000,5570.559,9755.667,2000,5125.921,8772.967,2000,5177.789,9445.48,2000,4820.992,9607.562,2000,5685.182
9543.673,2000,4857.223,9076.315,2000,5783.421,9026.784,2000,5478.53,9681.346,2000,5612.42,9100.873,2000,4815.022,8969.429,2000,5571.782,9757.753,2000,5124.982,8770.697,2000,5177.498,9446.519,2000,4818.954,9609.278,2000,5686.694
9544.711,2000,4855.183,9075.232,2000,5785.438,9026.695,2000,5478.674,9683.063,2000,5613.933,9100.355,2000,4812.792,8971.34,2000,5572.943,9759.84,2000,5124.042,8768.427,2000,5177.206,9447.603,2000,4816.938,9610.961,2000,5688.246
9545.365,2000,4853.967,9074.579,2000,5786.654,9026.645,2000,5478.761,9684.078,2000,5614.869,9100.043,2000,4811.448,8972.515,2000,5573.605,9761.099,2000,5123.476,8767.058,2000,5177.03,9448.229,2000,4815.708,9611.997,2000,5689.158
9546.818,2000,4851.112,9073.063,2000,5789.476,9026.529,2000,5478.963,9686.482,2000,5616.986,9099.318,2000,4808.327,8975.289,2000,5575.051,9764.02,2000,5122.161,8763.88,2000,5176.622,9449.746,2000,4812.887,9614.353,2000,5691.33
9548.337,2000,4848.288,9071.547,2000,5792.301,9026.421,2000,5479.166,9688.84,2000,5619.16,9098.594,2000,4805.203,8978.11,2000,5576.407,9766.943,2000,5120.845,8760.699,2000,5176.213,9451.201,2000,4810.029,9616.759,2000,5693.45
9548.691,2000,4847.593,9071.178,2000,5792.989,9026.396,2000,5479.215,9689.426,2000,5619.675,9098.417,2000,4804.443,8978.807,2000,5576.714,9767.655,2000,5120.525,8759.925,2000,5176.114,9451.571,2000,4809.341,9617.333,2000,5693.979
9550.061,2000,4845.047,9069.811,2000,5795.536,9026.307,2000,5479.399,9691.551,2000,5621.635,9097.764,2000,4801.627,8981.423,2000,5577.766,9770.292,2000,5119.338,8757.058,2000,5175.746,9452.883,2000,4806.765,9619.503,2000,5695.89
9551.111,2000,4842.984,9068.716,2000,5797.575,9026.239,2000,5479.546,9693.288,2000,5623.166,9097.24,2000,4799.372,8983.543,2000,5578.539,9772.403,2000,5118.388,8754.762,2000,5175.451,9453.979,2000,4804.726,9621.205,2000,5697.459
9552.202,2000,4840.955,9067.626,2000,5799.604,9026.178,2000,5479.693,9694.981,2000,5624.727,9096.72,2000,4797.128,8985.625,2000,5579.376,9774.504,2000,5117.443,8752.478,2000,5175.157,9455.024,2000,4802.673,9622.934,2000,5698.981
9553.247,2000,4838.902,9066.536,2000,5801.634,9026.122,2000,5479.84,9696.71,2000,5626.25,9096.199,2000,4794.884,8987.678,2000,5580.281,9776.604,2000,5116.498,8750.192,2000,5174.864,9456.115,2000,4800.644,9624.627,2000,5700.543
9553.906,2000,4837.676,9065.878,2000,5802.86,9026.092,2000,5479.93,9697.733,2000,5627.193,9095.885,2000,4793.528,8988.899,2000,5580.868,9777.874,2000,5115.926,8748.812,2000,5174.687,9456.747,2000,4799.404,9625.671,2000,5701.463
9555.581,2000,4834.387,9064.132,2000,5806.113,9026.019,2000,5480.168,9700.504,2000,5629.633,9095.051,2000,4789.932,8992.087,2000,5582.53,9781.24,2000,5114.411,8745.15,2000,5174.216,9458.495,2000,4796.153,9628.385,2000,5703.966
9556.238,2000,4833.164,9063.476,2000,5807.335,9025.994,2000,5480.257,9701.524,2000,5630.574,9094.737,2000,4788.58,8993.266,2000,5583.195,9782.506,2000,5113.841,8743.773,2000,5174.04,9459.125,2000,4794.916,9629.427,2000,5704.883
9557.846,2000,4830.006,9061.799,2000,5810.458,9025.926,2000,5480.481,9704.184,2000,5632.917,9093.937,2000,4785.128,8996.329,2000,5584.792,9785.737,2000,5112.387,8740.259,2000,5173.588,9460.804,2000,4791.795,9632.032,2000,5707.286
9558.575,2000,4828.649,9061.069,2000,5811.815,9025.898,2000,5480.578,9705.316,2000,5633.961,9093.588,2000,4783.627,8997.685,2000,5585.443,9787.143,2000,5111.755,8738.73,2000,5173.392,9461.503,2000,4790.421,9633.188,2000,5708.304
9559.522,2000,4826.789,9060.082,2000,5813.654,9025.863,2000,5480.709,9706.883,2000,5635.341,9093.116,2000,4781.594,8999.549,2000,5586.265,9789.046,2000,5110.898,8736.66,2000,5173.126,9462.491,2000,4788.583,9634.723,2000,5709.719
9561.151,2000,4823.759,9058.455,2000,5816.685,9025.81,2000,5480.924,9709.412,2000,5637.673,9092.339,2000,4778.243,9002.667,2000,5587.519,9792.183,2000,5109.487,8733.248,2000,5172.688,9464.052,2000,4785.518,9637.304,2000,5711.992
9561.519,2000,4823.039,9058.072,2000,5817.397,9025.799,2000,5480.974,9710.02,2000,5638.208,9092.156,2000,4777.455,9003.41,2000,5587.79,9792.92,2000,5109.155,8732.445,2000,5172.584,9464.435,2000,4784.806,9637.898,2000,5712.541
9562.905,2000,4820.46,9056.688,2000,5819.977,9025.761,2000,5481.156,9712.172,2000,5640.192,9091.494,2000,4774.603,9006.131,2000,5588.683,9795.59,2000,5107.953,8729.541,2000,5172.211,9465.763,2000,4782.196,9640.096,2000,5714.476
9563.958,2000,4818.392,9055.59,2000,5822.022,9025.734,2000,5481.299,9713.914,2000,5641.727,9090.97,2000,4772.342,9008.311,2000,5589.319,9797.706,2000,5107,8727.239,2000,5171.916,9466.862,2000,4780.152,9641.802,2000,5716.049
9565.058,2000,4816.347,9054.492,2000,5824.067,9025.711,2000,5481.441,9715.62,2000,5643.3,9090.445,2000,4770.081,9010.511,2000,5589.885,9799.822,2000,5106.048,8724.938,2000,5171.62,9467.915,2000,4778.083,9643.544,2000,5717.583
9566.214,2000,4814.077,9053.287,2000,5826.312,9025.689,2000,5481.597,9717.532,2000,5644.984,9089.869,2000,4767.599,9012.945,2000,5590.426,9802.146,2000,5105.002,8722.41,2000,5171.295,9469.122,2000,4775.84,9645.417,2000,5719.311
9567.359,2000,4811.946,9052.143,2000,5828.442,9025.672,2000,5481.744,9719.311,2000,5646.624,9089.322,2000,4765.242,9015.273,2000,5590.864,9804.352,2000,5104.01,8720.011,2000,5170.987,9470.22,2000,4773.684,9647.232,2000,5720.909
9568.053,2000,4810.585,9051.42,2000,5829.788,9025.663,2000,5481.836,9720.457,2000,5647.633,9088.978,2000,4763.754,9016.752,2000,5591.093,9805.744,2000,5103.383,8718.496,2000,5170.792,9470.943,2000,4772.339,9648.355,2000,5721.944
9568.944,2000,4808.927,9050.529,2000,5831.447,9025.654,2000,5481.95,9721.842,2000,5648.91,9088.552,2000,4761.92,9018.584,2000,5591.315,9807.462,2000,5102.61,8716.628,2000,5170.553,9471.798,2000,4770.661,9649.769,2000,5723.189
9570.419,2000,4806.031,9048.992,2000,5834.311,9025.642,2000,5482.144,9724.28,2000,5651.058,9087.817,2000,4758.754,9021.756,2000,5591.594,9810.426,2000,5101.276,8713.404,2000,5170.139,9473.337,2000,4767.798,9652.157,2000,5725.392
9571.522,2000,4803.979,9047.891,2000,5836.363,9025.637,2000,5482.282,9725.992,2000,5652.637,9087.291,2000,4756.485,9024.035,2000,5591.72,9812.55,2000,5100.32,8711.094,2000,5169.842,9474.394,2000,4765.723,9653.905,2000,5726.932
9572.362,2000,4802.331,9047.016,2000,5837.993,9025.635,2000,5482.391,9727.381,2000,5653.86,9086.873,2000,4754.683,9025.849,2000,5591.761,9814.237,2000,5099.561,8709.258,2000,5169.606,9475.271,2000,4764.093,9655.266,2000,5728.186
9573.692,2000,4799.857,9045.687,2000,5840.468,9025.635,2000,5482.555,9729.445,2000,5655.765,9086.238,2000,4751.946,9028.602,2000,5591.732,9816.799,2000,5098.408,8706.472,2000,5169.248,9476.545,2000,4761.59,9657.373,2000,5730.042
9574.648,2000,4797.979,9044.689,2000,5842.324,9025.638,2000,5482.677,9731.026,2000,5657.157,9085.762,2000,4749.894,9030.665,2000,5591.644,9818.72,2000,5097.543,8704.382,2000,5168.979,9477.543,2000,4759.734,9658.922,2000,5731.471
9576.288,2000,4794.93,9043.052,2000,5845.375,9025.646,2000,5482.876,9733.572,2000,5659.504,9084.979,2000,4746.521,9034.05,2000,5591.387,9821.877,2000,5096.122,8700.947,2000,5168.539,9479.114,2000,4756.649,9661.521,2000,5733.759
9576.659,2000,4794.202,9042.665,2000,5846.095,9025.65,2000,5482.923,9734.186,2000,5660.045,9084.795,2000,4745.725,9034.847,2000,5591.3,9822.622,2000,5095.787,8700.137,2000,5168.435,9479.502,2000,4755.929,9662.121,2000,5734.313
9578.207,2000,4791.324,9041.119,2000,5848.973,9025.666,2000,5483.108,9736.587,2000,5662.26,9084.057,2000,4742.542,9038.018,2000,5590.849,9825.602,2000,5094.446,8696.896,2000,5168.019,9480.984,2000,4753.017,9664.573,2000,5736.473
9578.903,2000,4789.958,9040.394,2000,5850.324,9025.676,2000,5483.193,9737.738,2000,5663.273,9083.71,2000,4741.048,9039.498,2000,5590.589,9827,2000,5093.816,8695.375,2000,5167.823,9481.711,2000,4751.667,9665.7,2000,5737.512
9580.238,2000,4787.476,9039.061,2000,5852.807,9025.696,2000,5483.35,9739.81,2000,5665.184,9083.073,2000,4738.303,9042.201,2000,5590.022,9829.569,2000,5092.66,8692.58,2000,5167.464,9482.989,2000,4749.155,9667.814,2000,5739.375
9581.285,2000,4785.419,9037.969,2000,5854.84,9025.717,2000,5483.476,9741.541,2000,5666.708,9082.552,2000,4736.055,9044.428,2000,5589.631,9831.673,2000,5091.713,8690.292,2000,5167.17,9484.082,2000,4747.124,9669.511,2000,5740.938
9582.264,2000,4783.601,9036.991,2000,5856.66,9025.738,2000,5483.588,9743.06,2000,5668.109,9082.085,2000,4734.043,9046.432,2000,5589.346,9833.557,2000,5090.865,8688.243,2000,5166.907,9485.02,2000,4745.283,9671.061,2000,5742.304
9583.749,2000,4780.683,9035.442,2000,5859.544,9025.778,2000,5483.763,9745.517,2000,5670.273,9081.345,2000,4730.854,9049.622,2000,5588.999,9836.542,2000,5089.521,8684.996,2000,5166.49,9486.57,2000,4742.399,9673.468,2000,5744.523
9584.119,2000,4779.995,9035.072,2000,5860.233,9025.789,2000,5483.804,9746.091,2000,5670.803,9081.168,2000,4730.093,9050.387,2000,5588.94,9837.255,2000,5089.201,8684.221,2000,5166.391,9486.925,2000,4741.703,9674.055,2000,5745.04
9585.814,2000,4776.665,9033.305,2000,5863.524,9025.848,2000,5483.998,9748.895,2000,5673.272,9080.323,2000,4726.454,9054.048,2000,5588.783,9840.662,2000,5087.667,8680.515,2000,5165.915,9488.694,2000,4738.413,9676.801,2000,5747.573
9586.481,2000,4775.425,9032.639,2000,5864.764,9025.867,2000,5484.071,9749.929,2000,5674.226,9080.005,2000,4725.083,9055.426,2000,5588.678,9841.945,2000,5087.09,8679.119,2000,5165.735,9489.333,2000,4737.158,9677.857,2000,5748.503
9587.649,2000,4773.13,9031.421,2000,5867.033,9025.904,2000,5484.204,9751.861,2000,5675.928,9079.423,2000,4722.574,9057.941,2000,5588.404,9844.294,2000,5086.033,8676.564,2000,5165.407,9490.553,2000,4734.89,9679.751,2000,5750.249
9588.859,2000,4770.88,9030.212,2000,5869.285,9025.944,2000,5484.334,9753.74,2000,5677.661,9078.846,2000,4720.085,9060.429,2000,5588.051,9846.624,2000,5084.984,8674.03,2000,5165.082,9491.712,2000,4732.613,9681.669,2000,5751.938
9590.284,2000,4768.081,9028.726,2000,5872.052,9025.997,2000,5484.492,9756.098,2000,5679.737,9078.136,2000,4717.025,9063.474,2000,5587.516,9849.488,2000,5083.695,8670.914,2000,5164.681,9493.2,2000,4729.846,9683.979,2000,5754.067
9591.023,2000,4766.705,9027.987,2000,5873.428,9026.025,2000,5484.569,9757.245,2000,5680.795,9077.783,2000,4715.504,9064.979,2000,5587.2,9850.912,2000,5083.054,8669.365,2000,5164.482,9493.908,2000,4728.455,9685.15,2000,5755.099
