9263,1451.672,5298
9263,1451.672,5298
9263,1451.672,5298
9263,1451.672,5298
9263,1451.672,5298
9263,1451.672,5298
9263,1451.672,5298
9263,1451.672,5298
9263,1451.672,5298
9263,1451.672,5298
9263,1451.672,5298
9263,1451.672,5298
9263,1451.672,5298
9263,1451.672,5298
9263,1451.672,5298
9263,1451.672,5298
9263,1451.672,5298
9263,1451.672,5298
9263,1451.672,5298
9263,1451.672,5298
9263,1451.672,5298
9263,1451.672,5298
9263,1451.672,5298
9263,1451.672,5298
9263,1451.672,5298
9263,1451.672,5298
9263,1451.672,5298
9263,1451.672,5298
9263,1451.672,5298
9263,1451.672,5298
9263,1451.672,5298
9263,1451.672,5298
9263,1451.672,5298
9263,1451.672,5298
9263,1451.672,5298
9263,1451.672,5298
9263,1451.672,5298
9263,1451.672,5298
9263,1451.672,5298
9263,1451.672,5298
9263,1451.672,5298
9263,1451.672,5298
9263,1451.672,5298
9263,1451.672,5298
9263,1451.672,5298
9263,1451.672,5298
9263,1451.672,5298
9263,1451.672,5298
9263,1451.672,5298
9263,1451.672,5298
9263,1451.672,5298
9263,1451.672,5298
9263,1451.672,5298
9263,1451.672,5298
9263,1451.672,5298
9263,1451.672,5298
9263,1451.672,5298
9263,1451.672,5298
9263,1451.672,5298
9263,1451.672,5298
9263,1451.672,5298
9263,1451.672,5298
9263,1451.672,5298
9263,1451.672,5298
9263,1451.672,5298
9263,1451.672,5298
9263,1451.672,5298
9263,1451.672,5298
9263,1451.672,5298
9263,1451.672,5298
9263,1451.672,5298
9263,1451.672,5298
9263,1451.672,5298
9263,1451.672,5298
9263,1451.672,5298
9263,1451.672,5298
9263,1451.672,5298
9263,1451.672,5298
9263,1451.672,5298
9263,1451.672,5298
9263,1451.672,5298
9263,1451.672,5298
9263,1451.672,5298
9263,1451.672,5298
9263,1451.672,5298
9263,1451.672,5298
9263,1451.672,5298
9263,1451.672,5298
9263,1451.672,5298
9263,1451.672,5298
9263,1451.672,5298
9263,1451.672,5298
9263,1451.672,5298
9263,1451.672,5298
9263,1451.672,5298
9263,1451.672,5298
9263,1451.672,5298
9263,1451.672,5298
9263,1451.672,5298
9263,1451.672,5298
9263,1451.672,5298
9263,1451.672,5298
9263,1451.672,5298
9263,1451.672,5298
9263,1451.672,5298
9263,1451.672,5298
9263,1451.672,5298
9263,1451.672,5298
9263,1451.672,5298
9263,1451.672,5298
9263,1451.672,5298
9263,1451.672,5298
9263,1451.672,5298
9263,1451.672,5298
9263,1451.672,5298
9263,1451.672,5298
9263,1451.672,5298
9263,1451.672,5298
9263,1451.672,5298
9263,1451.672,5298
9263,1451.672,5298
9263,1451.672,5298
9263,1451.672,5298
9263,1451.672,5298
9263,1451.672,5298
9263,1451.672,5298
9263.001,1451.672,5298
9263.002,1451.672,5297.999
9263.002,1451.672,5297.999
9263.003,1451.672,5297.999
9263.003,1451.672,5297.998
9263.004,1451.672,5297.999
9263.004,1451.672,5297.998
9263.005,1451.672,5297.998
9263.006,1451.672,5297.998
9263.007,1451.672,5297.998
9263.007,1451.672,5297.998
9263.007,1451.672,5297.997
9263.008,1451.672,5297.997
9263.008,1451.672,5297.997
9263.01,1451.672,5297.997
9263.011,1451.672,5297.997
9263.011,1451.672,5297.997
9263.012,1451.672,5297.996
9263.012,1451.672,5297.996
9263.013,1451.672,5297.996
9263.013,1451.672,5297.996
9263.014,1451.672,5297.996
9263.015,1451.672,5297.996
9263.015,1451.672,5297.996
9263.016,1451.672,5297.996
9263.016,1451.672,5297.996
9263.017,1451.672,5297.996
9263.018,1451.672,5297.996
9263.019,1451.672,5297.996
9263.02,1451.672,5297.996
9263.02,1451.672,5297.996
9263.02,1451.672,5297.996
9263.021,1451.672,5297.996
9263.021,1451.672,5297.996
9263.021,1451.672,5297.996
9263.022,1451.672,5297.996
9263.022,1451.672,5297.996
9263.023,1451.672,5297.996
9263.023,1451.672,5297.996
9263.025,1451.672,5297.996
9263.025,1451.672,5297.996
9263.026,1451.672,5297.997
9263.027,1451.672,5297.997
9263.027,1451.672,5297.997
9263.027,1451.672,5297.998
9263.024,1451.672,5298.001
9262.969,1451.672,5298.074
9262.941,1451.673,5298.107
9262.754,1451.673,5298.34
9262.622,1451.673,5298.5
9262.354,1451.674,5298.819
9262.078,1451.675,5299.144
9261.852,1451.675,5299.406
9261.526,1451.676,5299.775
9261.173,1451.676,5300.172
9260.86,1451.676,5300.517
9260.299,1451.677,5301.125
9260.042,1451.677,5301.399
9259.234,1451.677,5302.245
9258.507,1451.678,5302.991
9258.06,1451.678,5303.438
9257.709,1451.678,5303.787
9257.149,1451.678,5304.335
9256.401,1451.678,5305.058
9255.793,1451.679,5305.632
9255.063,1451.679,5306.311
9254.3,1451.679,5307.01
9253.338,1451.679,5307.87
9252.684,1451.679,5308.447
9251.476,1451.68,5309.489
9250.88,1451.68,5309.992
9249.648,1451.68,5311.012
9249.015,1451.68,5311.527
9248.492,1451.68,5311.948
9246.477,1451.68,5313.523
9245.547,1451.68,5314.236
9245.282,1451.68,5314.436
9243.634,1451.681,5315.655
9242.814,1451.681,5316.247
9241.438,1451.681,5317.217
9240.032,1451.681,5318.186
9238.832,1451.681,5318.993
9237.778,1451.681,5319.691
9237.354,1451.681,5319.966
9234.818,1451.681,5321.566
9233.66,1451.681,5322.282
9233.332,1451.681,5322.48
9231.304,1451.681,5323.678
9230.305,1451.681,5324.252
9228.926,1451.681,5325.029
9227.096,1451.682,5326.026
9226.295,1451.681,5326.455
9224.173,1451.682,5327.557
9223.194,1451.682,5328.052
9221.71,1451.682,5328.781
9220.205,1451.682,5329.501
9218.684,1451.682,5330.21
9217.143,1451.682,5330.906
9215.583,1451.682,5331.588
9214.327,1451.682,5332.124
9211.767,1451.682,5333.17
9210.154,1451.682,5333.805
9209.611,1451.682,5334.012
9207.087,1451.682,5334.947
9205.697,1451.682,5335.439
9203.973,1451.682,5336.032
9202.489,1451.682,5336.52
9199.651,1451.682,5337.411
9198.483,1451.682,5337.767
9198.016,1451.682,5337.906
9193.342,1451.682,5339.214
9192.485,1451.682,5339.445
9191.357,1451.682,5339.75
9189.176,1451.681,5340.341
9188.778,1451.681,5340.449
9187.282,1451.681,5340.854
9185.28,1451.68,5341.397
9184.302,1451.68,5341.662
9182.881,1451.679,5342.046
9181.323,1451.679,5342.468
9180.163,1451.679,5342.782
9177.862,1451.678,5343.405
9177.553,1451.678,5343.489
9175.92,1451.678,5343.932
9175.141,1451.677,5344.143
9172.753,1451.677,5344.788
9172.538,1451.677,5344.846
9172.311,1451.677,5344.907
9170.655,1451.677,5345.357
9169.46,1451.676,5345.681
9168.541,1451.676,5345.93
9168.296,1451.676,5345.997
9166.656,1451.676,5346.44
9165.779,1451.675,5346.678
9164.984,1451.675,5346.893
9164.429,1451.675,5347.043
9163.544,1451.675,5347.283
9162.437,1451.675,5347.583
9161.602,1451.675,5347.809
9161.42,1451.674,5347.858
9160.564,1451.674,5348.089
9159.764,1451.674,5348.306
9159.273,1451.674,5348.439
9158.499,1451.674,5348.648
9157.875,1451.674,5348.818
9157.39,1451.674,5348.95
9156.801,1451.674,5349.109
9155.785,1451.674,5349.383
9155.649,1451.673,5349.42
9155.138,1451.673,5349.559
9154.451,1451.673,5349.746
9154.111,1451.673,5349.837
9153.082,1451.675,5350.117
9152.719,1451.686,5350.216
9152.363,1451.699,5350.312
9152.037,1451.726,5350.4
9151.491,1451.797,5350.547
9151.048,1451.862,5350.667
9150.969,1451.878,5350.688
9150.454,1451.995,5350.828
9150.203,1452.064,5350.896
9149.859,1452.169,5350.989
9149.469,1452.309,5351.095
9149.068,1452.472,5351.203
9148.823,1452.584,5351.269
9148.499,1452.747,5351.357
9148.185,1452.921,5351.441
9147.88,1453.106,5351.524
9147.557,1453.325,5351.612
9147.226,1453.567,5351.702
9147.022,1453.728,5351.756
9146.753,1453.955,5351.83
9146.492,1454.192,5351.9
9146.143,1454.538,5351.996
9145.98,1454.709,5352.04
9145.76,1454.957,5352.101
9145.456,1455.321,5352.182
9145.308,1455.511,5352.223
9144.958,1455.988,5352.316
9144.906,1456.063,5352.33
9144.591,1456.543,5352.416
9144.334,1456.96,5352.485
9144.287,1457.041,5352.498
9144.04,1457.482,5352.565
9143.923,1457.704,5352.598
9143.761,1458.02,5352.642
9143.479,1458.606,5352.717
9143.4,1458.782,5352.739
9143.321,1458.96,5352.76
9143.063,1459.577,5352.829
9142.936,1459.893,5352.863
9142.888,1460.021,5352.876
9142.653,1460.661,5352.939
9142.543,1460.978,5352.969
9142.43,1461.314,5352.999
9142.207,1462.02,5353.058
9142.176,1462.12,5353.066
9142.017,1462.662,5353.108
9141.94,1462.932,5353.129
9141.838,1463.314,5353.156
9141.717,1463.77,5353.188
9141.611,1464.198,5353.216
9141.542,1464.482,5353.234
9141.423,1464.99,5353.266
9141.223,1465.914,5353.32
9141.152,1466.262,5353.339
9141.092,1466.561,5353.355
9141.071,1466.671,5353.361
9140.97,1467.203,5353.388
9140.875,1467.718,5353.414
9140.818,1468.046,5353.428
9140.742,1468.495,5353.45
9140.668,1468.947,5353.47
9140.598,1469.403,5353.489
9140.562,1470.01,5353.501
9140.587,1470.318,5353.499
9140.726,1470.932,5353.475
9140.835,1471.244,5353.454
9141.157,1471.895,5353.388
9141.447,1472.363,5353.33
9141.68,1472.677,5353.281
9142.209,1473.308,5353.172
9142.674,1473.783,5353.076
9143.337,1474.388,5352.936
9143.706,1474.713,5352.859
9143.86,1474.839,5352.827
9145.295,1475.897,5352.524
9146.218,1476.535,5352.329
9146.798,1476.924,5352.207
9147.214,1477.206,5352.119
9147.39,1477.328,5352.082
9148.426,1478.073,5351.862
9148.91,1478.434,5351.759
9149.678,1479.028,5351.597
9150.294,1479.52,5351.466
9150.893,1480.018,5351.339
9151.472,1480.513,5351.216
9152.034,1481.015,5351.097
9152.577,1481.512,5350.982
9153.001,1481.913,5350.893
9153.517,1482.415,5350.783
9154.21,1483.117,5350.637
9154.37,1483.285,5350.603
9155.027,1483.992,5350.464
9155.333,1484.334,5350.399
9155.863,1484.942,5350.287
9156.554,1485.776,5350.14
9156.656,1485.903,5350.118
9157.254,1486.669,5349.992
9157.637,1487.179,5349.911
9157.885,1487.52,5349.858
9158.369,1488.207,5349.756
9159.052,1489.235,5349.612
9159.228,1489.503,5349.575
9159.281,1489.588,5349.563
9159.573,1490.056,5349.501
9159.982,1490.741,5349.415
9160.185,1491.086,5349.373
9160.504,1491.656,5349.305
9160.794,1492.187,5349.243
9160.979,1492.538,5349.204
9161.398,1493.363,5349.115
9161.483,1493.536,5349.097
9161.809,1494.334,5349.028
9161.912,1494.771,5349.008
9161.986,1495.442,5348.999
9161.984,1495.881,5349.005
9161.967,1496.057,5349.014
9161.762,1496.887,5349.083
9161.715,1497.01,5349.098
9161.343,1497.726,5349.22
9161.103,1498.076,5349.298
9160.515,1498.747,5349.495
9160.279,1498.988,5349.575
9160.003,1499.23,5349.671
9159.421,1499.691,5349.875
9158.686,1500.109,5350.141
9157.576,1500.558,5350.549
9157.036,1500.689,5350.752
9156.643,1500.778,5350.9
9156.464,1500.804,5350.967
9155.531,1500.885,5351.323
9154.791,1500.894,5351.606
9153.518,1500.787,5352.093
9153.347,1500.758,5352.159
9152.702,1500.647,5352.405
9151.841,1500.499,5352.735
9151.421,1500.427,5352.895
9150.803,1500.319,5353.132
9150.138,1500.205,5353.386
9149.64,1500.119,5353.577
9148.864,1499.986,5353.873
9148.508,1499.924,5354.01
9148.015,1499.839,5354.199
9147.191,1499.698,5354.514
9147.07,1499.676,5354.56
9146.545,1499.585,5354.762
9146.083,1499.506,5354.938
9145.636,1499.429,5355.109
9145.031,1499.325,5355.341
9144.351,1499.208,5355.601
9144.155,1499.174,5355.676
9144.077,1499.161,5355.706
9143.451,1499.053,5355.945
9143.108,1498.994,5356.076
9142.867,1498.952,5356.167
9142.41,1498.874,5356.343
9142.186,1498.835,5356.429
9141.827,1498.773,5356.565
9141.421,1498.692,5356.721
9141.137,1498.61,5356.829
9140.938,1498.523,5356.905
9140.623,1498.327,5357.025
9140.3,1498.07,5357.149
9140.075,1497.844,5357.234
9139.773,1497.49,5357.351
9139.587,1497.236,5357.422
9139.342,1496.855,5357.516
9139.104,1496.437,5357.607
9138.783,1495.795,5357.729
9138.708,1495.631,5357.757
9138.349,1494.832,5357.896
9138.169,1494.433,5357.964
9138.094,1494.268,5357.994
9137.685,1493.361,5358.15
9137.646,1493.278,5358.164
9137.386,1492.7,5358.264
9137.267,1492.435,5358.31
9137.043,1492.051,5358.397
9136.701,1491.605,5358.532
9136.373,1491.247,5358.665
9136.066,1490.967,5358.79
9135.499,1490.528,5359.022
9135.102,1490.258,5359.186
9134.646,1489.982,5359.373
9134.083,1489.673,5359.606
9133.471,1489.374,5359.86
9132.818,1489.085,5360.13
9132.124,1488.804,5360.419
9131.393,1488.532,5360.724
9130.618,1488.269,5361.046
9129.809,1488.014,5361.385
9128.963,1487.766,5361.737
9128.081,1487.524,5362.106
9126.857,1487.218,5362.618
9126.214,1487.067,5362.887
9124.432,1486.681,5363.633
9123.395,1486.476,5364.069
9122.33,1486.276,5364.517
9121.252,1486.082,5364.969
9120.975,1486.034,5365.085
9119.443,1485.754,5365.728
9118.672,1485.585,5366.052
9116.613,1485.066,5366.917
9115.695,1484.796,5367.303
9114.983,1484.583,5367.602
9113.872,1484.232,5368.068
9112.103,1483.689,5368.813
9110.53,1483.239,5369.474
9109.354,1482.911,5369.97
9109.021,1482.819,5370.111
9106.58,1482.08,5371.138
9104.904,1481.528,5371.843
9103.85,1481.154,5372.287
9103.148,1480.903,5372.582
9101.693,1480.387,5373.196
9098.753,1479.412,5374.434
9098.458,1479.319,5374.557
9097.607,1479.055,5374.916
9095.817,1478.517,5375.672
9093.185,1477.774,5376.791
9092.038,1477.467,5377.282
9090.648,1477.106,5377.88
9089.099,1476.717,5378.55
9087.757,1476.389,5379.135
9087.202,1476.259,5379.378
9084.71,1475.691,5380.484
9083.437,1475.414,5381.056
9081.357,1474.977,5382.003
9080.469,1474.795,5382.413
9078.106,1474.333,5383.518
9077.015,1474.127,5384.037
9074.367,1473.647,5385.315
9073.963,1473.576,5385.514
9071.625,1473.178,5386.671
9070.535,1472.998,5387.217
9068.898,1472.737,5388.048
9066.59,1472.384,5389.237
9065.052,1472.156,5390.035
9064.617,1472.092,5390.263
9061.815,1471.701,5391.746
9060.001,1471.459,5392.721
9057.667,1471.164,5393.994
9055.486,1470.895,5395.197
9054.157,1470.738,5395.944
9053.2,1470.625,5396.482
9052.784,1470.577,5396.719
9050.479,1470.283,5398.043
9049.003,1470.044,5398.909
9046.257,1469.521,5400.546
9045.139,1469.288,5401.22
9044.687,1469.185,5401.496
9042.072,1468.526,5403.118
9040.747,1468.158,5403.956
9039.102,1467.669,5405.012
9037.459,1467.144,5406.083
9035.826,1466.583,5407.171
9034.196,1465.991,5408.276
9032.572,1465.368,5409.394
9030.954,1464.716,5410.526
9029.342,1464.065,5411.674
9027.735,1463.434,5412.834
9025.646,1462.641,5414.371
9024.759,1462.31,5415.031
9022.2,1461.393,5416.967
9020.103,1460.667,5418.581
9019.709,1460.534,5418.887
9018.181,1460.029,5420.086
9014.813,1458.956,5422.779
9013.562,1458.546,5423.797
9012.491,1458.192,5424.669
9012.102,1458.055,5424.989
9009.866,1457.228,5426.844
9008.822,1456.819,5427.721
9006.661,1455.921,5429.55
9005.126,1455.252,5430.862
9004.613,1455.019,5431.305
9001.835,1453.698,5433.727
9000.144,1452.857,5435.22
8999.762,1452.661,5435.559
8997.686,1451.562,5437.429
8997.143,1451.266,5437.922
8994.158,1449.562,5440.681
8992.826,1448.779,5441.928
8992.454,1448.554,5442.281
8990.592,1447.399,5444.066
8989.12,1446.458,5445.499
8987.087,1445.113,5447.516
8986.604,1444.791,5448.001
8984.005,1443.112,5450.667
8982.431,1442.119,5452.31
8982.077,1441.901,5452.685
8979.871,1440.569,5455.067
8978.034,1439.49,5457.093
8977.012,1438.906,5458.249
8976.225,1438.458,5459.144
8974.746,1437.642,5460.865
8973.193,1436.796,5462.697
8972.262,1436.3,5463.821
8970.751,1435.511,5465.669
8969.801,1435.025,5466.852
8968.008,1434.131,5469.137
8966.828,1433.552,5470.655
8966.496,1433.391,5471.089
8964.394,1432.402,5473.883
8963.71,1432.087,5474.805
8962.195,1431.406,5476.881
8960.963,1430.863,5478.594
8959.898,1430.406,5480.101
8958.584,1429.852,5481.983
8957.563,1429.433,5483.464
8956.396,1428.964,5485.175
8955.122,1428.464,5487.076
8953.795,1427.957,5489.077
8952.958,1427.645,5490.354
8951.829,1427.232,5492.096
8950.707,1426.831,5493.846
8949.159,1426.293,5496.292
8948.792,1426.168,5496.879
8946.811,1425.515,5500.083
8945.607,1425.128,5502.048
8945.338,1425.044,5502.493
8943.924,1424.61,5504.848
8942.556,1424.2,5507.148
8942.29,1424.124,5507.597
8940.748,1423.684,5510.234
8939.921,1423.453,5511.659
8938.459,1423.058,5514.199
8938.115,1422.967,5514.805
8936.38,1422.523,5517.875
8935.423,1422.284,5519.578
8935.15,1422.217,5520.068
8933.427,1421.808,5523.18
8932.865,1421.677,5524.199
8931.386,1421.344,5526.911
8930.721,1421.198,5528.139
8929.697,1420.98,5530.04
8928.596,1420.751,5532.097
8927.735,1420.578,5533.713
8926.363,1420.308,5536.308
8926.038,1420.246,5536.928
8924.155,1419.896,5540.526
8922.876,1419.66,5542.979
8922.694,1419.626,5543.327
8921.991,1419.497,5544.674
8920.571,1419.235,5547.396
8919.639,1419.063,5549.183
8918.839,1418.915,5550.716
8918.644,1418.879,5551.09
8917.607,1418.688,5553.073
8917.116,1418.597,5554.016
8916.435,1418.472,5555.318
8915.514,1418.302,5557.083
8915.058,1418.217,5557.958
8914.19,1418.057,5559.615
8913.767,1417.979,5560.43
8913.15,1417.865,5561.61
8912.553,1417.755,5562.754
8911.973,1417.648,5563.864
8911.191,1417.504,5565.361
8910.834,1417.438,5566.048
8910.337,1417.346,5566.998
8909.663,1417.222,5568.287
8909.333,1417.161,5568.921
8908.854,1417.073,5569.838
8908.295,1416.97,5570.904
8907.85,1416.888,5571.757
8907.5,1416.824,5572.427
8906.703,1416.677,5573.95
8906.317,1416.606,5574.687
8906.082,1416.562,5575.136
8905.935,1416.535,5575.418
8905.387,1416.435,5576.465
8905.146,1416.39,5576.927
8904.794,1416.326,5577.599
8904.455,1416.263,5578.248
8904.125,1416.202,5578.878
8903.802,1416.143,5579.497
8903.295,1416.051,5580.545
8903.217,1416.037,5580.719
8902.876,1415.979,5581.516
8902.513,1415.917,5582.449
8902.217,1415.868,5583.253
8901.979,1415.829,5583.938
8901.687,1415.783,5584.826
8901.398,1415.738,5585.751
8901.114,1415.694,5586.719
8900.833,1415.651,5587.722
8900.388,1415.586,5589.414
8900.229,1415.563,5590.036
8900.003,1415.531,5590.962
8899.706,1415.489,5592.219
8899.394,1415.447,5593.602
8899.178,1415.418,5594.592
8898.874,1415.378,5596.044
8898.662,1415.351,5597.081
8898.44,1415.324,5598.198
8897.988,1415.269,5600.567
8897.803,1415.246,5601.586
8897.66,1415.229,5602.374
8897.491,1415.21,5603.324
8897.013,1415.156,5606.122
8896.952,1415.15,5606.482
8896.628,1415.115,5608.457
8896.471,1415.099,5609.442
8896.25,1415.076,5610.842
8896.018,1415.052,5612.357
8895.786,1415.03,5613.891
8895.557,1415.008,5615.443
8895.329,1414.987,5617.013
8895.104,1414.966,5618.603
8894.833,1414.942,5620.542
8894.522,1414.915,5622.821
8894.327,1414.899,5624.278
8894.272,1414.894,5624.692
8893.845,1414.86,5627.964
8893.683,1414.847,5629.231
8893.535,1414.836,5630.392
8893.349,1414.822,5631.882
8893.053,1414.8,5634.293
8892.911,1414.791,5635.454
8892.713,1414.777,5637.094
8892.503,1414.762,5638.856
8892.209,1414.743,5641.365
8892.017,1414.731,5643.025
8891.96,1414.728,5643.511
8891.674,1414.71,5646.017
8891.47,1414.698,5647.833
8891.202,1414.683,5650.247
8890.854,1414.663,5653.411
8890.733,1414.657,5654.523
8890.634,1414.652,5655.433
8890.497,1414.645,5656.711
8890.103,1414.625,5660.424
8890.053,1414.622,5660.894
8889.861,1414.614,5662.719
8889.573,1414.601,5665.5
8889.313,1414.589,5668.031
8889.167,1414.583,5669.469
8889.055,1414.578,5670.579
8888.88,1414.571,5672.311
8888.51,1414.556,5676.024
8888.361,1414.55,5677.515
8888.322,1414.549,5677.904
8888.049,1414.539,5680.674
8887.919,1414.534,5682.012
8887.587,1414.523,5685.42
8887.444,1414.518,5686.899
8887.351,1414.515,5687.875
8887.157,1414.509,5689.893
8886.828,1414.498,5693.339
8886.688,1414.495,5694.833
8886.519,1414.489,5696.634
8886.383,1414.485,5698.083
8886.174,1414.48,5700.313
8885.995,1414.475,5702.225
8885.88,1414.472,5703.473
8885.586,1414.465,5706.655
8885.524,1414.463,5707.329
8885.214,1414.456,5710.717
8885.055,1414.452,5712.457
8884.984,1414.451,5713.225
8884.641,1414.443,5717
8884.549,1414.441,5718.03
8884.365,1414.437,5720.071
8884.182,1414.433,5722.113
8883.942,1414.429,5724.786
8883.692,1414.425,5727.584
8883.57,1414.422,5728.958
8883.521,1414.421,5729.515
8883.211,1414.416,5733.001
8883.062,1414.414,5734.695
8882.903,1414.411,5736.492
8882.724,1414.408,5738.541
8882.537,1414.405,5740.676
8882.337,1414.403,5742.958
8882.234,1414.401,5744.126
8881.906,1414.396,5747.954
8881.714,1414.393,5750.243
8881.67,1414.392,5750.762
8881.367,1414.389,5754.515
8881.286,1414.387,5755.556
8881.158,1414.385,5757.237
8881.003,1414.384,5759.336
8880.795,1414.38,5762.396
8880.619,1414.378,5765.174
8880.503,1414.376,5767.267
8880.392,1414.374,5769.361
8880.29,1414.372,5771.458
8880.252,1414.371,5772.276
8880.199,1414.37,5773.58
8880.105,1414.369,5776.084
8880.024,1414.367,5778.86
8879.989,1414.366,5780.269
8879.947,1414.365,5782.369
8879.915,1414.363,5784.471
8879.891,1414.361,5786.573
8879.877,1414.36,5788.688
8879.874,1414.359,5791.322
8879.875,1414.358,5792.094
8879.893,1414.356,5794.97
8879.914,1414.355,5797.093
8879.946,1414.354,5799.201
8879.986,1414.354,5801.308
8880.049,1414.352,5804.061
8880.13,1414.351,5806.938
8880.171,1414.35,5808.349
8880.191,1414.35,5808.953
8880.344,1414.348,5813.129
8880.437,1414.347,5815.434
8880.506,1414.346,5817.017
8880.546,1414.345,5817.884
8880.695,1414.345,5820.992
8880.768,1414.344,5822.424
8880.918,1414.343,5825.218
8880.998,1414.343,5826.636
8881.122,1414.342,5828.751
8881.251,1414.341,5830.865
8881.427,1414.34,5833.628
8881.541,1414.339,5835.367
8881.712,1414.338,5837.858
8881.794,1414.338,5839.025
8882.007,1414.338,5841.987
8882.065,1414.337,5842.77
8882.319,1414.337,5846.09
8882.418,1414.336,5847.354
8882.69,1414.336,5850.758
8882.863,1414.335,5852.858
8882.922,1414.335,5853.563
8883.198,1414.334,5856.82
8883.335,1414.334,5858.384
8883.521,1414.333,5860.503
8883.712,1414.333,5862.621
8883.904,1414.332,5864.741
8884.166,1414.332,5867.541
8884.476,1414.331,5870.824
8884.517,1414.331,5871.248
8884.707,1414.33,5873.236
8884.968,1414.33,5875.891
8885.042,1414.33,5876.641
8885.47,1414.329,5880.886
8885.594,1414.329,5882.108
8885.776,1414.329,5883.887
8886.018,1414.328,5886.223
8886.212,1414.328,5888.071
8886.438,1414.328,5890.193
8886.662,1414.328,5892.316
8886.844,1414.328,5893.998
8887.197,1414.327,5897.257
8887.354,1414.327,5898.683
8887.638,1414.348,5901.261
8887.938,1414.386,5903.969
8887.999,1414.396,5904.499
8888.3,1414.443,5907.175
8888.541,1414.479,5909.299
8888.783,1414.513,5911.42
8889.084,1414.555,5914
8889.48,1414.606,5917.366
8889.733,1414.637,5919.489
8889.833,1414.649,5920.315
8890.049,1414.674,5922.098
8890.334,1414.706,5924.433
8890.563,1414.73,5926.283
8890.826,1414.757,5928.405
8891.149,1414.789,5930.984
8891.493,1414.822,5933.69
8891.561,1414.828,5934.221
8891.905,1414.858,5936.898
8892.179,1414.882,5939.02
8892.458,1414.904,5941.158
8892.806,1414.931,5943.809
8892.906,1414.939,5944.567
8893.298,1414.967,5947.508
8893.581,1414.987,5949.63
8893.866,1415.006,5951.752
8894.152,1415.025,5953.874
8894.441,1415.044,5955.997
8894.732,1415.061,5958.118
8895.022,1415.078,5960.24
8895.315,1415.094,5962.362
8895.611,1415.11,5964.484
8895.908,1415.126,5966.621
8896.302,1415.146,5969.424
8896.505,1415.155,5970.865
8896.942,1415.176,5973.973
8897.341,1415.193,5976.769
8897.417,1415.196,5977.299
8897.712,1415.209,5979.369
8898.239,1415.23,5983.044
8898.468,1415.239,5984.635
8898.619,1415.245,5985.682
8899.051,1415.26,5988.666
8899.256,1415.268,5990.078
8899.547,1415.278,5992.069
8899.855,1415.288,5994.188
8900.226,1415.3,5996.716
8900.638,1415.313,5999.534
8900.894,1415.321,6001.277
8900.964,1415.323,6001.755
8901.361,1415.335,6004.485
8901.622,1415.343,6006.262
8901.879,1415.351,6008.016
8902.121,1415.358,6009.668
8902.306,1415.364,6010.931
8902.639,1415.375,6013.229
8902.822,1415.381,6014.502
8902.938,1415.385,6015.315
8903.004,1415.387,6015.772
8903.317,1415.4,6017.984
8903.367,1415.402,6018.342
8903.457,1415.407,6018.986
8903.564,1415.412,6019.769
8903.668,1415.418,6020.519
8903.768,1415.423,6021.247
8903.865,1415.428,6021.955
8903.959,1415.433,6022.64
8904.061,1415.439,6023.371
8904.185,1415.446,6024.279
8904.276,1415.451,6024.958
8904.298,1415.453,6025.108
8904.396,1415.458,6025.805
8904.498,1415.462,6026.478
8904.611,1415.467,6027.194
8904.79,1415.473,6028.262
8904.887,1415.476,6028.803
8905.096,1415.482,6029.927
8905.152,1415.484,6030.22
8905.434,1415.489,6031.627
8905.649,1415.493,6032.654
8906.04,1415.5,6034.454
8906.229,1415.503,6035.295
8906.365,1415.505,6035.898
8906.427,1415.506,6036.169
8906.821,1415.511,6037.859
8907.022,1415.513,6038.703
8907.305,1415.516,6039.869
8907.597,1415.519,6041.063
8908.02,1415.523,6042.765
8908.124,1415.524,6043.181
8908.535,1415.527,6044.803
8908.868,1415.53,6046.097
8909.488,1415.534,6048.482
8909.757,1415.536,6049.503
8909.965,1415.537,6050.291
8910.3,1415.54,6051.552
8910.713,1415.542,6053.096
8911.048,1415.544,6054.339
8911.439,1415.546,6055.784
8911.839,1415.547,6057.25
8912.33,1415.55,6059.044
8912.827,1415.552,6060.838
8913.133,1415.553,6061.936
8913.528,1415.555,6063.329
8914.26,1415.557,6065.878
8914.562,1415.558,6066.92
8914.696,1415.559,6067.379
8915.531,1415.562,6070.193
8915.946,1415.563,6071.575
8916.308,1415.564,6072.768
8916.808,1415.566,6074.394
8917.473,1415.568,6076.538
8917.755,1415.568,6077.442
8918.526,1415.57,6079.888
8918.883,1415.571,6081.009
8919.481,1415.572,6082.873
8920.112,1415.573,6084.826
8920.521,1415.574,6086.082
8921.436,1415.576,6088.865
8922.052,1415.577,6090.731
8922.167,1415.577,6091.076
8922.928,1415.578,6093.352
8923.675,1415.58,6095.574
8923.822,1415.58,6096.011
8924.9,1415.581,6099.183
8925.565,1415.582,6101.13
8925.718,1415.583,6101.574
8926.604,1415.583,6104.142
8927.02,1415.584,6105.344
8927.643,1415.585,6107.138
8928.271,1415.586,6108.94
8929.1,1415.587,6111.305
8929.623,1415.588,6112.794
8930.184,1415.588,6114.382
8930.828,1415.589,6116.205
8931.479,1415.589,6118.038
8932.27,1415.589,6120.255
8932.783,1415.59,6121.695
8933.456,1415.591,6123.572
8934.335,1415.591,6126.02
8934.784,1415.592,6127.267
8935.457,1415.592,6129.127
8936.132,1415.593,6130.992
8937.019,1415.594,6133.437
8937.392,1415.594,6134.465
8938.449,1415.594,6137.362
8939.132,1415.595,6139.226
8939.36,1415.595,6139.853
8940.245,1415.596,6142.265
8940.939,1415.596,6144.156
8941.92,1415.597,6146.821
8942.854,1415.597,6149.354
8943.892,1415.598,6152.155
8944.748,1415.598,6154.467
8944.866,1415.598,6154.785
8944.984,1415.598,6155.104
8946.057,1415.598,6157.99
8946.507,1415.598,6159.198
8947.581,1415.599,6162.082
8948.06,1415.599,6163.364
8948.735,1415.599,6165.169
8949.533,1415.599,6167.304
8950.366,1415.6,6169.53
8950.901,1415.6,6170.956
8951.778,1415.6,6173.291
8952.347,1415.6,6174.803
8953.088,1415.601,6176.777
8954,1415.601,6179.198
8954.263,1415.601,6179.894
8955.277,1415.602,6182.585
8956.012,1415.602,6184.531
8956.747,1415.602,6186.476
8957.792,1415.603,6189.237
8958.472,1415.603,6191.035
8958.689,1415.603,6191.608
8959.847,1415.603,6194.662
8960.444,1415.603,6196.236
8961.188,1415.604,6198.192
8962.815,1415.604,6202.476
8962.964,1415.604,6202.868
8963.146,1415.604,6203.348
8964.621,1415.604,6207.22
8965.281,1415.605,6208.953
8965.468,1415.605,6209.444
8966.937,1415.605,6213.293
8967.499,1415.605,6214.768
8968.011,1415.605,6216.11
8968.898,1415.605,6218.434
8969.517,1415.605,6220.049
8970.173,1415.605,6221.767
8971.523,1415.605,6225.293
8971.71,1415.605,6225.783
8972.428,1415.605,6227.659
8973.316,1415.605,6229.982
8973.577,1415.605,6230.665
8974.763,1415.604,6233.761
8975.233,1415.604,6234.989
8975.803,1415.604,6236.478
8976.31,1415.603,6237.805
8977.11,1415.603,6239.9
8978.005,1415.602,6242.24
8978.548,1415.602,6243.665
8978.756,1415.601,6244.208
8979.193,1415.601,6245.352
8979.748,1415.601,6246.803
8980.175,1415.601,6247.919
8980.65,1415.6,6249.165
8981.158,1415.6,6250.491
8981.671,1415.6,6251.833
8981.988,1415.599,6252.665
8982.406,1415.599,6253.761
8982.813,1415.599,6254.825
8983.213,1415.599,6255.863
8983.711,1415.599,6257.172
8983.959,1415.599,6257.819
8984.315,1415.598,6258.754
8984.662,1415.598,6259.661
8985.1,1415.598,6260.805
8985.366,1415.598,6261.5
8985.734,1415.598,6262.465
8985.902,1415.598,6262.905
8986.337,1415.598,6264.043
8986.528,1415.597,6264.546
8986.865,1415.597,6265.424
8987.207,1415.597,6266.316
8987.272,1415.597,6266.487
8987.724,1415.597,6267.669
8987.99,1415.597,6268.367
8988.049,1415.597,6268.521
8988.41,1415.597,6269.468
8988.698,1415.597,6270.225
8988.752,1415.597,6270.365
8988.953,1415.597,6270.893
8989.157,1415.597,6271.425
8989.393,1415.597,6272.043
8989.542,1415.596,6272.434
8989.801,1415.596,6273.112
8989.979,1415.596,6273.574
8990.057,1415.596,6273.782
8990.304,1415.596,6274.427
8990.413,1415.596,6274.713
8990.57,1415.596,6275.125
8990.754,1415.596,6275.607
8990.871,1415.596,6275.911
8991.069,1415.596,6276.437
8991.162,1415.596,6276.678
8991.29,1415.596,6277.015
8991.512,1415.596,6277.6
8991.605,1415.596,6277.843
8991.666,1415.596,6278.002
8991.878,1415.596,6278.558
8991.935,1415.596,6278.705
8992.08,1415.596,6279.085
8992.222,1415.596,6279.456
8992.283,1415.596,6279.618
8992.327,1415.596,6279.733
8992.428,1415.596,6279.996
8992.548,1415.596,6280.308
8992.581,1415.596,6280.395
8992.731,1415.596,6280.792
8992.803,1415.596,6280.977
8992.876,1415.596,6281.169
8992.957,1415.596,6281.383
8993.037,1415.596,6281.59
8993.144,1415.596,6281.871
8993.211,1415.596,6282.05
8993.231,1415.596,6282.102
8993.33,1415.596,6282.357
8993.397,1415.596,6282.534
8993.463,1415.596,6282.705
8993.54,1415.596,6282.905
8993.613,1415.596,6283.096
8993.68,1415.596,6283.27
8993.748,1415.596,6283.449
8993.79,1415.596,6283.558
8993.85,1415.596,6283.712
8993.906,1415.596,6283.86
8993.943,1415.596,6283.96
8993.964,1415.596,6284.013
8994.037,1415.596,6284.205
8994.083,1415.596,6284.324
8994.099,1415.596,6284.363
8994.177,1415.596,6284.568
8994.224,1415.596,6284.688
8994.233,1415.596,6284.715
8994.289,1415.596,6284.864
8994.314,1415.596,6284.932
8994.361,1415.596,6285.049
8994.406,1415.596,6285.168
8994.415,1415.596,6285.191
8994.473,1415.596,6285.338
8994.5,1415.596,6285.411
8994.513,1415.596,6285.445
8994.575,1415.596,6285.605
8994.598,1415.596,6285.664
8994.636,1415.596,6285.763
8994.665,1415.596,6285.839
8994.688,1415.596,6285.898
8994.694,1415.596,6285.916
8994.729,1415.596,6286.004
8994.761,1415.596,6286.086
8994.767,1415.596,6286.102
8994.799,1415.596,6286.187
8994.819,1415.596,6286.239
8994.845,1415.596,6286.302
8994.861,1415.596,6286.351
8994.884,1415.596,6286.405
8994.935,1415.596,6286.444
8995.122,1415.597,6286.446
8995.279,1415.597,6286.431
8995.341,1415.597,6286.419
8995.71,1415.598,6286.328
8996.032,1415.598,6286.232
8996.412,1415.598,6286.104
8996.836,1415.599,6285.951
8997.458,1415.599,6285.708
8997.734,1415.599,6285.595
8998.554,1415.6,6285.244
8998.954,1415.6,6285.065
8999.658,1415.6,6284.738
9000.432,1415.601,6284.367
9000.952,1415.601,6284.109
9002.174,1415.601,6283.476
9003.209,1415.601,6282.925
9003.697,1415.602,6282.657
9004.056,1415.602,6282.459
9005.262,1415.602,6281.77
9006.147,1415.602,6281.248
9006.557,1415.602,6281.004
9007.713,1415.602,6280.295
9009.073,1415.602,6279.435
9010.136,1415.603,6278.749
9010.381,1415.603,6278.585
9011.491,1415.603,6277.84
9012.505,1415.603,6277.143
9013.855,1415.603,6276.191
9014.423,1415.603,6275.784
9015.901,1415.603,6274.697
9016.288,1415.603,6274.407
9018.108,1415.603,6273.009
9018.701,1415.603,6272.544
9020.313,1415.603,6271.249
9021.055,1415.603,6270.64
9022.525,1415.603,6269.395
9024.521,1415.603,6267.663
9025.416,1415.604,6266.859
9026.054,1415.604,6266.285
9026.334,1415.604,6266.028
9028.046,1415.604,6264.425
9028.877,1415.604,6263.629
9030.234,1415.604,6262.296
9031.34,1415.604,6261.189
9032.242,1415.604,6260.265
9033.359,1415.604,6259.098
9034.473,1415.604,6257.908
9035.582,1415.604,6256.694
9036.685,1415.604,6255.458
9037.782,1415.604,6254.203
9038.874,1415.604,6252.925
9039.958,1415.568,6251.624
9041.032,1415.487,6250.301
9042.1,1415.359,6248.959
9043.983,1415.02,6246.511
9044.243,1414.959,6246.163
9045.662,1414.588,6244.235
9047.017,1414.146,6242.321
9047.469,1413.989,6241.674
9048.53,1413.56,6240.104
9049.453,1413.17,6238.725
9050.276,1412.772,6237.448
9051.582,1412.089,6235.374
9052.33,1411.664,6234.152
9053.646,1410.826,6231.911
9054.848,1410.015,6229.817
9055.381,1409.627,6228.859
9055.765,1409.344,6228.162
9056.983,1408.435,6225.86
9058.097,1407.62,6223.667
9058.465,1407.351,6222.929
9058.976,1406.982,6221.875
9059.913,1406.307,6219.892
9060.685,1405.758,6218.197
9061.436,1405.225,6216.489
9062.167,1404.708,6214.769
9063.423,1403.823,6211.659
9063.592,1403.703,6211.221
9064.493,1403.068,6208.829
9064.92,1402.768,6207.646
9065.747,1402.182,6205.264
9066.146,1401.899,6204.066
9066.691,1401.51,6202.37
9067.247,1401.109,6200.553
9067.781,1400.72,6198.727
9068.591,1400.116,6195.75
9068.867,1399.909,6194.702
9069.159,1399.686,6193.53
9069.683,1399.278,6191.329
9070.096,1398.946,6189.461
9070.485,1398.624,6187.583
9070.851,1398.311,6185.698
9071.193,1398.006,6183.79
9071.604,1397.622,6181.285
9071.796,1397.434,6180.024
9072.081,1397.147,6178.067
9072.44,1396.786,6175.604
9072.593,1396.633,6174.565
9072.939,1396.285,6172.188
9073.019,1396.204,6171.637
9073.378,1395.841,6169.169
9073.594,1395.626,6167.699
9073.872,1395.347,6165.799
9073.925,1395.294,6165.436
9074.268,1394.947,6163.076
9074.451,1394.762,6161.819
9074.509,1394.704,6161.423
9074.803,1394.409,6159.414
9074.949,1394.262,6158.413
9075.28,1393.926,6156.027
9075.384,1393.821,6155.258
9075.416,1393.788,6155.003
9075.711,1393.493,6152.597
9075.789,1393.415,6151.931
9075.929,1393.277,6150.704
9076.095,1393.115,6149.173
9076.264,1392.953,6147.56
9076.37,1392.852,6146.507
9076.602,1392.639,6144.134
9076.752,1392.5,6142.551
9076.78,1392.476,6142.252
9076.993,1392.287,6139.878
9077.17,1392.135,6137.862
9077.203,1392.107,6137.473
9077.434,1391.916,6134.713
9077.496,1391.864,6133.915
9077.587,1391.791,6132.777
9077.713,1391.69,6131.161
9077.838,1391.592,6129.529
9077.961,1391.499,6127.877
9078.082,1391.407,6126.211
9078.238,1391.292,6124.008
9078.399,1391.177,6121.687
9078.531,1391.086,6119.75
9078.646,1391.008,6118.046
9078.673,1390.988,6117.611
9078.827,1390.886,6115.233
9078.901,1390.838,6114.057
9078.964,1390.797,6113.07
9079.117,1390.701,6110.608
9079.226,1390.635,6108.813
9079.334,1390.57,6107.008
9079.485,1390.483,6104.423
9079.582,1390.427,6102.749
9079.614,1390.41,6102.193
9079.776,1390.321,6099.322
9079.86,1390.276,6097.826
9080.026,1390.191,6094.802
9080.084,1390.161,6093.741
9080.147,1390.13,6092.547
9080.268,1390.071,6090.281
9080.43,1389.995,6087.208
9080.453,1389.984,6086.732
9080.572,1389.93,6084.39
9080.67,1389.886,6082.45
9080.759,1389.849,6080.678
9080.941,1389.773,6076.981
9081.014,1389.743,6075.509
9081.032,1389.736,6075.119
9081.18,1389.68,6072.052
9081.304,1389.633,6069.458
9081.373,1389.608,6067.982
9081.451,1389.58,6066.296
9081.529,1389.553,6064.608
9081.565,1389.54,6063.844
9081.707,1389.493,6060.756
9081.779,1389.469,6059.15
9081.926,1389.423,6055.915
9081.977,1389.408,6054.783
9082.032,1389.391,6053.512
9082.139,1389.36,6051.14
9082.236,1389.332,6048.904
9082.325,1389.308,6046.865
9082.406,1389.287,6045.004
9082.549,1389.249,6041.693
9082.606,1389.235,6040.35
9082.635,1389.228,6039.694
9082.805,1389.187,6035.645
9082.868,1389.172,6034.117
9082.926,1389.159,6032.756
9083.009,1389.141,6030.792
9083.15,1389.11,6027.367
9083.192,1389.102,6026.34
9083.288,1389.083,6024.035
9083.379,1389.065,6021.792
9083.445,1389.052,6020.156
9083.53,1389.036,6018.058
9083.63,1389.019,6015.598
9083.701,1389.006,6013.819
9083.771,1388.994,6012.059
9083.88,1388.976,6009.383
9083.957,1388.964,6007.459
9084.014,1388.955,6006.061
9084.103,1388.941,6003.752
9084.208,1388.926,6001.066
9084.283,1388.915,5999.135
9084.339,1388.907,5997.729
9084.429,1388.894,5995.412
9084.522,1388.882,5993.01
9084.591,1388.874,5991.23
9084.686,1388.862,5988.823
9084.746,1388.855,5987.273
9084.861,1388.842,5984.298
9084.961,1388.831,5981.727
9085.022,1388.824,5980.114
9085.155,1388.81,5976.609
9085.191,1388.806,5975.635
9085.207,1388.804,5975.214
9085.328,1388.793,5972.021
9085.396,1388.786,5970.233
9085.486,1388.778,5967.809
9085.554,1388.772,5966.017
9085.656,1388.763,5963.295
9085.724,1388.757,5961.494
9085.755,1388.755,5960.676
9085.895,1388.743,5956.958
9085.962,1388.738,5955.14
9086.03,1388.733,5953.342
9086.121,1388.727,5950.909
9086.188,1388.722,5949.109
9086.279,1388.716,5946.675
9086.338,1388.712,5945.106
9086.435,1388.706,5942.541
9086.528,1388.7,5940.018
9086.598,1388.696,5938.194
9086.664,1388.692,5936.389
9086.764,1388.686,5933.65
9086.835,1388.682,5931.685
9086.89,1388.68,5930.189
9087.044,1388.672,5925.953
9087.06,1388.671,5925.528
9087.122,1388.668,5923.79
9087.228,1388.663,5920.9
9087.337,1388.658,5917.892
9087.418,1388.655,5915.658
9087.433,1388.654,5915.232
9087.567,1388.648,5911.546
9087.625,1388.646,5909.948
9087.681,1388.644,5908.426
9087.755,1388.641,5906.379
9087.861,1388.637,5903.461
9087.899,1388.635,5902.396
9088,1388.632,5899.616
9088.053,1388.63,5898.194
9088.155,1388.627,5895.351
9088.207,1388.625,5893.928
9088.281,1388.623,5891.861
9088.436,1388.619,5887.605
9088.451,1388.618,5887.178
9088.515,1388.616,5885.429
9088.619,1388.614,5882.53
9088.68,1388.612,5880.837
9088.759,1388.61,5878.665
9088.867,1388.607,5875.681
9088.936,1388.606,5873.807
9088.954,1388.605,5873.273
9089.106,1388.602,5869.083
9089.164,1388.601,5867.479
9089.217,1388.6,5866.024
9089.331,1388.597,5862.827
9089.392,1388.596,5861.186
9089.447,1388.595,5859.644
9089.546,1388.593,5856.885
9089.617,1388.592,5854.906
9089.671,1388.591,5853.465
9089.761,1388.59,5851.089
9089.869,1388.589,5848.332
9089.945,1388.588,5846.508
9089.982,1388.587,5845.671
9090.131,1388.585,5842.358
9090.237,1388.584,5840.183
9090.346,1388.583,5838.082
9090.467,1388.583,5835.908
9090.592,1388.582,5833.811
9090.732,1388.58,5831.637
9090.876,1388.579,5829.541
9091.037,1388.578,5827.37
9091.239,1388.578,5824.836
9091.507,1388.576,5821.811
9091.837,1388.575,5818.264
9091.944,1388.574,5817.201
9092.052,1388.574,5816.139
9092.131,1388.573,5815.368
9092.564,1388.572,5811.349
9092.742,1388.571,5809.757
9092.909,1388.57,5808.275
9093.104,1388.57,5806.562
9093.352,1388.569,5804.44
9093.7,1388.569,5801.455
9094.036,1388.568,5798.625
9094.2,1388.568,5797.249
9094.384,1388.567,5795.717
9094.676,1388.567,5793.279
9094.895,1388.566,5791.472
9095.189,1388.566,5789.033
9095.41,1388.565,5787.226
9095.745,1388.565,5784.489
9096.006,1388.564,5782.366
9096.267,1388.563,5780.258
9096.441,1388.563,5778.843
9096.795,1388.563,5775.997
9097.06,1388.562,5773.873
9097.253,1388.561,5772.331
9097.568,1388.561,5769.814
9098.008,1388.56,5766.337
9098.21,1388.56,5764.734
9098.263,1388.56,5764.309
9098.667,1388.56,5761.128
9098.937,1388.56,5759.02
9099.116,1388.559,5757.604
9099.479,1388.559,5754.772
9099.661,1388.559,5753.355
9100.027,1388.559,5750.506
9100.301,1388.558,5748.38
9100.499,1388.558,5746.838
9100.821,1388.558,5744.319
9101.116,1388.557,5742.004
9101.329,1388.557,5740.319
9101.599,1388.557,5738.153
9101.907,1388.557,5735.625
9102.128,1388.556,5733.797
9102.34,1388.556,5731.983
9102.652,1388.556,5729.238
9102.887,1388.555,5727.109
9103.115,1388.555,5724.963
9103.399,1388.555,5722.122
9103.491,1388.554,5721.179
9103.662,1388.554,5719.344
9103.918,1388.554,5716.454
9104.06,1388.554,5714.765
9104.231,1388.553,5712.592
9104.42,1388.553,5710.056
9104.549,1388.553,5708.224
9104.668,1388.553,5706.407
9104.839,1388.553,5703.657
9104.962,1388.552,5701.523
9105.075,1388.552,5699.404
9105.147,1388.552,5697.982
9105.281,1388.552,5695.136
9105.343,1388.552,5693.712
9105.457,1388.552,5690.865
9105.509,1388.552,5689.441
9105.631,1388.552,5685.75
9105.662,1388.552,5684.68
9105.704,1388.552,5683.161
9105.772,1388.552,5680.36
9105.822,1388.552,5678.034
9105.862,1388.552,5675.898
9105.896,1388.552,5673.761
9105.926,1388.552,5671.623
9105.949,1388.552,5669.486
9105.968,1388.552,5667.348
9105.982,1388.552,5665.235
9105.993,1388.552,5663.589
9106.006,1388.552,5661.545
9106.02,1388.551,5659.234
9106.03,1388.551,5657.611
9106.041,1388.55,5656.055
9106.054,1388.55,5654.014
9106.064,1388.554,5652.37
9106.077,1388.568,5650.268
9106.079,1388.575,5649.864
9106.096,1388.636,5647.542
9106.104,1388.693,5646.051
9106.115,1388.769,5644.56
9106.126,1388.876,5642.873
9106.134,1388.963,5641.688
9106.14,1389.048,5640.697
9106.147,1389.174,5639.394
9106.16,1389.407,5637.372
9106.167,1389.526,5636.443
9106.171,1389.608,5635.85
9106.185,1389.876,5634.115
9106.191,1390.133,5632.662
9106.195,1390.263,5631.972
9106.199,1390.391,5631.336
9106.207,1390.657,5630.118
9106.214,1390.881,5629.158
9106.218,1391.073,5628.392
9106.227,1391.398,5627.19
9106.23,1391.608,5626.466
9106.238,1391.923,5625.45
9106.245,1392.223,5624.547
9106.25,1392.447,5623.907
9106.254,1392.743,5623.112
9106.259,1393.098,5622.214
9106.262,1393.36,5621.583
9106.266,1393.627,5620.978
9106.271,1394.039,5620.09
9106.273,1394.341,5619.471
9106.277,1394.568,5619.027
9106.283,1395.014,5618.203
9106.286,1395.246,5617.792
9106.29,1395.637,5617.135
9106.295,1396.045,5616.472
9106.296,1396.313,5616.032
9106.292,1396.759,5615.249
9106.285,1397.125,5614.574
9106.275,1397.431,5613.981
9106.249,1398.054,5612.7
9106.229,1398.433,5611.885
9106.209,1398.75,5611.182
9106.18,1399.142,5610.288
9106.17,1399.276,5609.976
9106.111,1399.958,5608.331
9106.072,1400.368,5607.31
9106.031,1400.776,5606.273
9106.017,1400.915,5605.913
9105.944,1401.563,5604.199
9105.907,1401.878,5603.349
9105.843,1402.397,5601.92
9105.776,1402.911,5600.478
9105.726,1403.284,5599.415
9105.666,1403.707,5598.187
9105.579,1404.31,5596.418
9105.546,1404.532,5595.757
9105.456,1405.115,5594.001
9105.408,1405.415,5593.087
9105.312,1406.017,5591.228
9105.262,1406.321,5590.281
9105.188,1406.757,5588.912
9105.065,1407.464,5586.658
9104.932,1408.221,5584.22
9104.915,1408.315,5583.917
9104.892,1408.438,5583.515
9104.74,1409.261,5580.811
9104.664,1409.666,5579.471
9104.599,1410.016,5578.304
9104.468,1410.693,5576.025
9104.383,1411.126,5574.561
9104.354,1411.277,5574.049
9104.146,1412.32,5570.472
9104.044,1412.825,5568.734
9104.024,1412.922,5568.398
9103.85,1413.762,5565.473
9103.799,1414.006,5564.617
9103.727,1414.354,5563.396
9103.558,1415.151,5560.581
9103.478,1415.527,5559.246
9103.4,1415.884,5557.973
9103.277,1416.451,5555.947
9103.185,1416.874,5554.429
9103.044,1417.515,5552.12
9102.951,1417.939,5550.587
9102.907,1418.136,5549.873
9102.663,1419.223,5545.913
9102.546,1419.748,5543.995
9102.523,1419.848,5543.625
9102.366,1420.527,5541.128
9102.208,1421.201,5538.646
9102.154,1421.424,5537.821
9102.045,1421.863,5536.195
9101.906,1422.41,5534.165
9101.788,1422.854,5532.511
9101.592,1423.568,5529.852
9101.44,1424.079,5527.942
9101.327,1424.45,5526.555
9101.134,1425.058,5524.278
9100.948,1425.616,5522.182
9100.808,1426.023,5520.653
9100.659,1426.438,5519.089
9100.409,1427.114,5516.541
9100.249,1427.533,5514.959
9100.008,1428.145,5512.643
9099.838,1428.566,5511.052
9099.581,1429.181,5508.723
9099.401,1429.602,5507.125
9099.204,1430.056,5505.403
9098.881,1430.779,5502.653
9098.722,1431.125,5501.335
9098.491,1431.622,5499.445
9098.146,1432.345,5496.687
9097.895,1432.866,5494.696
9097.641,1433.388,5492.699
9097.385,1433.911,5490.7
9097.182,1434.325,5489.114
9096.866,1434.969,5486.641
9096.595,1435.526,5484.501
9096.468,1435.788,5483.494
9096.147,1436.463,5480.898
9095.873,1437.048,5478.644
9095.726,1437.37,5477.403
9095.44,1438.006,5474.943
9095.214,1438.522,5472.952
9095.033,1438.947,5471.305
9094.75,1439.638,5468.671
9094.58,1440.066,5467.086
9094.403,1440.526,5465.427
9094.128,1441.265,5462.862
9093.94,1441.792,5461.104
9093.808,1442.175,5459.861
9093.596,1442.802,5457.889
9093.363,1443.521,5455.718
9093.252,1443.869,5454.688
9093.199,1444.037,5454.209
9092.901,1444.963,5451.772
9092.749,1445.417,5450.68
9092.614,1445.808,5449.809
9092.385,1446.45,5448.516
9092.193,1446.966,5447.558
9091.985,1447.487,5446.677
9091.733,1448.075,5445.761
9091.577,1448.421,5445.255
9091.364,1448.856,5444.694
9091.055,1449.467,5443.951
9090.922,1449.724,5443.645
9090.53,1450.485,5442.739
9090.427,1450.688,5442.498
9090.281,1450.973,5442.159
9090.021,1451.48,5441.558
9089.864,1451.785,5441.195
9089.7,1452.104,5440.815
9089.45,1452.592,5440.236
9089.393,1452.706,5440.101
9089.074,1453.324,5439.364
9088.993,1453.484,5439.175
9088.847,1453.768,5438.837
9088.676,1454.103,5438.439
9088.505,1454.437,5438.042
9088.413,1454.615,5437.83
9088.211,1455.028,5437.301
9088.136,1455.204,5437.028
9088.043,1455.451,5436.602
9087.945,1455.778,5435.937
9087.905,1455.945,5435.557
9087.856,1456.235,5434.814
9087.848,1456.327,5434.557
9087.84,1456.712,5433.352
9087.852,1456.895,5432.719
9087.889,1457.115,5431.861
9087.959,1457.417,5430.606
9087.972,1457.456,5430.433
9088.039,1457.636,5429.584
9088.161,1457.888,5428.287
9088.263,1458.062,5427.324
9088.341,1458.175,5426.654
9088.511,1458.397,5425.263
9088.654,1458.556,5424.186
9088.764,1458.669,5423.388
9088.958,1458.847,5422.043
9089.1,1458.966,5421.103
9089.445,1459.219,5418.922
9089.632,1459.344,5417.777
9089.757,1459.423,5417.028
9089.839,1459.472,5416.547
9090.27,1459.707,5414.089
9090.449,1459.796,5413.093
9090.62,1459.878,5412.156
9090.769,1459.946,5411.346
9091.17,1460.115,5409.217
9091.352,1460.187,5408.268
9091.66,1460.302,5406.677
9092.07,1460.444,5404.598
9092.391,1460.549,5402.996
9092.466,1460.572,5402.624
9092.812,1460.675,5400.943
9093.131,1460.763,5399.424
9093.46,1460.849,5397.889
9093.936,1460.964,5395.727
9094.172,1461.018,5394.68
9094.515,1461.092,5393.191
9094.893,1461.167,5391.598
9095.282,1461.241,5389.992
9095.684,1461.312,5388.376
9096.111,1461.382,5386.706
9096.811,1461.489,5384.072
9096.923,1461.504,5383.659
9097.494,1461.582,5381.617
9098.042,1461.651,5379.71
9098.411,1461.694,5378.469
9098.921,1461.751,5376.791
9099.449,1461.806,5375.106
9100.001,1461.861,5373.396
9100.743,1461.929,5371.173
9101.136,1461.962,5370.027
9101.735,1462.011,5368.325
9102.354,1462.058,5366.623
9102.989,1462.104,5364.917
9104.164,1462.181,5361.878
9104.336,1462.192,5361.451
9105.281,1462.249,5359.124
9105.757,1462.275,5357.984
9106.441,1462.312,5356.373
9107.184,1462.349,5354.662
9108.108,1462.394,5352.584
9108.703,1462.421,5351.266
9109.506,1462.457,5349.522
9110.311,1462.489,5347.808
9111.13,1462.522,5346.093
9112.761,1462.582,5342.766
9113.27,1462.599,5341.737
9113.442,1462.605,5341.394
9114.759,1462.649,5338.793
9115.391,1462.669,5337.553
9116.22,1462.695,5335.927
9117.27,1462.729,5333.87
9117.688,1462.742,5333.049
9118.798,1462.777,5330.871
9119.29,1462.793,5329.906
9119.997,1462.816,5328.518
9120.965,1462.846,5326.621
9121.565,1462.865,5325.442
9121.755,1462.871,5325.069
9122.618,1462.899,5323.377
9123.224,1462.917,5322.186
9123.873,1462.938,5320.913
9124.442,1462.957,5319.795
9124.832,1462.969,5319.028
9125.461,1462.989,5317.795
9125.978,1463.006,5316.781
9126.582,1463.025,5315.596
9126.957,1463.037,5314.861
9127.448,1463.053,5313.897
9128.172,1463.076,5312.479
9128.281,1463.079,5312.264
9128.896,1463.099,5311.056
9129.176,1463.107,5310.507
9129.578,1463.12,5309.72
9129.968,1463.132,5308.957
9130.461,1463.148,5307.991
9130.951,1463.164,5307.032
9131.288,1463.175,5306.371
9131.54,1463.183,5305.877
9131.651,1463.186,5305.66
9132.068,1463.199,5304.845
9132.382,1463.209,5304.231
9132.685,1463.219,5303.637
9132.979,1463.229,5303.062
9133.264,1463.238,5302.505
9133.539,1463.246,5301.964
9133.909,1463.258,5301.24
9134.079,1463.264,5300.905
9134.317,1463.271,5300.441
9134.587,1463.28,5299.913
9134.888,1463.29,5299.325
9135.08,1463.296,5298.946
9135.163,1463.298,5298.782
9135.653,1463.314,5297.822
9135.937,1463.323,5297.267
9136.17,1463.331,5296.81
9136.235,1463.333,5296.681
9136.267,1463.333,5296.62
9136.445,1463.339,5296.263
9136.701,1463.347,5295.726
9136.783,1463.349,5295.545
9137.103,1463.357,5294.834
9137.451,1463.365,5294.02
9137.718,1463.37,5293.381
9137.919,1463.374,5292.894
9138.169,1463.378,5292.274
9138.465,1463.383,5291.528
9138.848,1463.389,5290.546
9139.249,1463.395,5289.506
9139.332,1463.396,5289.289
9139.915,1463.404,5287.743
9140.231,1463.407,5286.899
9140.338,1463.408,5286.61
9140.961,1463.415,5284.917
9141.162,1463.417,5284.366
9141.734,1463.423,5282.786
9142.014,1463.425,5282.009
9142.736,1463.431,5279.991
9143.155,1463.434,5278.812
9143.377,1463.436,5278.185
9143.505,1463.437,5277.824
9144.102,1463.441,5276.135
9144.892,1463.446,5273.878
9145.004,1463.447,5273.555
9145.446,1463.449,5272.284
9145.909,1463.452,5270.953
9146.376,1463.455,5269.601
9146.851,1463.458,5268.228
9147.524,1463.46,5266.271
9148.014,1463.463,5264.847
9148.37,1463.464,5263.806
9149.121,1463.467,5261.606
9149.396,1463.469,5260.797
9149.726,1463.47,5259.828
9150.321,1463.472,5258.064
9150.832,1463.474,5256.54
9151.345,1463.476,5254.998
9151.857,1463.478,5253.44
9152.376,1463.479,5251.842
9153.007,1463.481,5249.879
9153.201,1463.482,5249.267
9154.052,1463.485,5246.531
9154.865,1463.487,5243.827
9155.231,1463.488,5242.596
9155.329,1463.488,5242.262
9155.916,1463.49,5240.209
9156.392,1463.491,5238.516
9156.831,1463.492,5236.896
9157.194,1463.493,5235.542
9157.712,1463.487,5233.541
9158.24,1463.422,5231.414
9158.567,1463.354,5230.068
9158.994,1463.211,5228.259
9159.4,1463.024,5226.476
9159.879,1462.733,5224.291
9160.176,1462.528,5222.91
9160.704,1462.075,5220.344
9160.946,1461.831,5219.125
9161.29,1461.453,5217.364
9161.744,1460.88,5214.946
9161.975,1460.561,5213.69
9162.344,1459.994,5211.609
9162.712,1459.375,5209.469
9162.946,1458.948,5208.069
9163.255,1458.345,5206.179
9163.741,1457.291,5203.08
9163.901,1456.927,5202.038
9164.154,1456.305,5200.342
9164.603,1455.121,5197.237
9164.78,1454.632,5195.983
9164.87,1454.378,5195.336
9165.217,1453.398,5192.779
9165.481,1452.656,5190.762
9165.789,1451.806,5188.356
9165.882,1451.548,5187.605
9166.21,1450.653,5184.915
9166.533,1449.808,5182.174
9166.686,1449.428,5180.856
9166.896,1448.915,5178.986
9167.115,1448.406,5176.999
9167.33,1447.928,5175.008
9167.54,1447.481,5173.012
9167.75,1447.057,5170.979
9168.043,1446.504,5168.047
9168.299,1446.037,5165.432
9168.346,1445.95,5164.929
9168.536,1445.607,5162.899
9168.83,1445.084,5159.672
9168.876,1445.005,5159.166
9169.138,1444.552,5156.179
9169.4,1444.103,5153.112
9169.434,1444.046,5152.705
9169.724,1443.564,5149.19
9169.764,1443.496,5148.679
9169.984,1443.139,5145.909
9170.037,1443.053,5145.227
9170.24,1442.732,5142.584
9170.396,1442.489,5140.528
9170.607,1442.163,5137.645
9170.755,1441.94,5135.583
9170.86,1441.782,5134.092
9171.032,1441.529,5131.625
9171.148,1441.364,5129.956
9171.315,1441.127,5127.483
9171.465,1440.919,5125.234
9171.572,1440.772,5123.596
9171.681,1440.624,5121.912
9171.854,1440.394,5119.174
9171.922,1440.303,5118.071
9172.07,1440.111,5115.665
9172.223,1439.917,5113.128
9172.318,1439.798,5111.536
9172.443,1439.643,5109.401
9172.606,1439.45,5106.581
9172.785,1439.238,5103.426
9172.809,1439.211,5103.008
9172.921,1439.084,5100.992
9173.088,1438.898,5097.924
9173.235,1438.738,5095.197
9173.263,1438.709,5094.673
9173.371,1438.594,5092.625
9173.48,1438.481,5090.521
9173.59,1438.371,5088.417
9173.697,1438.265,5086.311
9173.803,1438.161,5084.202
9173.908,1438.06,5082.093
9174.009,1437.963,5079.983
9174.106,1437.87,5077.872
9174.2,1437.778,5075.76
9174.307,1437.67,5073.154
9174.411,1437.565,5070.526
9174.431,1437.544,5069.999
9174.524,1437.441,5067.3
9174.594,1437.364,5065.184
9174.684,1437.26,5062.265
9174.703,1437.236,5061.558
9174.8,1437.107,5057.672
9174.864,1437.018,5054.886
9174.916,1436.938,5052.233
9174.953,1436.878,5050.185
9174.981,1436.83,5048.485
9174.997,1436.802,5047.526
9175.009,1436.782,5046.805
9175.063,1436.661,5042.22
9175.088,1436.605,5040.028
9175.092,1436.595,5039.604
9175.107,1436.546,5037.589
9175.123,1436.497,5035.462
9175.134,1436.448,5033.335
9175.144,1436.386,5030.533
9175.147,1436.35,5028.817
9175.148,1436.311,5026.949
9175.148,1436.268,5024.818
9175.146,1436.227,5022.688
9175.142,1436.187,5020.558
9175.134,1436.147,5018.427
9175.119,1436.095,5015.465
9175.109,1436.071,5014.044
9175.097,1436.038,5012.031
9175.079,1436.003,5009.897
9175.06,1435.97,5007.765
9175.039,1435.938,5005.631
9174.986,1435.872,5000.991
9174.981,1435.866,5000.564
9174.974,1435.857,4999.942
9174.922,1435.808,4996.237
9174.891,1435.78,4994.102
9174.86,1435.756,4992.131
9174.838,1435.739,4990.684
9174.794,1435.708,4988.05
9174.746,1435.678,4985.396
9174.735,1435.672,4984.861
9174.686,1435.643,4982.137
9174.631,1435.614,4979.323
9174.596,1435.597,4977.6
9174.557,1435.579,4975.724
9174.494,1435.552,4972.754
9174.463,1435.538,4971.328
9174.398,1435.514,4968.477
9174.365,1435.501,4967.051
9174.317,1435.484,4964.996
9174.256,1435.464,4962.369
9174.232,1435.456,4961.464
9174.164,1435.435,4958.66
9174.108,1435.419,4956.473
9174.033,1435.399,4953.584
9173.933,1435.373,4949.809
9173.887,1435.362,4948.096
9173.854,1435.355,4946.894
9173.839,1435.352,4946.36
9173.75,1435.332,4943.167
9173.691,1435.32,4941.084
9173.655,1435.313,4939.81
9173.563,1435.296,4936.683
9173.539,1435.291,4935.851
9173.453,1435.276,4932.923
9173.388,1435.266,4930.747
9173.303,1435.251,4927.952
9173.258,1435.245,4926.478
9173.176,1435.231,4923.794
9173.134,1435.225,4922.442
9173.075,1435.216,4920.503
9173.019,1435.206,4918.623
9172.962,1435.198,4916.8
9172.908,1435.189,4915.032
9172.855,1435.18,4913.323
9172.806,1435.172,4911.666
9172.756,1435.164,4910.057
9172.709,1435.157,4908.499
9172.663,1435.149,4906.991
9172.619,1435.142,4905.53
9172.563,1435.133,4903.676
9172.529,1435.128,4902.576
9172.481,1435.12,4901
9172.459,1435.117,4900.316
9172.416,1435.109,4898.871
9172.379,1435.103,4897.661
9172.342,1435.098,4896.487
9172.308,1435.092,4895.331
9172.267,1435.086,4893.983
9172.253,1435.083,4893.534
9172.203,1435.076,4891.957
9172.179,1435.072,4891.146
9172.149,1435.067,4890.174
9172.12,1435.062,4889.231
9172.087,1435.057,4888.118
9172.053,1435.052,4887.028
9172.046,1435.05,4886.814
9172.014,1435.045,4885.752
9171.989,1435.042,4884.948
9171.957,1435.036,4883.88
9171.949,1435.035,4883.63
9171.916,1435.03,4882.531
9171.892,1435.026,4881.7
9171.877,1435.023,4881.213
9171.853,1435.032,4880.43
9171.827,1435.06,4879.607
9171.814,1435.083,4879.202
9171.808,1435.104,4878.945
9171.783,1435.182,4878.172
9171.76,1435.295,4877.374
9171.749,1435.359,4877.009
9171.729,1435.502,4876.308
9171.722,1435.542,4876.136
9171.702,1435.712,4875.488
9171.688,1435.855,4875.001
9171.674,1436.012,4874.529
9171.657,1436.203,4874.023
9171.644,1436.381,4873.583
9171.635,1436.52,4873.274
9171.62,1436.753,4872.789
9171.608,1436.966,4872.387
9171.597,1437.189,4871.998
9171.584,1437.42,4871.62
9171.568,1437.758,4871.115
9171.563,1437.926,4870.88
9171.549,1438.272,4870.429
9171.546,1438.361,4870.318
9171.529,1438.788,4869.82
9171.52,1439.07,4869.518
9171.508,1439.434,4869.144
9171.506,1439.509,4869.071
9171.493,1439.969,4868.647
9171.487,1440.207,4868.437
9171.476,1440.658,4868.064
9171.474,1440.767,4867.978
9171.458,1441.273,4867.5
9171.449,1441.531,4867.226
9171.433,1441.893,4866.782
9171.41,1442.354,4866.147
9171.397,1442.598,4865.784
9171.376,1442.963,4865.201
9171.354,1443.332,4864.573
9171.319,1443.827,4863.673
9171.306,1444.027,4863.297
9171.266,1444.518,4862.316
9171.226,1445.019,4861.266
9171.198,1445.351,4860.545
9171.185,1445.507,4860.198
9171.136,1446.056,4858.939
9171.099,1446.463,4857.974
9171.053,1446.922,4856.848
9171.001,1447.456,4855.505
9170.966,1447.809,4854.598
9170.946,1447.99,4854.124
9170.877,1448.635,4852.399
9170.839,1448.984,4851.448
9170.776,1449.555,4849.861
9170.75,1449.783,4849.217
9170.687,1450.343,4847.611
9170.629,1450.846,4846.147
9170.59,1451.177,4845.168
9170.524,1451.723,4843.533
9170.483,1452.065,4842.503
9170.428,1452.529,4841.083
9170.357,1453.092,4839.334
9170.274,1453.761,4837.235
9170.23,1454.107,4836.137
9170.206,1454.293,4835.544
9170.129,1454.886,4833.633
9170.06,1455.419,4831.905
9170.014,1455.769,4830.758
9169.952,1456.241,4829.202
9169.889,1456.714,4827.63
9169.8,1457.375,4825.416
9169.756,1457.694,4824.342
9169.645,1458.528,4821.507
9169.594,1458.89,4820.266
9169.556,1459.164,4819.324
9169.49,1459.631,4817.71
9169.419,1460.141,4815.941
9169.36,1460.57,4814.446
9169.289,1461.068,4812.7
9169.199,1461.708,4810.445
9169.151,1462.042,4809.262
9169.082,1462.536,4807.508
9169.011,1463.031,4805.757
9168.943,1463.527,4804.047
9168.876,1464.033,4802.361
9168.792,1464.683,4800.283
9168.75,1465.022,4799.231
9168.689,1465.522,4797.729
9168.63,1466.024,4796.27
9168.573,1466.527,4794.854
9168.519,1467.03,4793.482
9168.465,1467.536,4792.158
9168.414,1468.042,4790.872
9168.362,1468.548,4789.624
9168.276,1469.449,4787.507
9168.266,1469.576,4787.219
9168.222,1470.084,4786.089
9168.158,1470.83,4784.502
9168.104,1471.492,4783.146
9168.094,1471.62,4782.892
9168.022,1472.518,4781.162
9168.014,1472.646,4780.924
9167.978,1473.149,4780.006
9167.937,1473.725,4778.994
9167.891,1474.383,4777.874
9167.859,1474.848,4777.093
9167.837,1475.198,4776.503
9167.785,1475.947,4775.243
9167.777,1476.062,4775.051
9167.744,1476.568,4774.201
9167.708,1477.094,4773.317
9167.687,1477.413,4772.78
9167.647,1477.986,4771.816
9167.63,1478.247,4771.378
9167.605,1478.616,4770.77
9167.582,1479.009,4770.146
9167.546,1479.584,4769.288
9167.525,1479.94,4768.771
9167.52,1480.068,4768.592
9167.481,1480.759,4767.668
9167.471,1480.975,4767.389
9167.444,1481.509,4766.731
9167.421,1481.989,4766.165
9167.406,1482.307,4765.804
9167.389,1482.735,4765.335
9167.37,1483.167,4764.88
9167.353,1483.603,4764.438
9167.335,1484.042,4764.011
9167.319,1484.484,4763.597
9167.303,1484.928,4763.195
9167.285,1485.375,4762.805
9167.271,1485.826,4762.429
9167.258,1486.279,4762.064
9167.243,1486.734,4761.71
9167.229,1487.193,4761.366
9167.214,1487.708,4760.997
9167.201,1488.166,4760.679
9167.189,1488.617,4760.378
9167.177,1489.105,4760.063
9167.166,1489.518,4759.796
9167.151,1489.99,4759.453
9167.139,1490.407,4759.103
9167.116,1490.94,4758.596
9167.091,1491.532,4757.948
9167.061,1492.125,4757.249
9167.055,1492.245,4757.097
9167.005,1493.144,4755.861
9166.989,1493.387,4755.505
9166.973,1493.676,4755.062
9166.93,1494.31,4754.047
9166.867,1495.191,4752.526
9166.859,1495.313,4752.304
9166.82,1495.824,4751.394
9166.75,1496.835,4749.675
9166.73,1497.133,4749.195
9166.714,1497.399,4748.767
9166.7,1497.597,4748.457
9166.658,1498.275,4747.427
9166.628,1498.776,4746.695
9166.599,1499.276,4745.99
9166.571,1499.777,4745.304
9166.543,1500.281,4744.639
9166.517,1500.784,4743.995
9166.491,1501.29,4743.372
9166.466,1501.796,4742.768
9166.441,1502.302,4742.181
9166.419,1502.811,4741.613
9166.391,1503.442,4740.938
9166.36,1504.182,4740.174
9166.345,1504.565,4739.793
9166.336,1504.77,4739.593
9166.307,1505.528,4738.877
9166.293,1505.896,4738.541
9166.264,1506.709,4737.829
9166.26,1506.837,4737.72
9166.237,1507.481,4737.187
9166.222,1507.991,4736.778
9166.205,1508.492,4736.391
9166.188,1509.031,4735.985
9166.174,1509.485,4735.654
9166.164,1509.838,4735.405
9166.146,1510.51,4734.943
9166.131,1511.052,4734.586
9166.113,1511.687,4734.182
9166.107,1511.915,4734.042
9166.087,1512.813,4733.505
9166.074,1513.334,4733.207
9166.064,1513.773,4732.961
9166.06,1513.981,4732.849
9166.043,1514.693,4732.472
9166.032,1515.217,4732.206
9166.019,1515.928,4731.859
9166.004,1516.709,4731.491
9166.002,1516.814,4731.443
9165.991,1517.314,4731.22
9165.981,1517.901,4730.965
9165.973,1518.497,4730.716
9165.967,1518.827,4730.582
9165.954,1519.635,4730.266
9165.943,1520.336,4730.004
9165.939,1520.56,4729.922
9165.931,1521.166,4729.708
9165.924,1521.615,4729.553
9165.917,1522.095,4729.394
9165.911,1522.644,4729.215
9165.905,1523.109,4729.068
9165.898,1523.638,4728.908
9165.894,1524.167,4728.751
9165.888,1524.696,4728.6
9165.881,1525.226,4728.454
9165.873,1525.953,4728.26
9165.87,1526.13,4728.214
9165.86,1526.95,4728.008
9165.856,1527.282,4727.927
9165.85,1528.095,4727.737
9165.845,1528.803,4727.578
9165.843,1529.027,4727.529
9165.839,1529.511,4727.426
9165.834,1530.212,4727.281
9165.828,1530.857,4727.153
9165.825,1531.313,4727.065
9165.824,1531.446,4727.04
9165.818,1532.127,4726.916
9165.813,1532.83,4726.792
9165.811,1533.255,4726.72
9165.807,1533.723,4726.641
9165.803,1534.277,4726.552
9165.796,1535.118,4726.422
9165.795,1535.251,4726.402
9165.79,1535.854,4726.313
9165.786,1536.387,4726.238
9165.783,1536.92,4726.165
9165.78,1537.464,4726.069
9165.771,1538.201,4725.833
9165.761,1538.72,4725.607
9165.756,1538.898,4725.514
9165.739,1539.589,4725.089
9165.724,1540.123,4724.7
9165.704,1540.679,4724.235
9165.67,1541.522,4723.429
9165.664,1541.656,4723.288
9165.628,1542.431,4722.413
9165.609,1542.795,4721.971
9165.577,1543.395,4721.185
9165.542,1544,4720.344
9165.513,1544.464,4719.656
9165.48,1544.99,4718.847
9165.454,1545.385,4718.208
9165.41,1546.004,4717.167
9165.372,1546.538,4716.225
9165.332,1547.073,4715.243
9165.289,1547.608,4714.229
9165.229,1548.343,4712.78
9165.215,1548.522,4712.417
9165.15,1549.271,4710.857
9165.104,1549.795,4709.724
9165.055,1550.349,4708.502
9165.01,1550.82,4707.436
9164.939,1551.562,4705.711
9164.903,1551.919,4704.862
9164.854,1552.426,4703.635
9164.8,1552.962,4702.313
9164.732,1553.615,4700.664
9164.666,1554.247,4699.038
9164.625,1554.625,4698.053
9164.582,1555.02,4697.008
9164.49,1555.846,4694.781
9164.449,1556.204,4693.801
9164.368,1556.918,4691.816
9164.327,1557.276,4690.81
9164.269,1557.782,4689.366
9164.213,1558.254,4688.011
9164.117,1559.054,4685.675
9164.096,1559.232,4685.148
9163.995,1560.062,4682.674
9163.945,1560.462,4681.467
9163.878,1560.998,4679.835
9163.79,1561.706,4677.654
9163.677,1562.586,4674.905
9163.627,1562.974,4673.688
9163.614,1563.082,4673.349
9163.514,1563.838,4670.905
9163.468,1564.186,4669.754
9163.401,1564.684,4668.114
9163.336,1565.166,4666.523
9163.273,1565.634,4664.98
9163.21,1566.105,4663.424
9163.107,1566.865,4660.917
9163.052,1567.279,4659.551
9162.998,1567.68,4658.229
9162.946,1568.061,4656.973
9162.935,1568.157,4656.658
9162.866,1568.661,4654.993
9162.851,1568.782,4654.594
9162.788,1569.24,4653.084
9162.741,1569.581,4651.958
9162.696,1569.912,4650.866
9162.653,1570.232,4649.812
9162.603,1570.609,4648.568
9162.563,1570.898,4647.614
9162.54,1571.072,4647.043
9162.481,1571.505,4645.61
9162.456,1571.691,4644.996
9162.421,1571.956,4644.124
9162.386,1572.213,4643.276
9162.354,1572.462,4642.453
9162.319,1572.714,4641.624
9162.271,1573.079,4640.421
9162.263,1573.135,4640.235
9162.227,1573.41,4639.329
9162.197,1573.619,4638.639
9162.178,1573.771,4638.137
9162.146,1574.006,4637.357
9162.113,1574.256,4636.533
9162.098,1574.384,4636.113
9162.073,1574.565,4635.514
9162.05,1574.742,4634.933
9162.027,1574.912,4634.369
9162.006,1575.078,4633.822
9161.981,1575.257,4633.232
9161.959,1575.432,4632.655
9161.944,1575.544,4632.285
9161.925,1575.69,4631.802
9161.9,1575.875,4631.189
9161.891,1575.946,4630.955
9161.871,1576.101,4630.445
9161.854,1576.229,4630.021
9161.843,1576.314,4629.739
9161.822,1576.475,4629.211
9161.808,1576.592,4628.824
9161.791,1576.705,4628.449
9161.778,1576.815,4628.087
9161.765,1576.922,4627.736
9161.751,1577.025,4627.394
9161.759,1577.165,4626.996
9161.816,1577.291,4626.754
9161.896,1577.386,4626.65
9161.967,1577.459,4626.59
9161.994,1577.481,4626.587
9162.188,1577.604,4626.643
9162.303,1577.664,4626.715
9162.602,1577.788,4626.97
9162.655,1577.807,4627.022
9162.953,1577.901,4627.344
9163.341,1578.003,4627.802
9163.656,1578.077,4628.189
9163.736,1578.094,4628.291
9164.234,1578.19,4628.933
9164.485,1578.234,4629.264
9164.93,1578.303,4629.854
9165.341,1578.362,4630.4
9165.786,1578.419,4630.995
9166.271,1578.477,4631.642
9166.71,1578.525,4632.228
9167.433,1578.598,4633.182
9167.617,1578.614,4633.423
9168.419,1578.684,4634.473
9168.866,1578.721,4635.05
9169.563,1578.775,4635.946
9170.216,1578.826,4636.787
9171.092,1578.894,4637.915
9171.849,1578.954,4638.891
9172.158,1578.978,4639.288
9172.434,1578.999,4639.641
9172.658,1579.017,4639.931
9173.484,1579.082,4640.995
9173.814,1579.108,4641.419
9174.135,1579.134,4641.836
9174.577,1579.174,4642.424
9174.892,1579.208,4642.86
9175.196,1579.249,4643.306
9175.354,1579.272,4643.549
9175.556,1579.315,4643.901
9175.588,1579.325,4643.968
9175.667,1579.37,4644.203
9175.664,1579.392,4644.272
9175.599,1579.424,4644.32
9175.508,1579.449,4644.315
9175.356,1579.476,4644.251
9175.081,1579.51,4644.089
9174.89,1579.531,4643.964
9174.825,1579.536,4643.919
9174.377,1579.569,4643.576
9173.887,1579.599,4643.181
9173.566,1579.617,4642.917
9173.465,1579.622,4642.831
9172.718,1579.656,4642.186
9172.235,1579.674,4641.759
9171.739,1579.692,4641.316
9171.56,1579.698,4641.154
9170.686,1579.725,4640.356
9170.239,1579.737,4639.944
9169.616,1579.753,4639.368
9168.967,1579.77,4638.762
9168.274,1579.785,4638.115
9167.419,1579.803,4637.307
9167.089,1579.809,4636.995
9165.966,1579.83,4635.928
9165.508,1579.838,4635.492
9164.14,1579.86,4634.181
9163.072,1579.876,4633.155
9162.859,1579.879,4632.95
9161.674,1579.895,4631.805
9161.081,1579.903,4631.231
9160.205,1579.914,4630.38
9159.008,1579.928,4629.218
9158.363,1579.935,4628.591
9157.044,1579.949,4627.305
9155.417,1579.964,4625.716
9154.814,1579.97,4625.127
9154.327,1579.974,4624.651
9153.309,1579.983,4623.659
9152.236,1579.992,4622.617
9151.302,1579.999,4621.713
9149.819,1580.01,4620.288
9149.454,1580.013,4619.937
9147.729,1580.024,4618.296
9146.881,1580.03,4617.497
9145.732,1580.037,4616.421
9144.569,1580.044,4615.338
9143.387,1580.051,4614.248
9142.039,1580.058,4613.014
9140.669,1580.065,4611.765
9139.749,1580.07,4610.933
9138.508,1580.076,4609.815
9137.252,1580.081,4608.69
9136.005,1580.087,4607.578
9134.795,1580.092,4606.499
9133.37,1580.098,4605.228
9132.279,1580.103,4604.256
9131.146,1580.107,4603.246
9130.344,1580.111,4602.531
9128.86,1580.116,4601.207
9127.549,1580.122,4600.039
9126.751,1580.125,4599.328
9126.144,1580.127,4598.787
9125.734,1580.129,4598.421
9124.593,1580.134,4597.403
9122.745,1580.141,4595.757
