AlphaPower,freezeFraction
1.50181132622351,0.0805555555555556
1.03876960832124,0.0194444444444444
1.11313435062338,0
1.01361901697788,0.00555555555555556
1.43076838516954,0
1.42474577208358,0
1.10868578390394,0
0.964642362562656,0
1.08141702737745,0
1.62157471185545,0
0.784436549276621,0
0.925616959923228,0
0.625027379248811,0
1.01563468098044,0
1.01479002661632,0
1.23767661690407,0
1.04442877683041,0
1.50516636728258,0
0.789863561195368,0
1.1301220440103,0
0.959905364088903,0.0361111111111111
0.841885138094756,0
1.35830663151706,0
1.77082497442461,0
0.779772515878084,0.258333333333333
0.922542890628441,0
1.61657358795466,0
1.04150648922129,0
0.587523542481731,0
1.14510385053621,0
0.978249925695602,0
0.90221303031981,0
0.927750344638042,0
1.28327530039121,0
0.986252829538272,0
1.64283809848158,0.00277777777777778
2.35732542413775,0
0.894662061015593,0
1.20844258644993,0
1.19915944741452,0.141666666666667
0.828826918190033,0.00277777777777778
0.725714369129523,0
0.936525113548918,0.00555555555555556
1.21556276033283,0
0.550517264570495,0
0.797760672004795,0
0.527808616177556,0.0194444444444444
0.748138600808163,0.0138888888888889
0.473994142649079,0
0.788477923964811,0.0527777777777778
0.283625629374735,0
0.999139136896433,0
0.74217887710182,0
0.711301996509484,0
0.514340871620183,0
0.917931855352636,0
0.723625136719207,0
0.79395899644879,0
0.626758522310519,0
0.875423382088896,0
0.474237752964021,0
0.549362728391912,0
0.612441844413543,0
0.528337430750276,0.00833333333333333
0.92013216082026,0
0.929503156697346,0
0.749989012667387,0
0.553603435838388,0
0.806500387273161,0
0.75603187576169,0
0.741510232147148,0
0.812025960644686,0
0.367813391123909,0
1.07636109775633,0
0.399975655589034,0
0.757366960644582,0
0.632790048454824,0.352777777777778
0.556043079808503,0
0.871004667336754,0.280555555555556
1.11921794123908,0
1.0293866880294,0
0.993012656274642,0
1.10116830580333,0
1.29469364477524,0
1.00987625833625,0
0.99506354186822,0.00277777777777778
0.968195746144512,0
1.17851673406029,0
0.798155027234301,0
0.775107639861949,0
0.781445432879297,0
0.680703761976401,0
0.80017972733941,0
0.540819592529132,0
0.932816843209264,0
0.87487326452761,0
0.875486035423479,0
0.80557556964518,0
1.28402827764355,0
1.22951492719741,0
1.06906483840168,0
0.564158743238981,0
0.804415459056298,0
1.09867457797162,0
0.702307144855997,0
0.571333459813809,0
1.20506292246525,0
0.508835390465373,0.177777777777778
0.842047684924602,0
1.01803750177331,0
1.1000366781054,0.133333333333333
0.629343504360692,0
0.818923601130334,0
0.728320067189703,0
1.45670453339629,0
0.741369647282842,0
1.04663393380189,0
0.571000903624558,0.108333333333333
0.520676667494393,0
0.693807143630199,0
0.658821222268346,0.102777777777778
0.670223295552517,0.00833333333333333
1.10403481403357,0.00277777777777778
0.944416535224315,0
0.443948707171866,0.00833333333333333
1.00805309315145,0.0638888888888889
0.704960083634303,0.102777777777778
0.714893107813516,0.00833333333333333
1.06551549856681,0.0277777777777778
0.756234705243786,0.233333333333333
0.7110100259777,0
1.0328644116261,0.116666666666667
0.935155061006538,0
0.996217344253142,0
0.95754237298219,0
0.854148927303503,0
0.978567708797825,0
0.877913835792855,0
0.926893339914316,0
1.10117508693292,0
0.852337030946399,0
0.988664027613808,0
1.01820278033652,0
0.94048943153842,0
0.473240044937706,0
0.999997615932615,0
0.98512451765668,0
1.18336462281697,0
1.02979320257898,0
0.75834114147798,0
0.675169417890277,0
1.46697072334393,0
0.513816581828545,0
0.796643190359403,0
1.30295634044679,0
0.677759687042203,0
0.645215663728106,0
0.646891987574327,0
0.71166058002293,0
0.987666863492698,0
1.31662865918553,0
1.5105388634177,0.0277777777777778
1.18811076387737,0
0.783086438579643,0
0.972928176658095,0.00277777777777778
0.950796157076212,0.25
1.4026151965229,0.15
1.16777598172223,0
0.818545858991533,0
0.330138502921017,0
0.670802064240514,0.197222222222222
0.77208503596862,0
0.654289388517254,0
0.959670213927487,0
0.505660297067587,0
0.741336377348749,0.125
0.654044150213255,0
0.895027892268694,0
0.800044505555944,0
0.841418086195752,0
0.442941230120319,0
0.671551953073581,0
0.807897695701074,0.327777777777778
0.873012835022422,0.0111111111111111
0.83136524078609,0
0.719754547334335,0
0.593031098072841,0
0.78927187978373,0
0.575664783555054,0.025
0.83581292752362,0.0194444444444444
0.922892730716805,0
0.702801417100597,0
0.723507155828341,0.269444444444444
0.52354025915496,0.294444444444444
0.779839471773068,0
0.690301243379161,0
1.03409922652996,0
0.644980217028746,0
0.549274461029358,0
1.03239619350565,0
1.00856373334623,0
0.788098858787684,0
0.574096474238062,0.025
0.571770238236897,0.0333333333333333
0.567709283516624,0.00833333333333333
0.657932672280261,0
1.05786646650782,0
0.801173641260006,0
1.11667525694727,0
0.691899195293919,0.130555555555556
0.615802450568473,0.00555555555555556
0.705116885325224,0
0.938722098332845,0.0472222222222222
0.724662578183619,0
0.652692540122513,0
0.506900697678917,0.155555555555556
0.345975204249121,0
0.950369549003579,0
0.526107011697221,0
0.688674450198962,0
0.634516939586224,0
0.900782511935688,0.155555555555556
0.819661294176599,0
0.440410047300663,0
0.506848083464602,0
0.52972571984179,0
0.711226754901153,0
1.86776693135838,0
0.542767061554383,0
0.73265829693543,0
0.491613611944491,0
0.661909210753791,0
0.737520653118418,0
0.54888647399042,0
0.54603941906513,0
1.06299713082668,0
0.645558668850178,0
0.538049865270724,0
0.493587199574534,0
0.404060988446529,0
0.630079512565678,0
0.454248095475504,0
0.786407857289621,0
0.413243675349453,0
0.980547392397722,0
0.68523899168224,0
0.692391926408969,0
0.664017442621851,0
0.702862446435514,0
0.57171766687521,0
0.347448381450996,0
0.440805270517859,0
0.956783372368014,0
1.2785001479517,0
0.564048111686918,0
0.749942192021164,0
4.80184312143641,0
0.907243358095995,0
0.564499380764273,0
2.98698043970859,0
0.460570205166242,0.238888888888889
0.702224626991835,0
0.733064394383136,0
0.603232061249232,0
0.863059616152023,0
0.506311599838747,0
0.989734837014887,0
1.15146592803758,0
0.629791039835546,0
0.822712510221365,0
0.439634407676236,0
0.616221567494319,0
0.581713346111435,0
0.503060181918564,0
0.690374046513137,0
0.4908101964456,0
0.752462052081742,0
0.719137010375326,0
0.456402183250964,0
0.534186602863787,0.00277777777777778
0.817046355561587,0
0.532573431692757,0
5.58551371019195,0.15
0.502028260430315,0
0.447555427625198,0
0.270097857238505,0
1.38474351023604,0
0.531676038540499,0
0.371728142296203,0
11.1158856177262,0
2.05457508088946,0.3
0.562840540334496,0.219444444444444
0.603936679629615,0
0.434324549294176,0
0.477053801872013,0
0.930433001610842,0.291666666666667
0.797277233474396,0
1.0866180051172,0
0.505220400802054,0
0.574785234057771,0.0638888888888889
0.539883946193849,0
0.529402897506249,0
0.378032804646251,0
0.564654207140705,0
0.836651402031252,0.00277777777777778
0.760700931509202,0.0972222222222222
0.761208720532008,0
0.607243767006124,0
0.711061914906475,0
0.688462150156306,0
0.827117346051129,0
0.753169848317354,0
0.840546796296193,0
0.501731125698797,0
0.768098724244354,0
0.552256574520357,0
0.852562901451465,0
1.06436575584889,0
0.721868891187445,0
0.34226216734369,0
0.422128494014886,0
0.532901721789514,0
0.655956682383691,0
0.623160781189097,0
0.778550165309282,0
1.33640091919723,0
0.91582252374,0
0.832694411868427,0
0.446530895034124,0.0277777777777778
0.912881909044292,0
0.978775720011569,0
1.12296501628299,0
0.975385460483747,0
0.48461274384924,0.266666666666667
0.339870516201082,0.00277777777777778
1.01163202561099,0.0388888888888889
0.789154130031976,0.0416666666666667
0.851982072796717,0.197222222222222
0.636353795645,0
0.643689234783639,0
0.319097369272565,0
0.573867056284651,0
0.87689052758894,0
0.565395585537716,0
0.706347506350502,0
1.03962950335353,0
0.559724475203781,0
0.729415127694923,0
0.552843905453368,0
0.461561922753483,0
1.18305895676236,0
0.783001486373632,0
0.604630943577772,0
0.733534392092081,0
0.717209779673205,0
0.72812538622663,0
0.462755819557475,0
0.622510711969715,0
0.684888759444817,0
1.01502152882191,0
0.740463465027026,0
0.519359808372877,0
1.11358085766879,0
0.748759752365311,0
0.709903678588261,0
0.921987303542324,0
0.920795623231195,0
0.515414990636716,0
0.791275703342327,0.486111111111111
0.681918685858222,0.252777777777778
0.783141157055859,0.0416666666666667
0.64049707107908,0
0.695668034529993,0
0.598473868579125,0
0.863649457681277,0
0.574131450786844,0
0.386910623024742,0
0.56197099663758,0
0.442969457367793,0
0.517034085291485,0
1.12474872587492,0
0.636993168888005,0
0.858084968592517,0
0.662384080410331,0
0.707188207880989,0
0.718949899649632,0
0.809928103273904,0
0.974620674829933,0
0.479616410464307,0
1.10855672657625,0.116666666666667
0.585257158928558,0.0444444444444444
0.808212696163501,0
0.442940852003445,0.00277777777777778
0.517267454046687,0.263888888888889
0.88216333089306,0.0527777777777778
0.495804379364266,0
1.05271117663195,0.197222222222222
0.618570485631726,0
0.841149464402152,0.105555555555556
0.77281571510576,0
0.644413710780779,0.0583333333333333
0.628931471226002,0.0666666666666667
1.16535167224731,0
1.15349166782365,0
0.404122982764039,0
1.10979299436588,0
0.871892270402568,0
0.751744303672265,0
1.10401956773984,0
0.598768131993666,0
0.480183487134269,0
0.409723634967652,0
0.552571111969667,0
0.810507469458178,0
0.652600111196871,0
0.771683842450144,0
0.615128642939672,0
1.03562505938827,0
0.630137671726286,0
1.03469324413762,0
0.893761990538598,0.00833333333333333
0.798850720707772,0.00277777777777778
0.507220312973403,0
0.811565557651258,0
0.742047295231898,0
0.858591631438967,0
0.572249783923034,0.0944444444444444
0.704578488292515,0
0.814016224166853,0
1.10596319169755,0
62.5032241838805,0.275
44.0152667890032,0.00277777777777778
69.651540644914,0.00277777777777778
37.4963489441295,0
62.6352491698285,0
37.0515828274068,0
78.6496379653177,0.0888888888888889
51.7471463313362,0.1
78.3951653805941,0.0888888888888889
67.621018991608,0.00277777777777778
50.3287322961054,0
26.6127448579306,0.00277777777777778
59.3945109177252,0
34.5158851464121,0
54.5227984766388,0
63.9119659118766,0.0638888888888889
34.0277296944645,0
57.2093808996301,0
76.1867837538387,0.00555555555555556
37.722021607622,0
56.4756148696525,0
41.010537060757,0
62.4807897667615,0.0111111111111111
5.16536458921229,0.155555555555556
16.2235908382466,0
55.4593352392758,0
45.8773198273823,0
100.238623918981,0
35.4611527357907,0.0111111111111111
97.7525320283357,0
75.956630774802,0
39.5168393634961,0
69.9523206245658,0
63.4549396295634,0.00833333333333333
32.5024329365217,0
41.5365132516879,0.0611111111111111
25.7450828770419,0.125
38.151433319384,0.025
73.2589537148104,0
62.5032241838805,0.275
44.0152667890032,0.00277777777777778
69.651540644914,0.00277777777777778
37.4963489441295,0
62.6352491698285,0
37.0515828274068,0
78.6496379653177,0.0888888888888889
51.7471463313362,0.1
78.3951653805941,0.0888888888888889
67.621018991608,0.00277777777777778
50.3287322961054,0
26.6127448579306,0.00277777777777778
59.3945109177252,0
34.5158851464121,0
54.5227984766388,0
63.9119659118766,0.0638888888888889
34.0277296944645,0
57.2093808996301,0
76.1867837538387,0.00555555555555556
37.722021607622,0
56.4756148696525,0
41.010537060757,0
62.4807897667615,0.0111111111111111
5.16536458921229,0.155555555555556
16.2235908382466,0
55.4593352392758,0
45.8773198273823,0
100.238623918981,0
35.4611527357907,0.0111111111111111
97.7525320283357,0
75.956630774802,0
39.5168393634961,0
69.9523206245658,0
63.4549396295634,0.00833333333333333
32.5024329365217,0
41.5365132516879,0.0611111111111111
25.7450828770419,0.125
38.151433319384,0.025
73.2589537148104,0
18.2965404731204,0.519444444444444
58.3613394325687,0.0305555555555556
51.1547390497859,0.136111111111111
28.4536912233674,0.116666666666667
63.6579439986461,0
41.9645126617916,0
21.4134014840062,0.186111111111111
45.0871913353306,0.138888888888889
32.8974114213452,0.0222222222222222
44.9078083086568,0
47.4604375173231,0.00277777777777778
39.8966538018736,0.0694444444444444
39.7107578497025,0
41.6769456440466,0
57.1756471280964,0.419444444444444
59.4061689501587,0.0833333333333333
65.4902869077447,0.0166666666666667
41.2569801058395,0.119444444444444
29.3209165223262,0.0638888888888889
36.3040392406706,0
31.1829189793792,0.0111111111111111
42.7728162222163,0.15
59.1296760173395,0.219444444444444
30.3620564996719,0
26.4628975986829,0
66.6595288800408,0
66.5905712660584,0
64.7066402975079,0
49.9458193735591,0
49.792283153852,0
40.2931123844912,0
57.7178385231743,0
49.3617683922646,0
63.1667536089258,0
29.3272711222488,0
21.4775762568466,0
21.7773514418586,0.0472222222222222
29.755865191769,0
40.5763632849018,0
0.692576029049229,0.216666666666667
1.00461665180839,0.0555555555555556
0.504614224462827,0.0305555555555556
0.657117508181889,0
0.510777469895623,0.166666666666667
0.398162471444966,0
1.09721333953397,0
0.672231409919552,0
0.59789724438632,0
0.799328720424076,0
0.690494675517846,0
0.330957262283154,0
0.497787092164476,0.130555555555556
0.790334070097789,0.161111111111111
0.662479219357255,0.00833333333333333
0.401148906850134,0
0.416924105643288,0
0.755339911095351,0
0.302291155882994,0.0444444444444444
0.878109731712058,0
0.600589505085222,0
0.675370520260539,0
0.766614029432073,0
0.473418824439608,0
0.519591361987643,0.0138888888888889
0.55758265269311,0
0.767086308755455,0.00555555555555556
1.03799322850042,0.116666666666667
0.798601358156335,0
1.19213137813507,0.00277777777777778
0.371488379369329,0
0.37961016813218,0.00277777777777778
1.03081009025573,0
0.5666163492762,0.05
0.72067961357383,0.00555555555555556
0.52330692249771,0.0333333333333333
0.754388046120615,0
0.710893985537648,0
0.647470592236872,0.0194444444444444
44.7339945804172,0.355555555555556
32.1153846195504,0.0972222222222222
67.263484605987,0.0666666666666667
48.4916900201428,0.105555555555556
41.4531959790851,0
41.3118801765914,0.025
97.0125278577102,0
48.5870901024473,0.230555555555556
73.392743633121,0.711111111111111
66.5877902223356,0.0833333333333333
66.1765631664911,0
20.0704693085022,0.244444444444444
25.8518055794049,0
116.582158054571,0
54.6245468564785,0.0111111111111111
65.4715333676194,0.127777777777778
79.2273652177315,0
34.704233710815,0.519444444444444
49.6905255666874,0.369444444444444
23.5706658020703,0.15
98.4267981164713,0
61.0934120885802,0
47.3288379024118,0.113888888888889
57.8671841947761,0.2
45.4038944626662,0.227777777777778
93.3845730545025,0
55.5581157867241,0
62.6942500481133,0
72.7341456616223,0.4
70.8321252026089,0.00277777777777778
113.597459269218,0
116.225220442763,0.00833333333333333
59.2494268107686,0.00277777777777778
81.7830661925802,0
46.216483665942,0.2
78.3186002337705,0.577777777777778
133.488142386354,0.441666666666667
54.6443655778183,0.133333333333333
32.2789296925232,0
15.4708154603657,0.241666666666667
52.2309641199654,0
38.6533500411351,0
30.198993534691,0
0.674988614450759,0.216666666666667
0.667278576442552,0
1.12018099534072,0.105555555555556
0.78077932865663,0
0.741322658369313,0.233333333333333
1.6753830872418,0
0.417654575087164,0.00277777777777778
0.640398113914193,0.0666666666666667
1.47327158364682,0
1.08012606637768,0
0.709785691533702,0
40.2549858876492,0
54.4373638760293,0
61.4360572697802,0.0305555555555556
41.3167709879198,0.325
22.237553777916,0
53.6416777837777,0
39.2564713198495,0.00277777777777778
51.0781293414146,0
72.9591965813494,0
49.1168627160165,0.00833333333333333
25.1633961183694,0
51.6707505900273,0.00833333333333333
25.5582374735399,0
83.1626550126026,0.0472222222222222
9.20417899060379,0.00277777777777778
49.9191537260467,0
30.8028391815474,0.00555555555555556
13.0248107377897,0
20.9955817587924,0
53.6722727051297,0
45.3251269423782,0
37.933457211449,0
65.1520153633289,0
23.5175529572723,0
58.1139325320742,0
36.6893904253995,0.0805555555555556
54.3464292545891,0.155555555555556
35.6172509700613,0
0.552819618171541,0.183333333333333
0.469272732368584,0.0333333333333333
2.33163231939035,0.0416666666666667
1.29276871922669,0.05
0.655825955487641,0
0.482787410020297,0.05
0.774713691777302,0
0.520635004545206,0
0.619526611672543,0
0.505005777447874,0
0.607782162527842,0
0.679048243384339,0
1.22013104143861,0.0638888888888889
0.649034545733007,0
0.651550642446028,0.00833333333333333
0.788629771927686,0.0305555555555556
1.05028873445744,0
0.706731364996881,0.0194444444444444
0.466929149038163,0
1.89579813391008,0.0166666666666667
0.896995215018104,0.00555555555555556
0.805003838167418,0
2.69574504793627,0.00277777777777778
1.41614138205114,0
0.787539640768795,0.0111111111111111
0.411597131553599,0
0.892932329062879,0.00555555555555556
0.580307508112953,0
0.488746382984698,0
0.940111418535211,0
0.690657521547201,0.075
0.898412192182138,0
0.636097297691758,0.122222222222222
1.23459390036646,0.283333333333333
0.599504802710312,0
1.26090235641503,0.0138888888888889
0.999674118261691,0
1.15075864197136,0
0.810724750230291,0
0.731431232430573,0.136111111111111
0.780713975979691,0
0.662189674777319,0
0.61758132416207,0
0.765241923195564,0
0.872657801553813,0
0.721749429322572,0
0.753964832098678,0
0.819925677926633,0
0.775076745279125,0
0.322170391890635,0
0.436951679247546,0
0.660858691713801,0
0.581244911321439,0
0.661714701370901,0
0.771151338215493,0
0.59200522986746,0.272222222222222
0.630720447338215,0
0.528176179374562,0
0.650969821935103,0
0.442142515623983,0
0.820726817821685,0.00555555555555556
0.480595152011923,0
0.499308041842458,0
0.855888106433109,0
0.879539593622889,0
0.991722259092233,0
0.934879322557557,0
0.940803778342253,0.125
0.831127932136537,0
0.778653028813096,0
1.15291152756774,0
0.614162749060384,0
0.613465499424202,0
0.59333469956897,0
0.814843665910255,0
0.80356269365732,0
0.643386103360952,0
0.50752258232291,0
0.631551387367458,0
0.773323414650955,0
1.07161844471046,0
0.914951390413934,0
0.482839421164011,0.338888888888889
0.375209013646227,0
1.03942762288985,0
0.482113302896115,0
0.683497030961863,0
0.73589936233028,0
0.900668691966057,0
0.642909676772671,0
0.845185299287194,0
0.84475706037217,0
0.714151835717926,0
0.633658546192885,0
0.886585645665111,0
0.500276242828592,0
0.533948281357068,0
0.301792099581586,0
0.619578092165491,0.180555555555556
0.78991514549037,0
0.46408626794182,0
0.901311178988954,0
0.474057890584218,0
0.782976830248824,0.133333333333333
0.470359863332377,0
0.611321214363924,0
0.50502877387555,0.00277777777777778
0.417440287282371,0
0.53455050813677,0
0.445208996400182,0
0.679780522108527,0
0.387632412133355,0
0.524156399960453,0
0.427533240352186,0
0.343578500059492,0
0.697151932594732,0
0.464393949951978,0
0.508066317012121,0
0.710075704711222,0
0.689833266087548,0
0.444285642183341,0
0.570967101339173,0
0.677297370431675,0
0.491651292051375,0
0.66786274861409,0
0.444194949890902,0
0.575645892700569,0
0.705586817748018,0
0.605247503620716,0
0.566880596446516,0
0.361889575473282,0
0.574057673081323,0
0.288462123841606,0
0.530347206087532,0
0.436024767800702,0
0.61327627143628,0
0.425264455296009,0
0.4332702524737,0.311111111111111
0.727462210081801,0.175
0.538491978587322,0
0.405549022784261,0
0.511443425552852,0
1.12865581048457,0
0.689564296710059,0
0.610852598629542,0.125
0.710359817557606,0
0.519035636431951,0
0.496541740414995,0
0.431682540694332,0
0.716521833567825,0
0.519468662895268,0
0.711370338846506,0
0.497254916522829,0
0.457682535179875,0
0.584327215195095,0
0.511096475940976,0
0.34072477024693,0
0.508208436610052,0
0.580823395385062,0
0.509731970589737,0
0.826180947139499,0
0.471228441050713,0
0.552679551486085,0
0.715135868809944,0
0.435506581219612,0
0.586124811838004,0
0.656783774163769,0
0.490883800209796,0
0.511001728026191,0
1.91860361785259,0
0.565559356480648,0
0.574579167876292,0
0.749917267215911,0
0.392833966902618,0
0.414876884298886,0
0.501675018685721,0
0.512068333693129,0.130555555555556
0.681153485768633,0
0.459775451488936,0
0.543779805089993,0
0.476070234849645,0
0.486931220809458,0
0.428881712431028,0
0.624421335557301,0
0.541016760061338,0
0.568223391676878,0
0.67363152374009,0
0.397283568328502,0
0.614966473413488,0
0.727815045589763,0
0.608502271964191,0.405555555555556
0.612065670633582,0
1.00353407461441,0
0.627220166421561,0
0.471131641712975,0
0.582102282275061,0.105555555555556
0.760154703749504,0
0.883991907090904,0
0.758437157599245,0
0.569292676650763,0
0.688186216919378,0
2.96515193706565,0
0.665969081801937,0.0555555555555556
0.389097650769828,0
0.385022473701852,0
0.55748582458361,0
0.498425371909234,0
0.504870405169936,0
0.43153887673387,0
0.503374339461394,0
0.245480527782689,0
0.450735177359489,0
0.434868749367551,0
0.56355770857019,0.113888888888889
0.67050101406601,0
0.645658364437224,0
0.768295985476221,0
0.757550642080528,0
0.498858601473105,0
0.975439640835315,0
0.464985249643966,0
0.656785908958279,0
0.463977967162378,0
0.828383601456424,0.0416666666666667
0.825364302280906,0
0.636763924936642,0
0.842363955262588,0
0.702778089765148,0
0.5596845006977,0
0.519145190275201,0.494444444444444
0.352320729965494,0.0361111111111111
0.329052104767855,0
0.319405526300078,0
0.367699428875162,0
0.47854698601032,0
0.490607534144241,0
0.371592366342189,0
0.395326230114354,0
0.516855892632434,0
0.518388198906687,0
0.560047930628674,0
0.895847324975649,0
1.56328367312045,0
0.344191169411791,0
0.412331848599873,0
0.582847744001885,0
0.591209179042495,0
0.56213117619098,0
0.448848318612464,0.0138888888888889
0.878138604237085,0.0944444444444444
0.620598104994858,0.00277777777777778
0.933783706065168,0.136111111111111
0.524689319439333,0
0.443983612254395,0.0277777777777778
0.869311945377308,0.116666666666667
0.504554752076471,0
0.495989341058652,0.0388888888888889
0.519894981006983,0
0.244236638281538,0.00555555555555556
0.299997587333239,0
0.770466069614067,0
0.51719769906798,0
0.227134350224555,0
0.70321236963335,0
0.534841559778453,0
0.704723312180955,0
0.924236259401288,0.0777777777777778
0.798215785953836,0
1.05913315361797,0.0555555555555556
0.771865772406521,0
1.244563641794,0
1.17605026549719,0
2.58567682976006,0
1.32402121207855,0
0.941857957304773,0
1.06849103750879,0
1.11298165178454,0.0388888888888889
0.704028821977624,0
1.51898693299902,0
0.976150793101209,0
0.709915294614563,0
0.894186168859846,0
0.902984557691754,0
0.78131237784966,0
0.612983912728238,0
1.15436690086171,0
1.16355251169022,0
0.696407219063305,0
0.914011815516673,0
1.65922693128266,0
0.52075824225828,0.116666666666667
1.37601598867425,0.00277777777777778
0.909236250231462,0
1.69485470421375,0
1.54153402390476,0
1.57726951437573,0
1.54687201892538,0
0.937570266358282,0.144444444444444
0.911818349902851,0
0.938142241259211,0
0.71424894444012,0
0.744110745402355,0
0.431844927668833,0
0.595591006196073,0
0.580853643354655,0
0.580347817137489,0
0.673234604817391,0
0.829041677472654,0
0.64122610508316,0
1.08125893128786,0
0.829467878197041,0
0.587174446878971,0.0138888888888889
0.573324361599529,0.0666666666666667
0.74047563615463,0
0.561981672358226,0
0.639562590369957,0
0.914816735774439,0
0.567138510365019,0
1.85153275168835,0.186111111111111
1.88310916509035,0.108333333333333
1.00117005004787,0
1.91481731983246,0
1.70862870184992,0
1.20068405283991,0
1.21835491923225,0
2.23119556215712,0
1.76261457044232,0
1.23316893729328,0
1.39741068416796,0
1.31659780026743,0
1.46004094839237,0
1.7723718312687,0.163888888888889
1.35604557113673,0
1.89725076603365,0
1.13870196847045,0.0388888888888889
2.25376420936507,0
1.69742507646264,0
2.19598483177416,0
1.74196547570789,0
1.37925821192076,0.0166666666666667
1.72346303869439,0.0388888888888889
0.956046102047528,0
1.03160572941381,0
1.4052921603459,0.05
1.34789919029366,0
1.99295983879657,0
1.58572177199485,0
1.7655670805257,0
2.08286928553086,0
1.55621233522523,0
1.73571624527607,0
1.77446575511489,0
2.30436343029651,0.1
1.08574946726012,0
2.04795212839101,0
1.65547917354286,0
2.23095652243919,0
3.09982345285268,0
0.880818428699522,0.0388888888888889
1.12807748461844,0.261111111111111
1.38334838772924,0
0.836120101415988,0.0333333333333333
0.451789112113561,0
0.440223826252608,0
0.445046871518524,0
0.874733533148081,0.0166666666666667
0.411444173370858,0
1.23661715763759,0.00277777777777778
0.723580169385599,0.0611111111111111
0.809245177996639,0
0.595823810793982,0
0.526810260943686,0
0.545984744993151,0
0.49506595203692,0
0.585029831460086,0
0.627985887924135,0
0.819784712375372,0
0.583917704387068,0
0.516237308368117,0
0.885479509606594,0
1.34603025386297,0
0.7763183640313,0.119444444444444
0.946089483480981,0.188888888888889
1.11043793381784,0
0.872094756433726,0
0.473181832386774,0
0.600861628822861,0
0.395376867602087,0
0.960088832865247,0
0.593884302155238,0
0.826474419324336,0
0.578830797793692,0
1.25227083225241,0
0.437308254369365,0
1.4948070618494,0
0.778163100846012,0
0.539110911699076,0.0861111111111111
0.580879637875547,0
0.730238407457263,0
0.385645937645283,0
0.568545294704428,0
0.488356351954802,0
0.887653119189944,0.0833333333333333
0.55807576326389,0
1.04582564228684,0
0.792134187866703,0
0.711012931067193,0
1.4383532458084,0
0.665171161623477,0
0.556847675580865,0
0.622417328397945,0
0.570579041843759,0
0.609423329729645,0
0.747935345969655,0
1.1636197644569,0
0.947942659104034,0
0.721981243024786,0
0.678130321179417,0
0.606942257989731,0
0.744570985716852,0
0.363767386117858,0.0444444444444444
0.528263986668782,0.0583333333333333
0.785497920716772,0
0.784863015405881,0
0.409041793922259,0.0638888888888889
0.807143244115486,0.266666666666667
0.542861525940574,0
0.53796863477017,0
0.68678923983888,0
0.461426356496814,0.0472222222222222
0.378709935919092,0
0.471722498768153,0
0.565008882110733,0
0.467851029489117,0
0.645054179913119,0
0.420502589093521,0
0.680023640455607,0.0333333333333333
0.574423359950012,0
0.701063215171286,0.0805555555555556
0.606911880707808,0
0.376613279693951,0
0.933503434018887,0
0.391239243896716,0
0.606655583446147,0
0.783634770918039,0
0.868976145257385,0
1.08374085777219,0
0.851994446470952,0
0.613060370170401,0
1.14854038884041,0
0.636989046277816,0
0.459560410023402,0
0.838351930535834,0
1.1147422915791,0
0.325078375954818,0
0.451713580727359,0
0.355960087298273,0
0.444538683132702,0
0.414622299001701,0
0.481052341391794,0
0.454174529765556,0
0.678399444694938,0
0.474308747449181,0
0.340250545606531,0
0.549919335807498,0
0.281847722553132,0
0.411323356812211,0
0.409494142250158,0
0.417894398673854,0.0138888888888889
0.257475123187624,0
0.316039252109112,0
0.384610188917966,0
0.422544288709988,0
0.579034339323932,0.155555555555556
0.723915008481217,0
0.68155656334128,0
0.479019672253506,0.0472222222222222
0.520481518853481,0
0.430917999396332,0
0.29080131920902,0
0.47587167972418,0
0.313110684832612,0
0.415168587865864,0
1.05975605338014,0
0.606585572852475,0
0.581076213326057,0
0.439401144031439,0.0444444444444444
0.39602780489292,0
0.395612257363594,0
0.455619957607548,0
0.477946004486718,0.0138888888888889
0.605058285744548,0
0.44005356475753,0
0.284444613615733,0
0.385203252854271,0
0.664058494035953,0
0.462738468943941,0
0.514981700129343,0
0.634370116580017,0
0.558071649962273,0
0.462733813653869,0
0.357733952801706,0
0.541421690652763,0
0.604512740588211,0
0.569166484754697,0
0.273237988480724,0
0.445087425665424,0.130555555555556
0.483872912348033,0
0.236629020423724,0
0.288129928059184,0
0.61909079633934,0
0.330745126696916,0
0.349913509302939,0
0.315501982996897,0
0.61504443133144,0
0.483996034748333,0
0.292993576597395,0
0.629412732760473,0
0.394046572531843,0
0.290020877418796,0
0.402651962006381,0
0.413243197993336,0
0.578272314784491,0
0.498670350506029,0
0.341192062891796,0
0.252462082700154,0
0.401346229054069,0
0.416421334147808,0
0.375502293684054,0
0.590381967205961,0
0.355672373902319,0
0.469818264490049,0.0388888888888889
1.09823494659082,0
0.570801804481589,0
0.562872687548101,0
0.750519146565876,0
0.64823948070181,0.0194444444444444
0.723739300970148,0.0777777777777778
0.760355322826703,0
0.519412244814412,0
0.87470451060428,0
0.814213597082135,0
0.688152685750404,0
0.581734426024177,0
0.625862139419106,0
0.457456470654122,0
0.390105412539913,0.05
0.347314273808878,0.0583333333333333
0.674441202413976,0
0.616295366964401,0.0583333333333333
0.61497967330938,0.0138888888888889
0.770072487296225,0
0.511934520801873,0
0.747658958083992,0
0.504687232751015,0
1.07495054579456,0
0.731823039430636,0
0.757217750792004,0.0277777777777778
0.48743948911597,0
0.738294261527239,0
0.759375670372863,0.00277777777777778
0.585301889541427,0
1.31803412772195,0
0.653178239847535,0
1.22319260632666,0
0.859314577452894,0
0.54434310097604,0
0.655229125023149,0
0.676242597487784,0
0.35193790800909,0
1.05866227314161,0.308333333333333
0.73806940214018,0
0.75073616211876,0
0.482595445700062,0
1.65880142617728,0
1.75831406442317,0
2.56158959943209,0
1.21842073362805,0
3.24044456273975,0
0.76762818729623,0
0.782535384152111,0
0.832705278645297,0
0.520686531415824,0
0.935535296071356,0
1.9815265323266,0
4.55441319704303,0.0944444444444444
1.49173433463214,0
0.383069666460103,0
1.29795447686505,0.388888888888889
0.7988563100006,0
2.15146110723272,0
0.942629268208907,0
0.59205588191389,0
0.648795376160306,0.155555555555556
0.625961181705289,0
0.811424057926799,0
0.390036521580924,0
0.763833194192094,0
0.690541162439563,0
0.576226994307945,0.0166666666666667
0.774120905939729,0
0.651313444134721,0
0.755015440252717,0
0.336114560336367,0
0.703688195257409,0
0.625169045082537,0.00833333333333333
0.815642337172752,0.0944444444444444
0.776598765787829,0.186111111111111
2.04073632204352,0
0.644947372572076,0
1.6970150169082,0
0.605375146723237,0
0.803958829578369,0
0.344506481392867,0.383333333333333
0.723979937548985,0
0.618838813967802,0
0.474211796802141,0
0.996275165808295,0.0416666666666667
0.792592001277051,0
0.361040016224192,0
0.570892052846036,0
0.60571572452316,0
0.950883167069481,0
0.539874892077046,0
0.899721511290194,0
0.571099666791619,0.127777777777778
0.971806745411712,0
0.567400239056521,0
0.529843853655499,0
0.500175171896643,0
0.459708868682586,0
0.469571686958317,0
1.12100353124657,0.0416666666666667
0.273736884253298,0
0.877899358565174,0.122222222222222
0.754483622599391,0
0.362607561486111,0.0333333333333333
1.24543652533134,0
0.847695048032603,0
0.830779689000445,0
0.491783507383934,0
0.836211534703594,0
1.03778202834717,0
0.565585711340204,0
0.581947352460766,0
0.939948162294792,0
1.36612226885599,0
0.583307051916186,0
0.554467431242939,0
0.689128817854317,0
1.10052296380671,0
0.485650859235278,0
0.865606165824036,0.0638888888888889
0.546696755920025,0.0388888888888889
0.63778559576284,0.125
0.67856260128551,0
0.533777671135688,0
0.44088713722476,0
0.531844358625082,0
0.470414015211789,0.00277777777777778
0.87906588241467,0
0.663594290785439,0
0.740479905351783,0
1.1748731782777,0
0.569803407754137,0
0.579586303384974,0
0.455668543996956,0
0.864461438447375,0
0.537446308332524,0
0.891515195491094,0.105555555555556
0.675348271891052,0
0.621632230359179,0
0.549380690187189,0
0.678302035673372,0
0.889448841740639,0.113888888888889
0.471649459474446,0
0.542598159569123,0
0.851698602831663,0
0.671156325010189,0
0.411827824930481,0
0.386903391235796,0
1.12764258701584,0
0.49479022907825,0
0.529538605356159,0
0.746689050077967,0
0.628986119026448,0
0.718089265666483,0
0.376504581634978,0
0.410642366370245,0.175
0.779909988950766,0.294444444444444
1.07430338916127,0
0.541546653033117,0
1.02883416143029,0
0.865959224696053,0
0.825248889112292,0.0111111111111111
1.001959223483,0
0.648378338814312,0.0111111111111111
0.564474855920788,0.161111111111111
0.76147376754403,0
0.76324617990371,0
0.669300642564878,0
0.604487244758219,0.0611111111111111
1.16386354733582,0
0.34804595169777,0
0.805949483233686,0
1.21754131788157,0
0.648687431143152,0
0.629549728817544,0
0.685947223733327,0
0.808568890262781,0
0.807649552266651,0
0.868225901312996,0
0.764892825377613,0.102777777777778
0.882266260151017,0.0416666666666667
1.05373452031701,0
0.988681360105054,0.0361111111111111
0.53270321897011,0
0.712645168530579,0
0.7254796984453,0
0.475356099513577,0
0.862390717610769,0
0.55521825539304,0
0.867256107427123,0
0.973794685704686,0
0.67432215759902,0
0.891172505560893,0.00555555555555556
0.842673334141763,0
0.428487808622261,0
0.713241372434274,0
0.694193397893751,0
0.685000251222501,0
0.512379402164847,0
0.703818191862795,0
0.791167383915689,0
3.12482026269167,0.00277777777777778
0.746176388264669,0.955555555555556
0.998570302947642,1
0.72937074186625,0.280555555555556
0.454785862626873,0.0333333333333333
1.02014185052113,0
0.626232149790486,0
1.15793107415898,0
1.20959744378101,0.0138888888888889
0.842813354148817,0
0.721463410848716,0
4.35203368034362,0.0472222222222222
3.0397044793435,0
0.782414138003773,0
2.81937097840101,0
0.888176625973574,0
0.406532314640716,0
0.565827425438196,0
0.93127333965785,0
1.02644741633233,0
0.637704618030787,0
0.884729683472865,0
0.607345638949306,0.113888888888889
1.68419908573276,0
0.956341684908016,0
1.60743600680838,0
0.82501627845134,0.172222222222222
1.31381862956463,0.138888888888889
0.956674464707685,0
0.95170710523326,0.0638888888888889
1.0461036915789,0
0.72648496219483,0
0.999006394656089,0
1.43040527651352,0
1.16881061941965,0
0.897850788807762,0
0.704800082266285,0
0.672308388346536,0.0666666666666667
0.796683654509968,0.136111111111111
0.741255023518509,0
0.738677429896882,0
0.697859723603432,0
1.09838278361689,0
0.826507499161493,0.302777777777778
0.836394830575779,0
0.939904148682967,0
0.862219672392925,0
0.63467923841749,0
1.26039633790171,0.00833333333333333
1.23494996960421,0
0.578127798377944,0.35
0.526483995594477,0
0.236811307053144,0
0.496838269905421,0.0722222222222222
0.611413216866676,0
0.530937400918099,0
0.442631304164607,0
0.592881885005115,0
0.492532676208403,0.208333333333333
0.375607129823389,0
0.681919269609436,0
0.417510510465837,0
0.823402261695896,0.141666666666667
0.752810966858264,0
5.49596213456232,0.130555555555556
0.596642198766681,0
1.09656597156029,0.358333333333333
1.46081660803777,0
0.712040614810412,0.0555555555555556
1.36203433238609,0
0.7667239636593,0
0.560539185358486,0.222222222222222
1.07248220566957,0.436111111111111
0.782773664642738,0.00277777777777778
11.8293947060227,0
1.0278685497114,0
1.117232409872,0
0.927817998475717,0
1.13295682001642,0
0.673518516355498,0.502777777777778
0.46301150130961,0
0.443667002876953,0.0833333333333333
0.45679085880354,0
1.23441984598192,0.219444444444444
0.947058411899533,0.00277777777777778
1.68817638491289,0
0.886796586145406,0
1.25405914795095,0
1.30217710936281,0
2.3605398420616,0
1.27901528357397,0
0.901550957911767,0
1.72852694397413,0.0138888888888889
1.37438093860613,0
1.30267177012782,0
1.01607543641515,0
1.82734016062119,0
1.09857772445307,0
1.37271419415532,0
1.6432141207803,0
1.30195732676319,0
1.32957721144637,0.00277777777777778
1.30066250475679,0.0527777777777778
1.02653843788646,0
1.176309031068,0
1.29739260571233,0
1.04671021313088,0
0.944544608414076,0
1.20972339017829,0.272222222222222
1.19048516920695,0
0.475360356552725,0.133333333333333
0.336712449805602,0
0.255790353061248,0
0.449546503626458,0
0.547566388964429,0
0.659439140080126,0
0.682338149826821,0
0.574326507486965,0
0.363151787040335,0.113888888888889
0.401605210721716,0.102777777777778
0.419057559968524,0
0.363797644052655,0
0.625763840953776,0
0.577469089629769,0
0.478693556735938,0
0.709500927223421,0
0.589493534259149,0.0722222222222222
0.722054757506229,0.102777777777778
0.937201534837276,0
0.553182184270658,0
0.437369630679474,0.511111111111111
0.594064548509003,0
0.417164107893704,0
0.516042771036919,0
0.595894047982121,0.127777777777778
0.684288551156434,0
0.320728768417424,0
0.410495274747066,0
0.531549019510348,0.00277777777777778
0.584692467057421,0.0861111111111111
0.501185777402299,0
0.413731974698413,0
0.999724870752484,0
0.493461719177404,0
0.434336530979497,0
0.30208552588895,0.0777777777777778
0.441641291400949,0
0.717059552109903,0
0.63248109419364,0
0.18077129378921,0
0.303439548714705,0
0.68905155854071,0
0.730308189980915,0.102777777777778
0.439352628361885,0
0.595472128206732,0
0.586540544032817,0
0.560833621748398,0
0.892136193849542,0
0.388179650373524,0
0.562067250283858,0
0.683297319463445,0
0.620732713241139,0
0.611124745281821,0
0.538025494287324,0
0.471115516398882,0
0.389209940397534,0
0.491005824618986,0
0.625712309371555,0
0.776093895658641,0
0.897515422837102,0
0.403993905921317,0
0.401711274659611,0
0.345209020999714,0
0.424070154560009,0
0.57596840523635,0
0.662682541683189,0.172222222222222
0.258279749124236,0
0.667710510002499,0
0.973052987111392,0
0.530459785102889,0
0.449185049265706,0
0.506186664859514,0
0.456721571631573,0
0.489693121497987,0
0.778852287743069,0
0.787493439257191,0.338888888888889
0.357353382860631,0
0.957049941481532,0
0.52172356151691,0
0.456430667056041,0
0.579418864972794,0
0.576341247515958,0.205555555555556
0.733036683821149,0
0.34527597744205,0
0.353701931531805,0
0.598043202286244,0
0.359394872144569,0
0.686969592538022,0
0.544641660151304,0
0.675233790761987,0
0.430411968726704,0
0.722931838582925,0
0.721403241268632,0
0.412730064642252,0
0.511340722630044,0
0.367438640194175,0
1.02681706204716,0
0.636212893033989,0
0.356228966989112,0
0.387404798974996,0
0.478977660258489,0
0.523932289188198,0
0.573385699402908,0
0.787450974778643,0
0.562092222709933,0
0.43701526505369,0
0.567626914841692,0
0.564134534512827,0
0.60564318553712,0
0.589134407251391,0
0.506419389898189,0
0.823699752446981,0.211111111111111
0.414714795495991,0
0.524030774050003,0.411111111111111
0.344368263303755,0.113888888888889
0.831606025712649,0
0.949263009942704,0
0.214628867096709,0
0.390695473785409,0
0.67006142927094,0
0.951900771946861,0
0.519887367613424,0
0.604785342698727,0
0.672249023626022,0
0.500463548202408,0
0.436645939571152,0
0.489805098912126,0
0.547620720038519,0
0.339858153690879,0
0.753040757744528,0
0.808501165849094,0
0.532040807687704,0
0.336058142637966,0
0.594444369129872,0
0.553592481643225,0
0.447257315272853,0
0.651844524346401,0
0.563427222727404,0
0.581591440005546,0
0.555866392104374,0
0.369955117479982,0
0.360621580412504,0
0.384647447716907,0
0.633030136280259,0
0.748118079547402,0
0.426467544292342,0
0.742192645413845,0
0.980021583563799,0
0.485791829160979,0
0.516616754033738,0
0.50175719135741,0
0.583183386882767,0
0.39546901162779,0
0.385910095777502,0.394444444444444
0.532543455369478,0.075
0.819044043398637,0
0.949322701680725,0
0.673916530025161,0
0.667074129289593,0
0.4986011402991,0
0.537119285221526,0
0.776164634399024,0
0.779648707300475,0
0.815519906340795,0
1.04881316764326,0
0.523775102686311,0
0.724319500475897,0
0.345438113775762,0
0.465807687367793,0
0.916787209339965,0.0833333333333333
0.581557772585672,0
0.740231917701845,0
0.711500325775035,0
0.707659219455012,0
0.867286599497137,0
0.86546586593886,0
0.740547486788021,0
0.88641977653956,0
0.923621010559462,0
0.861186566291192,0
1.06607558626073,0
0.615781079027843,0
0.770247557943223,0
0.423980414757028,0
0.951954946808893,0
0.92161002862928,0
0.627364405773967,0
0.969646617230589,0
0.648380825313179,0
0.519054733520031,0
0.489758524341658,0
0.818837318239856,0
1.02227278925245,0
0.569634509288569,0
0.777146385465359,0
0.860018205889281,0
0.493891893484976,0
0.676111256423311,0
0.678746710760765,0
0.694759196838903,0
0.481588799200899,0
0.99815207402963,0
0.666283342292269,0
0.775795246344045,0
1.03978992996719,0
1.06137814296981,0
0.828157951950848,0
0.802163636339335,0
1.04276067791166,0.0333333333333333
0.846230146693336,0
0.931384763109045,0
0.847236406190638,0
1.00537785699934,0
1.23642144614918,0
1.15938220846312,0
1.55030891134644,0
0.847811846592987,0
1.15355860811879,0
1.80577833522767,0
0.797430929075641,0
0.797479982742365,0.0472222222222222
1.15102917629924,0
1.00751094269727,0
1.02664718207753,0
0.972389901842454,0
1.09852311558232,0.0305555555555556
0.974475719054085,0
0.472423684601018,0
0.91322808498834,0
0.799742667193551,0
1.2712887099743,0
1.08225418416601,0
0.634947893866867,0
0.492497135349442,0
0.468809616597484,0
1.08602659022678,0.0388888888888889
1.37955184047387,0
1.3869165288682,0
0.499698529863714,0
1.11557503107654,0
0.829130697773223,0
0.593718748782906,0
1.09212741468441,0
0.479485671654554,0
1.26150016620341,0
0.731367378606141,0
0.984619439952796,0
1.53445443603804,0
0.413948179387364,0
0.901327280679802,0
1.16205141865822,0
0.715699514591472,0
0.766044717468996,0
0.902869177958687,0
0.942465878503835,0
0.624188354362014,0
1.35419441774958,0.294444444444444
1.06583507542961,0.113888888888889
0.840487247972233,0.0833333333333333
0.708832186867767,0.205555555555556
0.826086721126963,0.0138888888888889
0.613254362525189,0
0.774525160431117,0.1
0.780638890767593,0
0.975067247039161,0
0.668497246258682,0
0.713685410501388,0
1.47743579357869,0
0.54482842476502,0
0.789092909540206,0
0.796560522867571,0
0.647482559698721,0
0.748663192053739,0
0.551694781482933,0
0.876052661280701,0.025
0.70173548977282,0
0.983614289667909,0
1.19524593027266,0
0.67849485879027,0
0.547671316440471,0
0.95798134748957,0
0.502419377227268,0
0.940928369107798,0
1.29179982290588,0
1.40520643656811,0
0.886317377148205,0
0.803350327199662,0
0.610767736031021,0
1.46087067699599,0
0.900294203551745,0
1.20138025857741,0
0.936586980087891,0
1.09289175069012,0
0.783877690100575,0
0.64175681104292,0.0111111111111111
0.426767045436391,0.00277777777777778
0.67210499726884,0.0583333333333333
0.751503821845725,0
1.74435346532907,0.0722222222222222
0.792119050308841,0
0.916023970575164,0
1.23032170672984,0
1.28389247359026,0
0.885272615974115,0
1.23450465909673,0
1.26332153155669,0
0.716827207349159,0
0.881050979404878,0
1.29975472254644,0
1.10360114574339,0
0.707343603468007,0
0.870320533882844,0
0.954513817591485,0
0.886252797078098,0
1.16780595024401,0
0.568884459733343,0.0888888888888889
1.07594807980777,0
1.26118799155785,0.169444444444444
1.19168622078185,0
0.619829729587463,0
0.770529619395936,0.0694444444444444
0.719109549300946,0
0.696375065002384,0
0.562033604957848,0
0.592092650150506,0
1.0442507950828,0
0.596436040208927,0
1.05644780197804,0
0.769914653949733,0
0.67486410436589,0
0.47386899611188,0
0.843965282821053,0
0.855349836019137,0
1.15207544501526,0
1.82163794021032,0
2.19628698295159,0.0305555555555556
0.88179299740576,0
1.58913022297558,0.477777777777778
1.15508200693379,0.213888888888889
1.53080356153117,0.00277777777777778
0.527360380478218,0
0.457746129774994,0
0.474904359077927,0.00277777777777778
0.669055595017385,0
0.283036234394489,0
0.562770493243354,0.0166666666666667
0.571842310898602,0
0.959969042932027,0
0.565781509761495,0
1.72944354934094,0.777777777777778
1.32491110187455,0
1.71879429911211,0
0.988270558086356,0.119444444444444
1.49199560533168,0
1.29855045066074,0
0.858422066097286,0.152777777777778
0.560058461386295,0
0.763326623736993,0.169444444444444
0.492965966172844,0
0.400974918570609,0.0944444444444444
0.345975344788997,0
0.504565735423603,0
0.556560945883026,0
0.544208999034813,0
0.65616708116534,0
0.773272874340961,0
0.881431853192644,0
0.815106678113503,0
0.627697064164639,0
0.590291808259376,0
0.897088922227682,0
1.25448923418602,0
1.17803799866338,0
0.321245870773309,0
0.873165081965944,0
0.503030339411906,0
0.77222296583807,0.00555555555555556
0.916223433101931,0
0.601912706443158,0
1.16103875108071,0
0.434994406247773,0
0.564106114041744,0
0.592871087047562,0.00277777777777778
1.1990278104124,0.241666666666667
1.01862862274807,0.355555555555556
0.771416261043938,0
0.933162758271065,0
1.53862766911674,0.0694444444444444
0.684233202159108,0
0.664804761434842,0
0.757506272534886,0
0.497588425522119,0
0.420863092657859,0
0.404719343752075,0.105555555555556
0.63500521473652,0.0277777777777778
0.635143740560701,0
0.946250526887335,0
0.580276258243188,0
1.1661777397418,0
0.463046298088528,0
0.532843178836265,0.0472222222222222
0.502188705603744,0.0361111111111111
0.686591904744756,0
1.2080690620711,0
2.01001042218803,0
0.810743380754574,0.272222222222222
0.457342923611135,0
0.562737679198093,0
0.379965415164691,0
0.457702235028022,0
0.477491295957745,0
0.507927670839559,0
0.473737963388962,0
0.655237683714647,0
0.691380129084968,0.0277777777777778
0.667627600364456,0.00277777777777778
0.702405760667833,0
0.366418747810972,0
0.391126330916267,0
0.720613293152739,0.0722222222222222
1.06365194584118,0
0.549723003213354,0
0.700463312160588,0
0.534110399852679,0
0.560576142242296,0
0.458480801674528,0
0.578414088195543,0.266666666666667
0.573968772881671,0.186111111111111
0.585525768342548,0.00277777777777778
0.574834386582749,0.0222222222222222
0.604879311232471,0.025
0.662836917586599,0
0.600574925750868,0.0638888888888889
0.351843700448024,0
0.67049087159729,0
0.924446487505516,0.0388888888888889
0.538493335979276,0
0.88436975945127,0
0.520375179941021,0.125
0.28486147825401,0.183333333333333
0.71008181233805,0.0555555555555556
0.675731180426028,0
0.683158583745223,0
0.433871982446964,0.00277777777777778
0.503512780361969,0
0.585700623278476,0.00555555555555556
0.66742398596884,0.125
0.467863861858508,0.00277777777777778
0.396932307079827,0
0.731849034196674,0
0.843972692237146,0.138888888888889
0.544048899854901,0.0444444444444444
0.993206715438222,0
0.71528567787717,0.0138888888888889
0.409771942605339,0.0222222222222222
0.578019110905829,0.0111111111111111
0.856807540153422,0.00277777777777778
0.458418435270058,0
0.63663484603106,0.0472222222222222
0.451496444551013,0.00555555555555556
0.707595228753662,0.341666666666667
0.70007940242067,0.191666666666667
0.606851541584309,0.269444444444444
0.474098233546279,0.00833333333333333
0.368661165829549,0.136111111111111
1.09207016195165,0.366666666666667
0.97273682495118,0.111111111111111
0.61912005049211,0
0.308862310666693,0
0.837172139491479,0
0.586484931250845,0
1.15327498778361,0
0.941405700517822,0
0.872625686422569,0.025
1.0497835426315,0.166666666666667
0.898254350461869,0
1.03702093387779,0
0.691488708742278,0
0.591995795565834,0
0.529550544667333,0
1.08360129560241,0
0.855741671557075,0
0.760271958358959,0
1.05051221387728,0
0.714576711005864,0
1.10581700220076,0.422222222222222
0.923153314674444,0.105555555555556
0.922731118595017,0
0.662630234705794,0.130555555555556
0.499425017996501,0
0.516140358228611,0
0.577814811154358,0
0.597820382304714,0.183333333333333
0.72508995161573,0
0.412380725598657,0
0.688519917902262,0
0.513816452585235,0
0.426517562978365,0
0.842151757875326,0
0.676600894636499,0
0.969788318124808,0
0.841537263267484,0
1.08004824848359,0
0.976885448602775,0
0.691030093034938,0
0.379438556142217,0
0.821840425322801,0
0.759881272834737,0
0.588970813246481,0.00277777777777778
0.770202027979806,0
0.770688507758342,0
1.16964662781363,0
0.742269472535969,0
0.581332882482203,0
0.613000642724806,0
0.376257797843966,0
0.901018162984617,0
0.854885447333762,0
0.73423295103485,0
0.570310051444952,0
0.776364856484742,0.0305555555555556
0.641048774644347,0
0.651337977144571,0
0.557609431712482,0
0.749896077643444,0
0.880795369116353,0
0.485125009472022,0
0.802561191475505,0.133333333333333
0.592052697563094,0
0.685854013850944,0
0.512371680560044,0
0.605953130739659,0
0.855449433008528,0
0.805230174510133,0.0694444444444444
0.76415793925294,0
0.402203157842067,0.00277777777777778
0.762896497049306,0
0.732645047578921,0
0.725676560572384,0
0.768610087720061,0
0.640596690867193,0
0.906566514784532,0
1.0880556324667,0
0.677214077807241,0
0.744445877147642,0
0.687052317539201,0
0.878178393783977,0
0.87708494798108,0
0.84593277799644,0
0.503187070097785,0
0.924765272101118,0
0.504893893860116,0
0.993920659949682,0
0.726903541841661,0
0.52259209666556,0
0.70998180216974,0
0.646513658030573,0
0.652689110121126,0
0.623118660386176,0
0.628471000971621,0
1.081534526566,0
0.682798466549361,0
0.802952674796829,0
0.747644222647727,0
0.467647080065034,0
0.669049870224379,0
0.632878760805048,0.0472222222222222
0.896322710862937,0
0.482622730306942,0
0.662574409017509,0
0.974700874643568,0
0.98793781176565,0.119444444444444
1.00718395293536,0
0.793710573791447,0
0.783416115609218,0
0.388621886245685,0
1.33510191939509,0.383333333333333
0.730852478597687,0.186111111111111
0.399559667493672,0
0.505797981076386,0
0.73082456929702,0.0972222222222222
0.566414436359241,0
0.982525490842646,0
0.965068367282027,0
1.16859070598608,0
0.723728111506402,0.211111111111111
0.518037104842504,0
0.717145872764094,0
0.604783902965729,0
0.901571468853748,0.105555555555556
0.672888976402243,0
0.562168406180355,0
0.386604809225308,0
0.431164827559862,0.0611111111111111
0.642638466502238,0
0.638804190872201,0
0.656717095148933,0.105555555555556
0.79908300673407,0
0.518474544869819,0.0638888888888889
0.468358141832535,0
0.416152806783061,0
0.948091812205932,0
0.944763558184984,0
0.695639736877614,0.0361111111111111
0.642437863255475,0
0.546701087819268,0
0.948756338785681,0
0.846695221551112,0
0.697582574846199,0
1.18252239511256,0
0.722378846984945,0
0.480083447992021,0
0.76741819701685,0
0.887010918193012,0
0.660177606391491,0
0.507635427536944,0
0.712240881527378,0.308333333333333
0.819335203221691,0.0611111111111111
0.948938227841501,0.427777777777778
0.734261915017485,0.0166666666666667
0.786043809440766,0
0.770719007877702,0
0.654452489658585,0.0138888888888889
0.501642043211975,0.183333333333333
0.659004271758719,0.644444444444444
0.584959517565722,0.00277777777777778
0.535150583492658,0
0.670341365415352,0
0.478422559377336,0.15
0.480256561565624,0.0805555555555556
0.65369703666039,0
0.628460613879235,0
0.730107002439153,0
0.570254542750608,0
0.412034516108211,0
0.786973714688472,0
0.526140505313898,0
0.74618551984599,0
0.860035714601794,0
0.556979929438683,0
0.660432950781089,0
0.482299396676314,0
0.94965139631908,0
0.711487907575181,0
0.444882893984645,0
0.819479125865194,0
0.969164212948364,0
0.619000228514888,0
0.71477294999132,0
0.436694079201351,0.0138888888888889
0.53642374934193,0
0.718355689672833,0
0.646004115170012,0
0.789161112570196,0.0138888888888889
0.806395118295229,0
0.730582772367736,0
0.973192916008585,0
0.415992502720415,0.75
1.31029352448592,0.102777777777778
0.488581147161215,0
0.720436466284398,0.347222222222222
0.993651728445325,0.0611111111111111
0.574794734175873,0.00277777777777778
0.569392796026331,0
0.868578212107372,0.0333333333333333
0.678133442021662,0
0.76060513905828,0
0.652424823499526,0
0.490481199812901,0.172222222222222
0.670337092240432,0.169444444444444
0.539559799174817,0.0138888888888889
0.477059170264007,0.0638888888888889
0.657981464691509,0
0.896138574937257,0
0.497578008116541,0
0.966271642415593,0.0138888888888889
0.748640479342833,0
0.6973101127678,0
0.788698123213582,0
0.832038831920978,0
0.56958799528362,0
0.596126600131658,0
0.944291297983741,0.0138888888888889
0.579479466598878,0.0277777777777778
0.563346424907127,0
0.639244932101935,0
0.433838191034326,0
0.459710690421331,0
0.91138180708804,0.0944444444444444
0.772318364396128,0
0.797209798875838,0
0.585870396830745,0
0.573414407387717,0.0138888888888889
0.528218942497848,0.0666666666666667
0.377980193953629,0
0.438551267525214,0.141666666666667
0.655153903744337,0.394444444444444
0.592405651837043,0.213888888888889
0.513814432423434,0.438888888888889
0.733297223912073,0
1.86391554890739,0
0.718772103704951,0
0.293559153966125,0.075
0.77823885725316,0
0.796024045109429,0
0.881818874102233,0.105555555555556
0.490299597801644,0
1.00608561222325,0
0.984392721343257,0
1.30946868270171,0
0.78438657502235,0.194444444444444
0.739583027106278,0.402777777777778
0.621968925025958,0.138888888888889
0.842099732339007,0
0.657321412271719,0
1.34454818191363,0
0.597097649654233,0
1.38482911698059,0.380555555555556
0.611808778250787,0.0138888888888889
1.31119211223924,0
0.907969153184359,0.025
0.443043229591063,0
0.903496604844208,0
1.37090016738888,0
1.83883241841342,0.0972222222222222
1.12487749219457,0.0416666666666667
0.715365752878339,0
0.837224765015604,0.0694444444444444
1.70030703748604,0.191666666666667
0.529879162742411,0
0.442458958557745,0
1.07551319962539,0
1.49301356046254,0.0722222222222222
1.1446256783562,0.272222222222222
0.835300120220719,0
1.76557555834583,0.65
0.853118194698227,0.691666666666667
0.736298363323943,0.333333333333333
0.730162952765255,0.352777777777778
0.979971581524984,0.627777777777778
0.479671309842528,0.175
0.583720439566075,0
0.789158128868791,0.0138888888888889
4.16543213396603,0.436111111111111
0.636351801043815,0.377777777777778
0.664289304852186,0
1.22319438116983,0
1.02186048982977,0
1.18643073946694,0
1.60757491788945,0.241666666666667
1.24503330880407,0
1.38255683261596,0
1.6086661659675,0.00833333333333333
1.57499281785879,0
1.42576172553344,0
0.936201616577271,0
1.35122452468949,0
0.843064140890676,0
0.561604266061737,0.00277777777777778
1.59109862326732,0
1.14973314880154,0.141666666666667
1.04432035087062,0
2.29293352804843,0
1.32640714696405,0
0.590903975937911,0
1.15032043610163,0
2.22833814775319,0
0.378037239812215,0
1.46908354385151,0
1.31500045196879,0.230555555555556
1.7296511569558,0.0333333333333333
0.691916095110586,0
0.959122867820405,0
0.992981619852342,0
1.5030238113172,0
0.774625854524143,0
0.603803025590703,0
1.72285250749197,0
0.817847215193385,0
0.928191956877729,0
0.83284514579514,0
0.996438937560999,0
2.5284854965358,0.497222222222222
2.82592683448799,0
0.913586428509798,0
1.66568738854228,0
1.48726599209224,0
1.98337931285379,0
1.04936458215318,0
1.50476205947427,0
0.776101361004464,0.311111111111111
1.12226146945431,0
1.07097736000697,0
2.80345189181794,0
3.56786646384194,0
0.67322821024656,0
1.88071358531683,0
1.35773088879895,0
0.970877108298107,0
1.03143346689696,0
4.01586793031264,0
1.18673248686096,0
0.539643351090541,0
0.887743134183142,0
0.785154826778767,0
0.815209071578113,0
0.762181001862257,0.0416666666666667
2.4093907021857,0.0222222222222222
0.645183424869025,0
0.687422274612475,0
0.676209039924585,0
1.2671205767455,0
0.58624744433476,0
0.631047493195678,0
1.66863601334024,0
0.623750828340995,0
1.40454328986156,0
2.92462753856273,0
1.1210185025818,0
1.21192562234845,0
0.844965271351993,0
5.96017773549896,0.438888888888889
0.70064907836595,0.05
1.77158689437111,0
0.718091390313836,0
1.63809367352634,0
1.2300923852136,0
0.918986101345586,0
0.718618546748661,0
2.10581038885499,0
1.60767237155888,0
0.732858563226773,0
1.32382952963028,0
1.04041948519406,0
0.719750127436983,0
0.718842083841374,0
1.3175027238309,0
0.548630546561539,0.102777777777778
1.12948714987704,0.191666666666667
0.45287018503805,0.247222222222222
3.2199028436748,0.025
1.06061088068248,0
1.75806249619667,0
1.09578744592582,0
0.349891310698388,0
2.35722919073748,0
0.876967327721386,0
2.44996651940011,0
0.454923674034074,0
1.98284118578972,0
0.690770537647143,0
0.602605755696827,0
0.774136260522462,0
4.08720040031056,0
2.56867110357191,0
1.54199398153664,0
0.929817923044083,0
0.700015885262757,0
3.25094193540855,0
0.696195811560015,0
1.51982518016173,0.172222222222222
2.00461911863248,0
1.17911194974345,0
1.69093478238634,1
0.766550702148603,0.836111111111111
0.66588999196695,0.238888888888889
0.703178950890744,0
0.846826952132997,0
0.59766044794339,0
0.676620792821225,0
0.751177129564362,0
0.794057523201833,0.0166666666666667
0.653918768783002,0.0527777777777778
0.596949652467976,0
0.792762816970028,0
0.738628786216139,0
0.453747996682157,0
0.695390112760093,0
0.85612624161176,0.0583333333333333
0.639390660583371,0
0.459045453068542,0
0.891497853920196,0
0.708482193773525,0.111111111111111
0.631283534386959,0.383333333333333
1.12066983991168,0
0.848728706424313,0.127777777777778
1.8324734561032,0
0.758833934128866,0
0.707549947242859,0
0.907770750341149,0
0.626553426759894,0
0.546370103075979,0
0.62142771091185,0
0.352563211956638,0.0777777777777778
0.764588821074436,0
1.13152149462375,0.122222222222222
0.597549290597973,0
0.910717578369608,0
0.492299133416921,0.0361111111111111
1.46707455962498,0
0.806421092821476,0
1.0665478817425,0.238888888888889
2.46744542601895,0.241666666666667
1.23241644392503,0
0.913871059409946,0
0.969555290927075,0
1.43013074367399,0
1.31970414122963,0.00277777777777778
2.75898300677643,0.00277777777777778
1.79380588420075,0
4.64461129229147,0
5.79612819606508,0
1.53834136475473,0.00555555555555556
1.65243151942649,0
1.41247364630814,0
0.756024029072818,0.319444444444444
0.922271258395766,0.0277777777777778
0.616605240874331,0
0.3139666805826,0
0.62600099209151,0.0305555555555556
0.565594008447763,0
0.776082587757311,0
0.742252762563075,0
0.482409029646175,0
0.640644278038032,0
0.519660521246886,0
0.484341959521712,0
0.348529663716798,0
0.742134680361571,0
0.629916104828627,0
0.808363597312341,0.0138888888888889
0.465681449129199,0
0.830083122659934,0
0.493823438259145,0
0.836036496778357,0
0.685801247481696,0
0.479560615223062,0
0.71269813536126,0
0.741921418542652,0
0.624434167519611,0
0.504213005791625,0
0.488112609832408,0
0.600236815887119,0
0.427026036277155,0
0.642774261267502,0
0.653175087206864,0
0.369138827195294,0
0.340308698868383,0
0.458017688403527,0
0.517157862969948,0
0.514150083749055,0
0.341781351552512,0
1.03066766113355,0
0.531601638272709,0
0.908693333123504,0.438888888888889
0.959417651022644,0
0.309655504341655,0
0.406732392171381,0
0.480294540599721,0.00555555555555556
0.560994329946069,0
0.295843114616157,0
0.334248424734767,0
0.70790564621102,0
0.7246921245677,0
0.610934426211464,0
0.884751082420019,0.211111111111111
0.420273442236883,0
0.475007894646317,0
0.650432053407444,0
0.628906953165259,0.1
0.410298033536082,0
0.688402867469242,0
0.583285114330689,0
0.5522348960637,0
0.527577434714837,0
1.02384230228524,0
0.53576806510073,0
0.75521706528922,0
1.67091613766245,0
0.595659289210925,0
0.461400258287508,0
0.555520781186505,0
0.936004255824431,0.113888888888889
0.60403729087607,0
0.541556322020616,0.00277777777777778
0.657584979349445,0
0.445661002902979,0
0.635122778818987,0
0.548946399103613,0
0.891981179458758,0
0.631271226121804,0
0.654218073210465,0
0.67678338967662,0
0.721529703323805,0
0.426757698113128,0
0.617718711634433,0
0.43473161751205,0
0.656115963036776,0
0.707965596190169,0.075
0.421073568124031,0.00277777777777778
0.436214418774455,0.513888888888889
0.744066100435862,0
0.568497188558576,0
0.59780940946886,0
0.32257114893716,0.116666666666667
0.419751148097032,0
0.61311078388635,0
0.79634677701554,0
0.624522493163112,0
0.514157665495303,0
0.487576865623872,0
0.741340888533646,0
0.521156928921365,0
0.404569117620231,0.411111111111111
0.868064939240605,0.0416666666666667
0.467881399540322,0
0.637456545650973,0
0.335377234667188,0
0.588350527944919,0
0.339838333910695,0.025
0.653450433939245,0
0.746314928400589,0
0.823853395011283,0
0.404698164359452,0
0.292186775996348,0
0.429841994787448,0
0.527011982633108,0
0.510611287312971,0.00277777777777778
0.587414829099984,0
0.607708684898744,0
0.381702948468648,0
0.685675155516504,0
0.481244472962622,0
0.335932283948039,0
0.751294078092943,0
0.333303028317238,0
0.517459588310625,0
0.680571537694153,0.247222222222222
0.686039046537661,0.255555555555556
0.365822265019611,0.0555555555555556
0.692646580052435,0
0.807421473597013,0.272222222222222
0.473948075597314,0
0.47178735317757,0
0.545225238494053,0
0.552915748626364,0
0.507256297836134,0.347222222222222
0.31515475274807,0
0.440517626239636,0
0.422351576915626,0
0.547257707862182,0
0.352811473910401,0.0916666666666667
0.552422870846179,0
0.485650633330921,0
0.807356062828142,0
1.14545324432903,0
0.508929341687668,0
0.439478699617508,0
0.407487386353605,0
0.463831848154386,0
0.693280899303948,0
0.508998629751531,0
0.83914737986928,0
0.793973575004407,0
0.3435564305465,0
0.902992226308711,0
0.321394811259475,0
0.750530932496134,0.0944444444444444
0.908970932393663,0
1.08463563647578,0.00277777777777778
1.23437341286657,0.336111111111111
0.710288024963985,0
0.460711093474574,0
1.02040137549432,0.00277777777777778
0.800185688250058,0.00555555555555556
0.699319573775713,0.297222222222222
0.706734344507215,0
0.823099827207345,0
0.418841452984026,0.0388888888888889
0.667514688965075,0
1.07761813505667,0
0.719994892061954,0
0.553988297953167,0.208333333333333
0.913658384514809,0
0.712886219537069,0
0.827345743686404,0
1.30556796299575,0
0.830204902547931,0
1.51452245094887,0.00555555555555556
0.78479153709142,0.00277777777777778
0.935403334475846,0.0416666666666667
0.732345562529714,0
0.520889050307683,0
0.655518064908835,0
0.773703543010007,0
0.646610376935372,0
0.639993998498669,0
1.00310059363935,0
0.805843488115674,0
1.05310442739308,0
0.780970576893903,0
0.815510219996669,0
1.00990353013774,0
1.15232128026929,0
0.731805584033848,0.305555555555556
0.678009016203141,0
0.579040210272141,0
0.5803739693785,0
0.754709447198681,0
0.614202794511601,0
0.977275968099977,0
0.862002506111182,0
0.697807773909728,0
0.529740693713918,0
0.591903317985574,0
0.829066229586333,0
0.571863533706999,0
0.385779706325639,0
0.563316076869348,0
0.697097349328745,0
0.973010918988208,0
0.529663070704647,0.00277777777777778
0.424152703512652,0
0.561540624205473,0
0.706550110544894,0
0.564379662779088,0
0.671718754990057,0
0.622457487077577,0
1.4005428843262,0
0.778693963300854,0
1.10503011810048,0
0.408370641604528,0
0.603940703515925,0.144444444444444
0.728587717544653,0
0.825758875599488,0
1.03364345194393,0.247222222222222
0.874473551799273,0.130555555555556
0.661605535100618,0
0.869514241280382,0
0.901618716130933,0
0.670716419110889,0
0.715370926694402,0
1.70261547006251,0
0.368636697883735,0
0.493361129714794,0.15
0.516869438887043,0
0.618294987008234,0
0.480927071937063,0
0.539384019767158,0.0138888888888889
0.394284193379304,0
0.61752834316003,0.1
1.32089592043569,0.0361111111111111
0.789767566075128,0
1.15024401425449,0
0.976523784875014,0.00277777777777778
0.559572249244921,0.0444444444444444
0.426216013690493,0
0.530291223907991,0
0.376636030718452,0.105555555555556
0.438893312725444,0
0.746017820393466,0
0.401420738523319,0
0.722927448546093,0.00555555555555556
0.584253798733112,0.0555555555555556
0.561280360828197,0
0.486768468720918,0.00833333333333333
0.532674054956694,0.00277777777777778
0.606575359750428,0
0.627914344534932,0
0.918335334678513,0
0.310274360983123,0.302777777777778
0.323464285635078,0
0.454182273615394,0
0.735045669286345,0
0.628534604406837,0
0.349920968435518,0
0.610544537783094,0.530555555555556
0.736181782421077,0.00277777777777778
1.01177335692386,0
0.957276504591772,0.0888888888888889
1.36625967778557,0
1.20707361108561,0
0.964469559279431,0
0.857350280048454,0
0.908560033295033,0
1.22398654153181,0
0.793182986880793,0
1.1529386656697,0
0.965820732344882,0
0.442900299947378,0
0.772536665727293,0.0555555555555556
1.26792155560446,0
1.47270542488292,0
0.84460425234401,0
0.328437569798232,0
0.876573593112129,0
0.507020719514998,0
0.559077609905519,0
0.910319827707289,0
0.670092434698348,0
0.736452984841383,0
0.679938605387151,0
0.952912456093702,0
1.33970644749093,0
0.765790312912518,0
0.956208197207971,0
0.978145350900137,0
0.606357057195369,0
1.02370111665487,0
0.815073811926888,0
1.06836156419004,0
0.896902510879928,0
0.581927023085041,0
0.947494055642045,0.0555555555555556
0.603528508735043,0
0.839181559125864,0
0.658265480795255,0
0.520082560712788,0
0.920800276366603,0
0.846482993971805,0
1.14406161299484,0
1.02244987603786,0
0.956607739155221,0
0.846224779864895,0
0.639089531224035,0
1.51763660265979,0
1.22020790972489,0
0.662913635235836,0
0.990588305307735,0
1.18054155525302,0.0666666666666667
0.708608413132974,0.0416666666666667
1.13470817517337,0
1.05725123856547,0
1.24033431612429,0
1.01265996460194,0
0.828024492529766,0
0.645975748693294,0
0.842823116890334,0
0.80628809941618,0
1.1199309790041,0
0.895779396621155,0
0.763939744330882,0
0.652463838261847,0
0.563209914414982,0
0.47394885420282,0
1.14922106578553,0.0361111111111111
0.573158328045676,0.116666666666667
0.667011382792597,0
0.677793902310009,0
0.91556453228522,0
0.640030332216642,0
1.11955436722855,0
1.32762336020679,0
1.23701752245082,0
0.796650613527647,0
0.728772600079752,0
0.738249195772711,0
0.860616791616346,0
0.500001597882563,0
0.407700785201829,0
1.20272132952609,0
0.69061478684483,0
0.97904436080117,0
0.506107341596404,0
0.523647358171828,0
0.772867111143827,0
0.783260483525851,0
1.11913519738137,0
1.59374414531797,0
1.04298110918754,0
1.22038593966987,0
0.938387209695733,0
0.505723299311777,0
0.813280124763372,0.0222222222222222
1.06659742544369,0
1.23825733056197,0.00277777777777778
0.394908165964859,0
0.610041568906761,0.00277777777777778
1.09850521079754,0.0722222222222222
0.723299014781027,0
0.571260457342463,0
0.850871884404601,0
0.952547365344822,0
0.743516870137457,0
0.878869630922841,0
0.529552606599558,0.0333333333333333
0.819342392827388,0.3
1.22842744495541,0.00277777777777778
0.757111511315654,0
1.19364715933459,0
1.24411153296578,0
1.32025702961276,0
1.21869947238459,0.0277777777777778
0.788866573201586,0.0194444444444444
1.22144927225754,0
1.18843862476338,0
1.37133899101229,0
1.05866263424965,0
0.991581975866366,0
1.37067224275054,0
1.21197021231381,0
1.01716532422508,0.230555555555556
1.00508547905043,0
0.708936994766079,0.0638888888888889
0.540661607770752,0.00555555555555556
1.04579795379299,0
0.888580310800405,0
0.881774029926634,0
0.934580477078045,0
0.492677588101824,0.0333333333333333
1.22343584230278,0.427777777777778
1.24051016762603,0.0277777777777778
1.19884109672802,0
1.17351648344846,0
1.75080891211226,0
0.856059481732382,0
0.94914642370813,0
0.883396222101282,0
1.38733066747287,0
1.19725418045005,0
0.926710520706726,0
0.924044646178066,0
0.329684907331054,0.45
0.709912968181376,0.0277777777777778
0.843709202489371,0
0.607574857555955,0
0.733766067237523,0
1.0647723580748,0
0.473081894180303,0
1.22028779995252,0
1.21678806162313,0
0.892421077134327,0
0.996245535863299,0
0.834593579820684,0
0.777621172836488,0
1.05824505994279,0.0694444444444444
1.21953384900648,0
0.760261514382737,0
0.607041250534379,0
0.73995491281619,0
0.54223832402627,0
0.897627474211737,0
1.43361209660398,0
0.956867847143716,0
0.943687963144406,0
0.603037719821392,0.00833333333333333
0.520596129013884,0
0.865454569006809,0
1.11252375740026,0
0.66180523199869,0
1.06097274671865,0
0.740602084248032,0
0.637210132303641,0
1.15979728925372,0
1.60799389438508,0
1.26934196375529,0
0.780052827535927,0
1.11024983656132,0.422222222222222
1.26257019258228,0
1.47407589042989,0
1.55677419859298,0.00277777777777778
0.724621743863567,0.0805555555555556
1.12063403126578,0.755555555555556
1.09832359678468,0
0.819167763168603,0
1.16406011818284,0.0888888888888889
1.05977355401407,0.1
0.94805022997352,0
1.57309048119233,0
1.36692329579624,0.0472222222222222
1.07158826594796,0
1.54186219322711,0.622222222222222
1.05057481013811,0
0.439323286887687,0.00833333333333333
0.60617139884527,0
1.23668941839064,0
