5789,2000,6245.6,5789,2000,6245.6,5789,2000,6245.601,5789,2000,6245.6,5789,2000,6245.6
5789.262,2000,6245.924,5789.218,2000,6245.955,5789.343,2000,6245.836,5789.047,2000,6246.014,5789.046,2000,6246.014
5789.534,2000,6246.24,5789.424,2000,6246.317,5789.694,2000,6246.061,5789.08,2000,6246.43,5789.078,2000,6246.43
5789.816,2000,6246.546,5789.626,2000,6246.682,5790.052,2000,6246.274,5789.099,2000,6246.846,5789.097,2000,6246.846
5789.962,2000,6246.694,5789.727,2000,6246.864,5790.235,2000,6246.375,5789.101,2000,6247.054,5789.099,2000,6247.054
5790.113,2000,6246.838,5789.827,2000,6247.047,5790.42,2000,6246.469,5789.097,2000,6247.263,5789.095,2000,6247.263
5790.269,2000,6246.977,5789.927,2000,6247.229,5790.609,2000,6246.558,5789.086,2000,6247.471,5789.083,2000,6247.471
5790.429,2000,6247.11,5790.027,2000,6247.413,5790.8,2000,6246.64,5789.069,2000,6247.678,5789.065,2000,6247.678
5790.593,2000,6247.238,5790.126,2000,6247.596,5790.994,2000,6246.715,5789.044,2000,6247.885,5789.041,2000,6247.885
5790.762,2000,6247.36,5790.226,2000,6247.779,5791.19,2000,6246.785,5789.013,2000,6248.091,5789.009,2000,6248.091
5790.934,2000,6247.478,5790.325,2000,6247.962,5791.389,2000,6246.848,5788.975,2000,6248.296,5788.971,2000,6248.296
5791.11,2000,6247.589,5790.424,2000,6248.145,5791.59,2000,6246.904,5788.93,2000,6248.5,5788.926,2000,6248.5
5791.29,2000,6247.694,5790.523,2000,6248.328,5791.792,2000,6246.954,5788.879,2000,6248.702,5788.875,2000,6248.701
5791.473,2000,6247.794,5790.623,2000,6248.511,5791.996,2000,6246.998,5788.821,2000,6248.902,5788.817,2000,6248.901
5791.659,2000,6247.888,5790.721,2000,6248.695,5792.201,2000,6247.034,5788.756,2000,6249.101,5788.752,2000,6249.1
5791.848,2000,6247.975,5790.82,2000,6248.878,5792.407,2000,6247.064,5788.686,2000,6249.296,5788.682,2000,6249.295
5792.04,2000,6248.056,5790.918,2000,6249.062,5792.614,2000,6247.087,5788.608,2000,6249.49,5788.604,2000,6249.489
5792.234,2000,6248.131,5791.017,2000,6249.246,5792.821,2000,6247.103,5788.525,2000,6249.681,5788.521,2000,6249.68
5792.431,2000,6248.199,5791.116,2000,6249.429,5793.029,2000,6247.112,5788.435,2000,6249.869,5788.431,2000,6249.868
5792.63,2000,6248.261,5791.214,2000,6249.613,5793.238,2000,6247.115,5788.339,2000,6250.054,5788.335,2000,6250.053
5792.831,2000,6248.317,5791.313,2000,6249.796,5793.446,2000,6247.111,5788.237,2000,6250.235,5788.233,2000,6250.234
5793.033,2000,6248.366,5791.411,2000,6249.98,5793.654,2000,6247.1,5788.129,2000,6250.414,5788.125,2000,6250.413
5793.237,2000,6248.408,5791.509,2000,6250.164,5793.862,2000,6247.083,5788.016,2000,6250.588,5788.011,2000,6250.587
5793.442,2000,6248.444,5791.607,2000,6250.347,5794.069,2000,6247.058,5787.897,2000,6250.759,5787.892,2000,6250.758
5793.649,2000,6248.473,5791.706,2000,6250.531,5794.275,2000,6247.027,5787.772,2000,6250.926,5787.767,2000,6250.925
5793.856,2000,6248.495,5791.804,2000,6250.714,5794.479,2000,6246.989,5787.643,2000,6251.089,5787.637,2000,6251.088
5794.064,2000,6248.51,5791.902,2000,6250.898,5794.683,2000,6246.944,5787.507,2000,6251.247,5787.501,2000,6251.246
5794.272,2000,6248.518,5792,2000,6251.082,5794.885,2000,6246.893,5787.367,2000,6251.401,5787.361,2000,6251.4
5794.48,2000,6248.52,5792.098,2000,6251.265,5795.085,2000,6246.834,5787.221,2000,6251.55,5787.215,2000,6251.549
5794.689,2000,6248.514,5792.196,2000,6251.449,5795.284,2000,6246.77,5787.071,2000,6251.695,5787.065,2000,6251.693
5794.897,2000,6248.502,5792.294,2000,6251.633,5795.479,2000,6246.699,5786.916,2000,6251.834,5786.91,2000,6251.832
5795.104,2000,6248.483,5792.393,2000,6251.817,5795.673,2000,6246.622,5786.757,2000,6251.968,5786.75,2000,6251.966
5795.311,2000,6248.458,5792.491,2000,6252.001,5795.864,2000,6246.539,5786.593,2000,6252.097,5786.587,2000,6252.095
5795.517,2000,6248.426,5792.588,2000,6252.186,5796.052,2000,6246.449,5786.425,2000,6252.221,5786.419,2000,6252.219
5795.722,2000,6248.387,5792.686,2000,6252.37,5796.237,2000,6246.353,5786.253,2000,6252.339,5786.247,2000,6252.336
5795.925,2000,6248.341,5792.784,2000,6252.554,5796.418,2000,6246.251,5786.081,2000,6252.455,5786.071,2000,6252.449
5796.126,2000,6248.289,5792.881,2000,6252.738,5796.597,2000,6246.143,5785.912,2000,6252.577,5785.892,2000,6252.555
5796.328,2000,6248.234,5792.979,2000,6252.922,5796.771,2000,6246.03,5785.747,2000,6252.704,5785.709,2000,6252.656
5796.529,2000,6248.179,5793.077,2000,6253.106,5796.942,2000,6245.911,5785.582,2000,6252.831,5785.524,2000,6252.75
5796.73,2000,6248.125,5793.175,2000,6253.29,5797.109,2000,6245.786,5785.417,2000,6252.958,5785.335,2000,6252.838
5796.931,2000,6248.07,5793.273,2000,6253.473,5797.272,2000,6245.656,5785.251,2000,6253.085,5785.144,2000,6252.92
5797.132,2000,6248.015,5793.372,2000,6253.657,5797.43,2000,6245.521,5785.086,2000,6253.212,5784.95,2000,6252.996
5797.333,2000,6247.961,5793.47,2000,6253.84,5797.584,2000,6245.38,5784.921,2000,6253.339,5784.754,2000,6253.065
5797.535,2000,6247.907,5793.568,2000,6254.024,5797.733,2000,6245.235,5784.756,2000,6253.466,5784.555,2000,6253.128
5797.736,2000,6247.854,5793.667,2000,6254.208,5797.878,2000,6245.084,5784.591,2000,6253.593,5784.354,2000,6253.185
5797.938,2000,6247.801,5793.765,2000,6254.391,5798.017,2000,6244.93,5784.426,2000,6253.72,5784.152,2000,6253.234
5798.236,2000,6247.723,5793.911,2000,6254.663,5798.216,2000,6244.694,5784.182,2000,6253.908,5783.851,2000,6253.298
5798.542,2000,6247.645,5794.061,2000,6254.941,5798.412,2000,6244.445,5783.932,2000,6254.101,5783.539,2000,6253.354
5798.763,2000,6247.588,5794.169,2000,6255.142,5798.546,2000,6244.262,5783.751,2000,6254.24,5783.313,2000,6253.386
5799.157,2000,6247.489,5794.361,2000,6255.5,5798.776,2000,6243.927,5783.43,2000,6254.489,5782.909,2000,6253.431
5799.364,2000,6247.438,5794.462,2000,6255.688,5798.892,2000,6243.747,5783.262,2000,6254.62,5782.697,2000,6253.447
5799.734,2000,6247.347,5794.643,2000,6256.023,5799.095,2000,6243.425,5782.961,2000,6254.854,5782.316,2000,6253.464
5799.937,2000,6247.297,5794.742,2000,6256.207,5799.203,2000,6243.247,5782.796,2000,6254.982,5782.108,2000,6253.467
5800.285,2000,6247.213,5794.912,2000,6256.523,5799.388,2000,6242.939,5782.514,2000,6255.203,5781.749,2000,6253.459
5800.488,2000,6247.164,5795.01,2000,6256.707,5799.494,2000,6242.76,5782.35,2000,6255.331,5781.541,2000,6253.448
5800.815,2000,6247.086,5795.169,2000,6257.003,5799.662,2000,6242.469,5782.085,2000,6255.538,5781.206,2000,6253.419
5801.018,2000,6247.038,5795.268,2000,6257.187,5799.765,2000,6242.288,5781.921,2000,6255.667,5780.999,2000,6253.396
5801.325,2000,6246.965,5795.417,2000,6257.465,5799.918,2000,6242.012,5781.672,2000,6255.861,5780.686,2000,6253.359
5801.553,2000,6246.911,5795.528,2000,6257.671,5800.031,2000,6241.806,5781.488,2000,6256.006,5780.453,2000,6253.33
5801.755,2000,6246.864,5795.626,2000,6257.855,5800.13,2000,6241.623,5781.324,2000,6256.134,5780.247,2000,6253.303
5802.058,2000,6246.793,5795.772,2000,6258.129,5800.277,2000,6241.349,5781.08,2000,6256.326,5779.939,2000,6253.261
5802.267,2000,6246.745,5795.874,2000,6258.318,5800.377,2000,6241.16,5780.912,2000,6256.458,5779.727,2000,6253.231
5802.47,2000,6246.698,5795.972,2000,6258.502,5800.473,2000,6240.975,5780.748,2000,6256.587,5779.521,2000,6253.201
5802.685,2000,6246.648,5796.076,2000,6258.697,5800.574,2000,6240.779,5780.575,2000,6256.724,5779.302,2000,6253.168
5802.888,2000,6246.602,5796.173,2000,6258.881,5800.669,2000,6240.593,5780.411,2000,6256.853,5779.096,2000,6253.136
5803.091,2000,6246.555,5796.271,2000,6259.065,5800.763,2000,6240.407,5780.248,2000,6256.982,5778.891,2000,6253.104
5803.294,2000,6246.509,5796.369,2000,6259.249,5800.856,2000,6240.221,5780.084,2000,6257.111,5778.685,2000,6253.07
5803.498,2000,6246.462,5796.466,2000,6259.433,5800.949,2000,6240.035,5779.921,2000,6257.241,5778.479,2000,6253.036
5803.701,2000,6246.416,5796.564,2000,6259.617,5801.041,2000,6239.848,5779.758,2000,6257.37,5778.274,2000,6253.001
5803.904,2000,6246.37,5796.662,2000,6259.801,5801.132,2000,6239.661,5779.595,2000,6257.5,5778.069,2000,6252.966
5804.107,2000,6246.324,5796.759,2000,6259.985,5801.223,2000,6239.473,5779.432,2000,6257.629,5777.864,2000,6252.93
5804.31,2000,6246.278,5796.857,2000,6260.169,5801.313,2000,6239.285,5779.269,2000,6257.759,5777.659,2000,6252.893
5804.513,2000,6246.232,5796.955,2000,6260.354,5801.403,2000,6239.097,5779.105,2000,6257.889,5777.454,2000,6252.855
5804.716,2000,6246.187,5797.052,2000,6260.538,5801.492,2000,6238.909,5778.942,2000,6258.019,5777.249,2000,6252.817
5804.919,2000,6246.141,5797.15,2000,6260.722,5801.581,2000,6238.72,5778.779,2000,6258.148,5777.044,2000,6252.779
5805.312,2000,6246.053,5797.338,2000,6261.077,5801.75,2000,6238.356,5778.465,2000,6258.399,5776.65,2000,6252.703
5805.562,2000,6245.997,5797.458,2000,6261.303,5801.857,2000,6238.124,5778.266,2000,6258.559,5776.399,2000,6252.654
5806.168,2000,6245.861,5797.748,2000,6261.853,5802.115,2000,6237.558,5777.78,2000,6258.947,5775.789,2000,6252.532
5806.496,2000,6245.789,5797.905,2000,6262.15,5802.252,2000,6237.251,5777.519,2000,6259.158,5775.46,2000,6252.463
5807.138,2000,6245.646,5798.211,2000,6262.731,5802.519,2000,6236.65,5777.006,2000,6259.57,5774.817,2000,6252.327
5807.676,2000,6245.528,5798.468,2000,6263.22,5802.739,2000,6236.144,5776.577,2000,6259.917,5774.278,2000,6252.209
5808.389,2000,6245.372,5798.808,2000,6263.865,5803.026,2000,6235.474,5776.01,2000,6260.375,5773.566,2000,6252.049
5809.021,2000,6245.233,5799.108,2000,6264.438,5803.277,2000,6234.877,5775.507,2000,6260.783,5772.936,2000,6251.903
5809.846,2000,6245.054,5799.5,2000,6265.186,5803.6,2000,6234.097,5774.853,2000,6261.316,5772.115,2000,6251.708
5810.651,2000,6244.88,5799.883,2000,6265.917,5803.91,2000,6233.333,5774.214,2000,6261.837,5771.314,2000,6251.511
5811.325,2000,6244.735,5800.202,2000,6266.527,5804.166,2000,6232.694,5773.681,2000,6262.274,5770.646,2000,6251.343
5812.394,2000,6244.505,5800.708,2000,6267.496,5804.567,2000,6231.677,5772.835,2000,6262.968,5769.587,2000,6251.072
5813.14,2000,6244.346,5801.062,2000,6268.172,5804.842,2000,6230.965,5772.247,2000,6263.453,5768.85,2000,6250.877
5814.312,2000,6244.097,5801.616,2000,6269.235,5805.269,2000,6229.846,5771.322,2000,6264.216,5767.693,2000,6250.565
5815.335,2000,6243.88,5802.099,2000,6270.162,5805.635,2000,6228.866,5770.517,2000,6264.883,5766.685,2000,6250.287
5816.397,2000,6243.657,5802.6,2000,6271.125,5806.01,2000,6227.847,5769.682,2000,6265.578,5765.64,2000,6249.992
5817.497,2000,6243.426,5803.118,2000,6272.122,5806.393,2000,6226.791,5768.819,2000,6266.297,5764.56,2000,6249.682
5818.638,2000,6243.188,5803.655,2000,6273.156,5806.785,2000,6225.694,5767.926,2000,6267.045,5763.442,2000,6249.354
5819.576,2000,6242.994,5804.096,2000,6274.007,5807.103,2000,6224.79,5767.192,2000,6267.661,5762.524,2000,6249.08
5821.025,2000,6242.694,5804.777,2000,6275.321,5807.589,2000,6223.392,5766.06,2000,6268.614,5761.107,2000,6248.651
5822.271,2000,6242.438,5805.362,2000,6276.451,5808.001,2000,6222.188,5765.087,2000,6269.434,5759.892,2000,6248.276
5823.549,2000,6242.176,5805.961,2000,6277.609,5808.418,2000,6220.953,5764.092,2000,6270.277,5758.646,2000,6247.887
5824.858,2000,6241.909,5806.575,2000,6278.796,5808.841,2000,6219.685,5763.073,2000,6271.142,5757.373,2000,6247.482
5826.564,2000,6241.563,5807.374,2000,6280.343,5809.385,2000,6218.031,5761.748,2000,6272.27,5755.716,2000,6246.948
5827.021,2000,6241.47,5807.588,2000,6280.757,5809.529,2000,6217.588,5761.393,2000,6272.573,5755.273,2000,6246.803
5828.978,2000,6241.075,5808.503,2000,6282.531,5810.142,2000,6215.688,5759.875,2000,6273.869,5753.377,2000,6246.18
5830.406,2000,6240.789,5809.171,2000,6283.826,5810.583,2000,6214.3,5758.77,2000,6274.818,5751.995,2000,6245.718
5831.867,2000,6240.497,5809.854,2000,6285.149,5811.029,2000,6212.879,5757.64,2000,6275.789,5750.584,2000,6245.241
5833.353,2000,6240.201,5810.547,2000,6286.496,5811.479,2000,6211.432,5756.493,2000,6276.777,5749.15,2000,6244.751
5834.863,2000,6239.902,5811.252,2000,6287.865,5811.932,2000,6209.96,5755.328,2000,6277.784,5747.695,2000,6244.249
5836.4,2000,6239.598,5811.969,2000,6289.258,5812.388,2000,6208.462,5754.143,2000,6278.809,5746.215,2000,6243.733
5837.961,2000,6239.291,5812.697,2000,6290.673,5812.848,2000,6206.938,5752.941,2000,6279.852,5744.714,2000,6243.205
5839.228,2000,6239.042,5813.287,2000,6291.821,5813.217,2000,6205.702,5751.967,2000,6280.698,5743.498,2000,6242.773
5841.695,2000,6238.56,5814.436,2000,6294.056,5813.932,2000,6203.292,5750.071,2000,6282.349,5741.13,2000,6241.928
5842.789,2000,6238.383,5814.942,2000,6295.042,5814.212,2000,6202.22,5749.259,2000,6283.103,5740.1,2000,6241.521
5844.291,2000,6238.19,5815.633,2000,6296.389,5814.547,2000,6200.743,5748.185,2000,6284.17,5738.71,2000,6240.919
5846.828,2000,6237.918,5816.799,2000,6298.66,5815.03,2000,6198.236,5746.413,2000,6286.007,5736.402,2000,6239.83
5847.979,2000,6237.793,5817.361,2000,6299.672,5815.265,2000,6197.102,5745.609,2000,6286.841,5735.371,2000,6239.301
5849.597,2000,6237.616,5818.104,2000,6301.12,5815.594,2000,6195.508,5744.478,2000,6288.012,5733.899,2000,6238.605
5851.345,2000,6237.424,5818.896,2000,6302.69,5815.949,2000,6193.786,5743.256,2000,6289.276,5732.306,2000,6237.861
5852.884,2000,6237.254,5819.593,2000,6304.073,5816.26,2000,6192.27,5742.181,2000,6290.39,5730.904,2000,6237.205
5855.389,2000,6236.976,5820.728,2000,6306.323,5816.764,2000,6189.8,5740.429,2000,6292.202,5728.623,2000,6236.134
5855.99,2000,6236.909,5821,2000,6306.864,5816.885,2000,6189.207,5740.008,2000,6292.637,5728.075,2000,6235.876
5858.536,2000,6236.624,5822.152,2000,6309.151,5817.313,2000,6186.682,5738.227,2000,6294.478,5725.794,2000,6234.711
5860.372,2000,6236.417,5822.983,2000,6310.802,5817.561,2000,6184.851,5736.941,2000,6295.805,5724.177,2000,6233.816
5861.851,2000,6236.248,5823.652,2000,6312.132,5817.713,2000,6183.37,5735.905,2000,6296.874,5722.898,2000,6233.054
5864.094,2000,6235.99,5824.667,2000,6314.149,5817.87,2000,6181.117,5734.332,2000,6298.493,5720.999,2000,6231.834
5865.791,2000,6235.791,5825.435,2000,6315.675,5817.933,2000,6179.41,5733.139,2000,6299.716,5719.592,2000,6230.865
5867.87,2000,6235.544,5826.375,2000,6317.545,5817.941,2000,6177.316,5731.676,2000,6301.213,5717.908,2000,6229.622
5869.595,2000,6235.336,5827.156,2000,6319.098,5817.892,2000,6175.58,5730.459,2000,6302.454,5716.544,2000,6228.544
5871.705,2000,6235.077,5828.111,2000,6320.998,5817.761,2000,6173.457,5728.967,2000,6303.969,5714.92,2000,6227.172
5873.646,2000,6234.833,5828.931,2000,6322.773,5817.578,2000,6171.51,5727.642,2000,6305.407,5713.468,2000,6225.862
5875.593,2000,6234.584,5829.696,2000,6324.581,5817.33,2000,6169.563,5726.359,2000,6306.893,5712.054,2000,6224.5
5876.972,2000,6234.454,5830.193,2000,6325.873,5817.11,2000,6168.195,5725.489,2000,6307.97,5711.089,2000,6223.507
5879.945,2000,6234.27,5831.172,2000,6328.687,5816.541,2000,6165.271,5723.694,2000,6310.347,5709.084,2000,6221.304
5881.547,2000,6234.224,5831.648,2000,6330.217,5816.183,2000,6163.708,5722.771,2000,6311.657,5708.044,2000,6220.083
5882.751,2000,6234.228,5831.969,2000,6331.378,5815.876,2000,6162.544,5722.109,2000,6312.664,5707.294,2000,6219.142
5885.577,2000,6234.331,5832.631,2000,6334.126,5815.066,2000,6159.835,5720.635,2000,6315.076,5705.605,2000,6216.875
5887.604,2000,6234.472,5833.042,2000,6336.116,5814.421,2000,6157.909,5719.633,2000,6316.843,5704.445,2000,6215.207
5889.225,2000,6234.638,5833.32,2000,6337.722,5813.854,2000,6156.381,5718.876,2000,6318.286,5703.472,2000,6213.9
5891.667,2000,6234.968,5833.66,2000,6340.163,5812.92,2000,6154.101,5717.804,2000,6320.505,5701.936,2000,6211.973
5893.291,2000,6235.243,5833.833,2000,6341.801,5812.247,2000,6152.598,5717.136,2000,6322.01,5700.868,2000,6210.719
5895.729,2000,6235.737,5834.014,2000,6344.282,5811.155,2000,6150.363,5716.202,2000,6324.316,5699.193,2000,6208.879
5897.552,2000,6236.17,5834.089,2000,6346.154,5810.279,2000,6148.707,5715.555,2000,6326.075,5697.887,2000,6207.536
5899.762,2000,6236.771,5834.106,2000,6348.444,5809.142,2000,6146.719,5714.836,2000,6328.249,5696.238,2000,6205.947
5901.772,2000,6237.389,5834.053,2000,6350.547,5808.039,2000,6144.928,5714.241,2000,6330.267,5694.676,2000,6204.537
5903.367,2000,6237.937,5833.956,2000,6352.229,5807.108,2000,6143.522,5713.818,2000,6331.898,5693.389,2000,6203.449
5905.735,2000,6238.838,5833.726,2000,6354.753,5805.64,2000,6141.457,5713.262,2000,6334.371,5691.4,2000,6201.878
5907.302,2000,6239.494,5833.517,2000,6356.438,5804.612,2000,6140.105,5712.943,2000,6336.039,5690.034,2000,6200.869
5909.623,2000,6240.556,5833.12,2000,6358.959,5803.001,2000,6138.125,5712.547,2000,6338.561,5687.933,2000,6199.421
5911.534,2000,6241.508,5832.719,2000,6361.057,5801.6,2000,6136.514,5712.285,2000,6340.68,5686.135,2000,6198.268
5913.421,2000,6242.525,5832.248,2000,6363.148,5800.141,2000,6134.943,5712.092,2000,6342.814,5684.294,2000,6197.169
5914.536,2000,6243.175,5831.923,2000,6364.397,5799.232,2000,6134.027,5712.018,2000,6344.103,5683.166,2000,6196.545
5917.091,2000,6244.777,5831.069,2000,6367.29,5797.04,2000,6131.957,5711.942,2000,6347.118,5680.479,2000,6195.173
5918.884,2000,6245.985,5830.39,2000,6369.342,5795.42,2000,6130.524,5711.959,2000,6349.279,5678.523,2000,6194.253
5920.643,2000,6247.255,5829.641,2000,6371.377,5793.75,2000,6129.142,5712.047,2000,6351.446,5676.532,2000,6193.395
5922.364,2000,6248.586,5828.823,2000,6373.394,5792.028,2000,6127.81,5712.207,2000,6353.617,5674.506,2000,6192.599
5923.542,2000,6249.56,5828.202,2000,6374.791,5790.79,2000,6126.915,5712.368,2000,6355.137,5673.066,2000,6192.087
5925.669,2000,6251.439,5826.966,2000,6377.345,5788.437,2000,6125.329,5712.761,2000,6357.947,5670.363,2000,6191.225
5926.787,2000,6252.494,5826.252,2000,6378.707,5787.135,2000,6124.512,5713.023,2000,6359.461,5668.884,2000,6190.806
5928.797,2000,6254.519,5824.844,2000,6381.188,5784.67,2000,6123.075,5713.602,2000,6362.255,5666.115,2000,6190.119
5929.848,2000,6255.649,5824.039,2000,6382.504,5783.312,2000,6122.342,5713.964,2000,6363.755,5664.605,2000,6189.796
5931.729,2000,6257.811,5822.464,2000,6384.899,5780.747,2000,6121.064,5714.727,2000,6366.518,5661.785,2000,6189.289
5933.126,2000,6259.526,5821.189,2000,6386.707,5778.736,2000,6120.143,5715.386,2000,6368.629,5659.596,2000,6188.969
5934.47,2000,6261.291,5819.852,2000,6388.477,5776.689,2000,6119.286,5716.115,2000,6370.724,5657.392,2000,6188.72
5935.75,2000,6263.091,5818.463,2000,6390.194,5774.625,2000,6118.499,5716.91,2000,6372.785,5655.189,2000,6188.544
5936.823,2000,6264.71,5817.193,2000,6391.664,5772.789,2000,6117.867,5717.667,2000,6374.574,5653.25,2000,6188.453
5938.147,2000,6266.857,5815.482,2000,6393.519,5770.377,2000,6117.125,5718.726,2000,6376.864,5650.727,2000,6188.417
5939.257,2000,6268.796,5814.022,2000,6395.209,5768.221,2000,6116.538,5719.597,2000,6378.921,5648.493,2000,6188.458
5939.991,2000,6270.183,5813.036,2000,6396.429,5766.695,2000,6116.176,5720.161,2000,6380.385,5646.926,2000,6188.539
5941.269,2000,6272.798,5811.281,2000,6398.751,5763.843,2000,6115.596,5721.118,2000,6383.134,5644.026,2000,6188.783
5942.188,2000,6274.846,5809.987,2000,6400.586,5761.629,2000,6115.221,5721.787,2000,6385.277,5641.796,2000,6189.044
5942.701,2000,6276.097,5809.245,2000,6401.715,5760.29,2000,6115.039,5722.147,2000,6386.58,5640.459,2000,6189.245
5943.799,2000,6279.049,5807.602,2000,6404.402,5757.156,2000,6114.717,5722.886,2000,6389.642,5637.361,2000,6189.815
5944.23,2000,6280.333,5806.933,2000,6405.581,5755.805,2000,6114.623,5723.161,2000,6390.968,5636.038,2000,6190.104
5945.137,2000,6283.364,5805.462,2000,6408.382,5752.643,2000,6114.507,5723.701,2000,6394.085,5632.971,2000,6190.879
5945.713,2000,6285.544,5804.48,2000,6410.412,5750.388,2000,6114.498,5724.013,2000,6396.318,5630.804,2000,6191.503
5946.22,2000,6287.756,5803.559,2000,6412.486,5748.119,2000,6114.563,5724.253,2000,6398.576,5628.644,2000,6192.202
5946.568,2000,6289.541,5802.875,2000,6414.171,5746.304,2000,6114.674,5724.386,2000,6400.389,5626.934,2000,6192.818
5947.001,2000,6292.227,5801.936,2000,6416.725,5743.596,2000,6114.929,5724.497,2000,6403.107,5624.406,2000,6193.824
5947.232,2000,6294.034,5801.363,2000,6418.454,5741.789,2000,6115.16,5724.511,2000,6404.929,5622.736,2000,6194.552
5947.547,2000,6297.361,5800.417,2000,6421.659,5738.489,2000,6115.69,5724.428,2000,6408.27,5619.718,2000,6195.987
5947.594,2000,6298.118,5800.226,2000,6422.393,5737.744,2000,6115.835,5724.384,2000,6409.027,5619.044,2000,6196.335
5947.687,2000,6301.309,5799.524,2000,6425.507,5734.632,2000,6116.547,5724.096,2000,6412.207,5616.257,2000,6197.892
5947.679,2000,6303.589,5799.096,2000,6427.747,5732.428,2000,6117.128,5723.816,2000,6414.469,5614.304,2000,6199.068
5947.604,2000,6305.652,5798.775,2000,6429.787,5730.45,2000,6117.72,5723.496,2000,6416.509,5612.571,2000,6200.191
5947.367,2000,6309.065,5798.354,2000,6433.181,5727.206,2000,6118.806,5722.855,2000,6419.869,5609.762,2000,6202.144
5947.288,2000,6309.839,5798.283,2000,6433.957,5726.477,2000,6119.077,5722.684,2000,6420.628,5609.138,2000,6202.608
5946.898,2000,6312.714,5798.115,2000,6436.853,5723.792,2000,6120.176,5721.955,2000,6423.436,5606.87,2000,6204.417
5946.516,2000,6314.977,5798.057,2000,6439.146,5721.698,2000,6121.115,5721.306,2000,6425.636,5605.124,2000,6205.905
5946.059,2000,6317.231,5798.074,2000,6441.447,5719.63,2000,6122.124,5720.584,2000,6427.82,5603.422,2000,6207.453
5945.582,2000,6319.246,5798.157,2000,6443.516,5717.8,2000,6123.093,5719.87,2000,6429.764,5601.938,2000,6208.896
5944.919,2000,6321.682,5798.34,2000,6446.033,5715.609,2000,6124.346,5718.922,2000,6432.103,5600.186,2000,6210.714
5944.24,2000,6323.891,5798.584,2000,6448.331,5713.642,2000,6125.558,5717.985,2000,6434.215,5598.638,2000,6212.43
5943.64,2000,6325.637,5798.839,2000,6450.16,5712.103,2000,6126.578,5717.181,2000,6435.877,5597.446,2000,6213.84
5942.657,2000,6328.221,5799.31,2000,6452.884,5709.849,2000,6128.179,5715.897,2000,6438.326,5595.732,2000,6216.01
5941.765,2000,6330.351,5799.777,2000,6455.145,5708.011,2000,6129.577,5714.758,2000,6440.334,5594.36,2000,6217.867
5940.804,2000,6332.453,5800.318,2000,6457.392,5706.219,2000,6131.035,5713.554,2000,6442.306,5593.049,2000,6219.77
5940.184,2000,6333.698,5800.688,2000,6458.733,5705.169,2000,6131.948,5712.79,2000,6443.468,5592.298,2000,6220.941
5938.648,2000,6336.546,5801.65,2000,6461.822,5702.798,2000,6134.15,5710.926,2000,6446.112,5590.641,2000,6223.719
5937.948,2000,6337.748,5802.107,2000,6463.136,5701.811,2000,6135.13,5710.088,2000,6447.223,5589.967,2000,6224.937
5936.226,2000,6340.494,5803.271,2000,6466.16,5699.585,2000,6137.486,5708.052,2000,6449.744,5588.493,2000,6227.822
5934.932,2000,6342.415,5804.174,2000,6468.293,5698.051,2000,6139.222,5706.539,2000,6451.497,5587.507,2000,6229.918
5933.849,2000,6343.915,5804.95,2000,6469.973,5696.871,2000,6140.647,5705.285,2000,6452.857,5586.774,2000,6231.617
5932.141,2000,6346.123,5806.037,2000,6472.544,5695.163,2000,6142.855,5703.461,2000,6454.97,5585.754,2000,6234.216
5930.662,2000,6347.912,5806.871,2000,6474.709,5693.803,2000,6144.736,5702.004,2000,6456.774,5584.977,2000,6236.402
5929.124,2000,6349.653,5807.634,2000,6476.904,5692.504,2000,6146.662,5700.604,2000,6458.628,5584.271,2000,6238.616
5928.004,2000,6350.839,5808.119,2000,6478.461,5691.637,2000,6148.044,5699.665,2000,6459.961,5583.826,2000,6240.185
5925.638,2000,6353.188,5809.005,2000,6481.675,5689.958,2000,6150.924,5697.835,2000,6462.747,5583.023,2000,6243.421
5924.511,2000,6354.235,5809.366,2000,6483.17,5689.228,2000,6152.278,5697.033,2000,6464.059,5582.701,2000,6244.925
5922.427,2000,6356.049,5809.925,2000,6485.876,5687.995,2000,6154.751,5695.671,2000,6466.462,5582.212,2000,6247.645
5921.051,2000,6357.169,5810.227,2000,6487.625,5687.256,2000,6156.364,5694.847,2000,6468.032,5581.956,2000,6249.4
5919.029,2000,6358.804,5810.585,2000,6490.2,5686.251,2000,6158.763,5693.716,2000,6470.373,5581.665,2000,6251.984
5917.414,2000,6360.125,5810.805,2000,6492.275,5685.508,2000,6160.713,5692.87,2000,6472.279,5581.499,2000,6254.064
5916.141,2000,6361.185,5810.926,2000,6493.927,5684.969,2000,6162.279,5692.249,2000,6473.814,5581.421,2000,6255.719
5914.24,2000,6362.79,5811.026,2000,6496.413,5684.237,2000,6164.657,5691.391,2000,6476.148,5581.385,2000,6258.207
5912.653,2000,6364.143,5811.042,2000,6498.499,5683.689,2000,6166.669,5690.736,2000,6478.127,5581.424,2000,6260.292
5911.544,2000,6365.106,5811.004,2000,6499.967,5683.35,2000,6168.098,5690.321,2000,6479.535,5581.499,2000,6261.758
5909.495,2000,6366.911,5810.846,2000,6502.693,5682.806,2000,6170.774,5689.636,2000,6482.177,5581.728,2000,6264.479
5907.917,2000,6368.313,5810.655,2000,6504.794,5682.454,2000,6172.854,5689.173,2000,6484.234,5581.974,2000,6266.575
5906.973,2000,6369.168,5810.498,2000,6506.059,5682.283,2000,6174.117,5688.934,2000,6485.485,5582.163,2000,6267.835
5904.786,2000,6371.18,5810.036,2000,6508.994,5681.979,2000,6177.073,5688.473,2000,6488.42,5582.701,2000,6270.757
5903.224,2000,6372.634,5809.635,2000,6511.091,5681.831,2000,6179.203,5688.211,2000,6490.538,5583.156,2000,6272.843
5901.823,2000,6373.959,5809.211,2000,6512.972,5681.76,2000,6181.129,5688.038,2000,6492.457,5583.629,2000,6274.712
5900.124,2000,6375.586,5808.619,2000,6515.249,5681.75,2000,6183.482,5687.902,2000,6494.805,5584.28,2000,6276.972
5898.731,2000,6376.949,5808.067,2000,6517.118,5681.806,2000,6185.43,5687.854,2000,6496.752,5584.88,2000,6278.826
5896.431,2000,6379.209,5807.053,2000,6520.179,5682.004,2000,6188.649,5687.879,2000,6499.976,5585.973,2000,6281.86
5895.906,2000,6379.735,5806.797,2000,6520.876,5682.074,2000,6189.388,5687.91,2000,6500.717,5586.247,2000,6282.55
5893.978,2000,6381.69,5805.765,2000,6523.421,5682.421,2000,6192.112,5688.111,2000,6503.455,5587.345,2000,6285.067
5892.459,2000,6383.253,5804.88,2000,6525.413,5682.767,2000,6194.264,5688.341,2000,6505.622,5588.281,2000,6287.035
5890.946,2000,6384.828,5803.929,2000,6527.378,5683.185,2000,6196.408,5688.643,2000,6507.784,5589.283,2000,6288.975
5889.748,2000,6386.095,5803.118,2000,6528.923,5683.574,2000,6198.108,5688.94,2000,6509.502,5590.133,2000,6290.497
5887.944,2000,6388.027,5801.814,2000,6531.221,5684.239,2000,6200.665,5689.476,2000,6512.089,5591.497,2000,6292.76
5886.602,2000,6389.487,5800.779,2000,6532.914,5684.734,2000,6202.586,5689.941,2000,6514.017,5592.575,2000,6294.425
5884.981,2000,6391.274,5799.454,2000,6534.929,5685.331,2000,6204.922,5690.583,2000,6516.341,5593.951,2000,6296.404
5883.498,2000,6392.928,5798.174,2000,6536.744,5685.877,2000,6207.076,5691.245,2000,6518.461,5595.278,2000,6298.185
5882.324,2000,6394.259,5797.104,2000,6538.16,5686.31,2000,6208.797,5691.829,2000,6520.137,5596.342,2000,6299.605
5880.579,2000,6396.265,5795.433,2000,6540.228,5686.953,2000,6211.377,5692.785,2000,6522.618,5597.926,2000,6301.74
5879.129,2000,6397.953,5793.978,2000,6541.912,5687.487,2000,6213.537,5693.652,2000,6524.666,5599.242,2000,6303.532
5877.69,2000,6399.653,5792.467,2000,6543.549,5688.017,2000,6215.701,5694.587,2000,6526.688,5600.552,2000,6305.333
5876.257,2000,6401.364,5791.008,2000,6545.237,5688.544,2000,6217.869,5695.457,2000,6528.743,5601.857,2000,6307.143
5875.124,2000,6402.74,5789.888,2000,6546.624,5688.961,2000,6219.602,5696.098,2000,6530.406,5602.892,2000,6308.593
5873.424,2000,6404.832,5788.263,2000,6548.774,5689.587,2000,6222.224,5696.984,2000,6532.951,5604.445,2000,6310.794
5872.017,2000,6406.581,5786.969,2000,6550.608,5690.104,2000,6224.408,5697.653,2000,6535.094,5605.732,2000,6312.632
5870.899,2000,6407.995,5785.979,2000,6552.114,5690.516,2000,6226.163,5698.133,2000,6536.831,5606.757,2000,6314.113
5869.239,2000,6410.121,5784.571,2000,6554.416,5691.127,2000,6228.79,5698.766,2000,6539.453,5608.281,2000,6316.336
5867.86,2000,6411.905,5783.458,2000,6556.376,5691.634,2000,6230.987,5699.223,2000,6541.661,5609.548,2000,6318.199
5866.901,2000,6413.167,5782.722,2000,6557.78,5691.987,2000,6232.532,5699.493,2000,6543.223,5610.431,2000,6319.514
5865.142,2000,6415.514,5781.444,2000,6560.42,5692.635,2000,6235.394,5699.899,2000,6546.128,5612.053,2000,6321.955
5863.79,2000,6417.332,5780.524,2000,6562.49,5693.132,2000,6237.603,5700.139,2000,6548.38,5613.3,2000,6323.842
5862.986,2000,6418.433,5780.012,2000,6563.754,5693.428,2000,6238.934,5700.238,2000,6549.74,5614.044,2000,6324.984
5861.127,2000,6421.014,5778.914,2000,6566.739,5694.113,2000,6242.04,5700.367,2000,6552.917,5615.766,2000,6327.654
5859.819,2000,6422.854,5778.204,2000,6568.883,5694.595,2000,6244.247,5700.385,2000,6555.176,5616.979,2000,6329.555
5858.507,2000,6424.725,5777.557,2000,6571.074,5695.078,2000,6246.479,5700.328,2000,6557.459,5618.198,2000,6331.484
5857.207,2000,6426.597,5776.983,2000,6573.279,5695.557,2000,6248.708,5700.197,2000,6559.735,5619.407,2000,6333.412
5856.304,2000,6427.918,5776.631,2000,6574.841,5695.889,2000,6250.273,5700.052,2000,6561.329,5620.248,2000,6334.77
5854.646,2000,6430.377,5776.074,2000,6577.753,5696.5,2000,6253.175,5699.688,2000,6564.271,5621.794,2000,6337.294
5853.375,2000,6432.278,5775.719,2000,6580.012,5696.969,2000,6255.413,5699.333,2000,6566.53,5622.981,2000,6339.243
5852.62,2000,6433.429,5775.549,2000,6581.378,5697.247,2000,6256.761,5699.076,2000,6567.882,5623.688,2000,6340.42
5850.877,2000,6436.117,5775.259,2000,6584.568,5697.889,2000,6259.899,5698.373,2000,6571.007,5625.321,2000,6343.168
5849.641,2000,6438.05,5775.126,2000,6586.859,5698.345,2000,6262.148,5697.796,2000,6573.229,5626.481,2000,6345.141
5848.415,2000,6439.987,5775.068,2000,6589.151,5698.797,2000,6264.396,5697.148,2000,6575.428,5627.633,2000,6347.116
5847.441,2000,6441.55,5775.082,2000,6590.993,5699.157,2000,6266.202,5696.569,2000,6577.176,5628.55,2000,6348.708
5845.997,2000,6443.897,5775.193,2000,6593.746,5699.69,2000,6268.906,5695.619,2000,6579.763,5629.911,2000,6351.094
5844.799,2000,6445.862,5775.36,2000,6596.042,5700.132,2000,6271.164,5694.755,2000,6581.896,5631.041,2000,6353.09
5843.968,2000,6447.249,5775.531,2000,6597.649,5700.439,2000,6272.751,5694.1,2000,6583.373,5631.826,2000,6354.497
5842.445,2000,6449.822,5775.943,2000,6600.611,5701.002,2000,6275.688,5692.798,2000,6586.065,5633.268,2000,6357.105
5841.281,2000,6451.815,5776.336,2000,6602.885,5701.432,2000,6277.956,5691.726,2000,6588.109,5634.371,2000,6359.122
5840.127,2000,6453.81,5776.803,2000,6605.142,5701.858,2000,6280.221,5690.589,2000,6590.114,5635.465,2000,6361.14
5839.215,2000,6455.411,5777.234,2000,6606.933,5702.195,2000,6282.032,5689.629,2000,6591.686,5636.332,2000,6362.756
5837.851,2000,6457.835,5777.975,2000,6609.614,5702.7,2000,6284.768,5688.102,2000,6594.011,5637.63,2000,6365.203
5836.838,2000,6459.659,5778.595,2000,6611.606,5703.074,2000,6286.82,5686.9,2000,6595.716,5638.594,2000,6367.042
5835.618,2000,6461.881,5779.428,2000,6614,5703.525,2000,6289.314,5685.373,2000,6597.74,5639.757,2000,6369.281
5834.621,2000,6463.724,5780.18,2000,6615.956,5703.894,2000,6291.376,5684.056,2000,6599.369,5640.709,2000,6371.135
5833.425,2000,6465.961,5781.168,2000,6618.292,5704.336,2000,6293.875,5682.398,2000,6601.29,5641.853,2000,6373.384
5832.339,2000,6468.02,5782.004,2000,6620.464,5704.738,2000,6296.167,5680.936,2000,6603.1,5642.893,2000,6375.452
5831.263,2000,6470.076,5782.767,2000,6622.657,5705.136,2000,6298.454,5679.538,2000,6604.953,5643.924,2000,6377.517
5830.517,2000,6471.526,5783.251,2000,6624.214,5705.468,2000,6300.05,5678.598,2000,6606.286,5644.6,2000,6378.991
5829.148,2000,6474.21,5784.053,2000,6627.119,5706.178,2000,6302.979,5676.944,2000,6608.804,5645.76,2000,6381.752
5828.418,2000,6475.671,5784.436,2000,6628.706,5706.615,2000,6304.552,5676.092,2000,6610.197,5646.339,2000,6383.269
5826.676,2000,6479.203,5785.232,2000,6632.563,5707.791,2000,6308.31,5674.15,2000,6613.623,5647.614,2000,6386.967
5825.692,2000,6481.202,5785.612,2000,6634.758,5708.525,2000,6310.414,5673.115,2000,6615.596,5648.267,2000,6389.082
5825.438,2000,6481.727,5785.692,2000,6635.335,5708.735,2000,6310.957,5672.862,2000,6616.121,5648.419,2000,6389.64
5824.037,2000,6484.662,5786.035,2000,6638.569,5710.006,2000,6313.951,5671.542,2000,6619.094,5649.168,2000,6392.781
5823.043,2000,6486.767,5786.204,2000,6640.89,5710.985,2000,6316.062,5670.669,2000,6621.25,5649.629,2000,6395.044
5822.155,2000,6488.673,5786.289,2000,6642.992,5711.807,2000,6317.998,5669.943,2000,6623.225,5650.113,2000,6397.074
5821.089,2000,6490.991,5786.308,2000,6645.543,5712.727,2000,6320.378,5669.142,2000,6625.647,5650.779,2000,6399.515
5820.119,2000,6493.121,5786.249,2000,6647.883,5713.498,2000,6322.587,5668.48,2000,6627.892,5651.464,2000,6401.733
5819.352,2000,6494.83,5786.14,2000,6649.752,5714.057,2000,6324.375,5668.01,2000,6629.705,5652.069,2000,6403.488
5818.216,2000,6497.385,5785.887,2000,6652.537,5714.804,2000,6327.069,5667.396,2000,6632.433,5653.058,2000,6406.078
5817.464,2000,6499.101,5785.656,2000,6654.396,5715.246,2000,6328.889,5667.045,2000,6634.272,5653.777,2000,6407.79
5816.353,2000,6501.669,5785.221,2000,6657.161,5715.815,2000,6331.629,5666.611,2000,6637.037,5654.896,2000,6410.33
5815.432,2000,6503.815,5784.782,2000,6659.454,5716.366,2000,6333.899,5666.324,2000,6639.354,5655.76,2000,6412.478
5814.793,2000,6505.329,5784.421,2000,6661.057,5716.805,2000,6335.481,5666.176,2000,6640.99,5656.318,2000,6414.008
5813.5,2000,6508.422,5783.578,2000,6664.302,5717.806,2000,6338.681,5665.983,2000,6644.337,5657.354,2000,6417.168
5812.912,2000,6509.848,5783.141,2000,6665.781,5718.314,2000,6340.137,5665.945,2000,6645.879,5657.783,2000,6418.637
5811.849,2000,6512.457,5782.255,2000,6668.456,5719.33,2000,6342.766,5665.967,2000,6648.697,5658.478,2000,6421.345
5810.973,2000,6514.628,5781.447,2000,6670.653,5720.245,2000,6344.92,5666.062,2000,6651.036,5658.982,2000,6423.612
5810.281,2000,6516.374,5780.741,2000,6672.393,5721.035,2000,6346.624,5666.199,2000,6652.909,5659.327,2000,6425.443
5808.968,2000,6519.714,5779.284,2000,6675.673,5722.438,2000,6349.928,5666.579,2000,6656.478,5660.1,2000,6428.92
5808.404,2000,6521.171,5778.604,2000,6677.08,5723,2000,6351.385,5666.795,2000,6658.025,5660.485,2000,6430.422
5807.335,2000,6523.943,5777.223,2000,6679.71,5723.98,2000,6354.19,5667.302,2000,6660.953,5661.312,2000,6433.252
5807.059,2000,6524.673,5776.837,2000,6680.389,5724.213,2000,6354.936,5667.46,2000,6661.717,5661.554,2000,6433.989
5805.744,2000,6528.182,5774.882,2000,6683.586,5725.215,2000,6358.546,5668.339,2000,6665.36,5662.828,2000,6437.485
5805.093,2000,6529.938,5773.854,2000,6685.151,5725.656,2000,6360.366,5668.838,2000,6667.165,5663.512,2000,6439.216
5804.287,2000,6532.14,5772.502,2000,6687.066,5726.133,2000,6362.662,5669.537,2000,6669.403,5664.36,2000,6441.386
5803.487,2000,6534.345,5771.088,2000,6688.938,5726.536,2000,6364.973,5670.308,2000,6671.618,5665.203,2000,6443.562
5802.861,2000,6536.104,5769.915,2000,6690.39,5726.916,2000,6366.8,5670.979,2000,6673.36,5665.816,2000,6445.314
5801.609,2000,6539.649,5767.458,2000,6693.234,5727.802,2000,6370.454,5672.445,2000,6676.822,5666.937,2000,6448.883
5801.087,2000,6541.136,5766.467,2000,6694.459,5728.223,2000,6371.972,5673.012,2000,6678.292,5667.357,2000,6450.394
5800.679,2000,6542.319,5765.712,2000,6695.458,5728.597,2000,6373.167,5673.423,2000,6679.475,5667.652,2000,6451.605
5799.616,2000,6545.433,5763.816,2000,6698.147,5729.682,2000,6376.273,5674.403,2000,6682.616,5668.322,2000,6454.812
5798.871,2000,6547.637,5762.538,2000,6700.091,5730.52,2000,6378.443,5675.023,2000,6684.858,5668.721,2000,6457.095
5798.199,2000,6549.662,5761.425,2000,6701.911,5731.223,2000,6380.457,5675.523,2000,6686.932,5669.156,2000,6459.175
5797.099,2000,6552.985,5759.697,2000,6704.956,5732.269,2000,6383.798,5676.233,2000,6690.36,5669.98,2000,6462.564
5796.848,2000,6553.756,5759.32,2000,6705.673,5732.485,2000,6384.579,5676.372,2000,6691.159,5670.197,2000,6463.343
5795.934,2000,6556.579,5758.028,2000,6708.344,5733.185,2000,6387.463,5676.782,2000,6694.098,5671.083,2000,6466.166
5795.433,2000,6558.153,5757.357,2000,6709.854,5733.521,2000,6389.08,5676.957,2000,6695.74,5671.627,2000,6467.72
5794.516,2000,6561.062,5756.211,2000,6712.68,5734.044,2000,6392.085,5677.18,2000,6698.782,5672.624,2000,6470.595
5793.816,2000,6563.306,5755.399,2000,6714.886,5734.522,2000,6394.387,5677.275,2000,6701.131,5673.319,2000,6472.834
5793.122,2000,6565.553,5754.66,2000,6717.118,5735.076,2000,6396.672,5677.293,2000,6703.482,5673.941,2000,6475.097
5792.577,2000,6567.342,5754.13,2000,6718.913,5735.576,2000,6398.475,5677.247,2000,6705.353,5674.377,2000,6476.913
5791.759,2000,6570.056,5753.417,2000,6721.655,5736.422,2000,6401.18,5677.084,2000,6708.182,5674.947,2000,6479.684
5791.087,2000,6572.31,5752.9,2000,6723.95,5737.198,2000,6403.4,5676.872,2000,6710.524,5675.345,2000,6481.999
5790.421,2000,6574.568,5752.458,2000,6726.262,5737.901,2000,6405.647,5676.583,2000,6712.861,5675.818,2000,6484.301
5789.763,2000,6576.825,5752.092,2000,6728.585,5738.529,2000,6407.913,5676.218,2000,6715.184,5676.367,2000,6486.585
5789.11,2000,6579.087,5751.802,2000,6730.921,5739.084,2000,6410.201,5675.776,2000,6717.496,5676.99,2000,6488.852
5788.464,2000,6581.351,5751.589,2000,6733.266,5739.563,2000,6412.506,5675.26,2000,6719.792,5677.688,2000,6491.098
5787.823,2000,6583.616,5751.453,2000,6735.615,5739.967,2000,6414.825,5674.668,2000,6722.071,5678.397,2000,6493.339
5787.378,2000,6585.208,5751.411,2000,6737.269,5740.304,2000,6416.444,5674.201,2000,6723.657,5678.844,2000,6494.93
5786.565,2000,6588.153,5751.434,2000,6740.323,5741.024,2000,6419.412,5673.242,2000,6726.557,5679.572,2000,6497.894
5785.945,2000,6590.424,5751.528,2000,6742.675,5741.653,2000,6421.681,5672.43,2000,6728.767,5680.059,2000,6500.196
5785.33,2000,6592.698,5751.7,2000,6745.025,5742.357,2000,6423.929,5671.545,2000,6730.95,5680.47,2000,6502.514
5784.722,2000,6594.972,5751.948,2000,6747.365,5742.986,2000,6426.197,5670.591,2000,6733.102,5680.957,2000,6504.815
5784.12,2000,6597.25,5752.272,2000,6749.698,5743.541,2000,6428.487,5669.565,2000,6735.223,5681.519,2000,6507.102
5783.521,2000,6599.527,5752.673,2000,6752.019,5744.021,2000,6430.792,5668.472,2000,6737.309,5682.155,2000,6509.369
5783.165,2000,6600.904,5752.961,2000,6753.412,5744.264,2000,6432.193,5667.771,2000,6738.545,5682.552,2000,6510.733
5782.347,2000,6604.093,5753.732,2000,6756.612,5744.935,2000,6435.417,5666.054,2000,6741.354,5683.367,2000,6513.922
5781.769,2000,6606.375,5754.358,2000,6758.881,5745.489,2000,6437.704,5664.762,2000,6743.322,5683.875,2000,6516.22
5781.2,2000,6608.637,5755.052,2000,6761.109,5746.113,2000,6439.952,5663.417,2000,6745.229,5684.304,2000,6518.512
5780.702,2000,6610.65,5755.733,2000,6763.067,5746.732,2000,6441.931,5662.168,2000,6746.885,5684.619,2000,6520.562
5779.878,2000,6614.004,5756.974,2000,6766.29,5747.655,2000,6445.259,5659.998,2000,6749.571,5685.253,2000,6523.955
5779.506,2000,6615.531,5757.586,2000,6767.738,5748.025,2000,6446.787,5658.971,2000,6750.761,5685.593,2000,6525.49
5778.961,2000,6617.793,5758.422,2000,6769.91,5748.499,2000,6449.065,5657.508,2000,6752.572,5686.169,2000,6527.744
5778.479,2000,6619.814,5759.104,2000,6771.872,5748.855,2000,6451.112,5656.256,2000,6754.23,5686.708,2000,6529.75
5777.869,2000,6622.404,5759.896,2000,6774.413,5749.226,2000,6453.747,5654.724,2000,6756.405,5687.389,2000,6532.322
5777.331,2000,6624.701,5760.523,2000,6776.687,5749.63,2000,6456.07,5653.429,2000,6758.376,5687.918,2000,6534.621
5776.958,2000,6626.314,5760.912,2000,6778.296,5749.968,2000,6457.691,5652.565,2000,6759.79,5688.237,2000,6536.246
5776.275,2000,6629.296,5761.531,2000,6781.292,5750.688,2000,6460.664,5651.057,2000,6762.45,5688.727,2000,6539.265
5775.752,2000,6631.594,5761.932,2000,6783.614,5751.168,2000,6462.972,5649.962,2000,6764.538,5689.18,2000,6541.578
5775.44,2000,6632.982,5762.128,2000,6785.023,5751.413,2000,6464.373,5649.343,2000,6765.818,5689.5,2000,6542.964
5774.726,2000,6636.199,5762.476,2000,6788.3,5751.871,2000,6467.636,5648.007,2000,6768.831,5690.293,2000,6546.162
5774.219,2000,6638.501,5762.647,2000,6790.651,5752.275,2000,6469.958,5647.122,2000,6771.016,5690.786,2000,6548.467
5773.82,2000,6640.332,5762.723,2000,6792.523,5752.657,2000,6471.792,5646.476,2000,6772.774,5691.117,2000,6550.311
5773.22,2000,6643.111,5762.744,2000,6795.366,5753.327,2000,6474.556,5645.583,2000,6775.474,5691.528,2000,6553.125
5772.775,2000,6645.194,5762.69,2000,6797.496,5753.896,2000,6476.609,5644.98,2000,6777.517,5691.767,2000,6555.241
5772.243,2000,6647.71,5762.541,2000,6800.063,5754.502,2000,6479.108,5644.334,2000,6780.006,5692.139,2000,6557.786
5771.755,2000,6650.033,5762.326,2000,6802.427,5754.985,2000,6481.432,5643.813,2000,6782.322,5692.559,2000,6560.122
5771.371,2000,6651.887,5762.093,2000,6804.307,5755.31,2000,6483.298,5643.458,2000,6784.182,5692.955,2000,6561.974
5770.803,2000,6654.646,5761.655,2000,6807.089,5755.702,2000,6486.087,5643.021,2000,6786.965,5693.583,2000,6564.72
5770.342,2000,6656.905,5761.222,2000,6809.354,5755.948,2000,6488.379,5642.738,2000,6789.253,5694.091,2000,6566.968
5770.029,2000,6658.455,5760.875,2000,6810.896,5756.065,2000,6489.957,5642.596,2000,6790.828,5694.435,2000,6568.512
5769.475,2000,6661.218,5760.166,2000,6813.624,5756.366,2000,6492.758,5642.434,2000,6793.641,5694.958,2000,6571.281
5769.065,2000,6663.275,5759.571,2000,6815.636,5756.658,2000,6494.836,5642.381,2000,6795.739,5695.279,2000,6573.354
5768.826,2000,6664.488,5759.183,2000,6816.809,5756.87,2000,6496.054,5642.391,2000,6796.975,5695.428,2000,6574.582
5768.294,2000,6667.203,5758.227,2000,6819.406,5757.434,2000,6498.763,5642.503,2000,6799.739,5695.672,2000,6577.338
5767.929,2000,6669.079,5757.509,2000,6821.177,5757.884,2000,6500.62,5642.644,2000,6801.645,5695.778,2000,6579.246
5767.613,2000,6670.719,5756.831,2000,6822.704,5758.224,2000,6502.256,5642.82,2000,6803.306,5695.926,2000,6580.91
5767.244,2000,6672.645,5755.977,2000,6824.468,5758.561,2000,6504.188,5643.091,2000,6805.248,5696.163,2000,6582.856
5766.948,2000,6674.195,5755.243,2000,6825.866,5758.78,2000,6505.75,5643.361,2000,6806.803,5696.404,2000,6584.416
5766.605,2000,6676.006,5754.333,2000,6827.469,5758.977,2000,6507.583,5643.735,2000,6808.608,5696.746,2000,6586.228
5766.303,2000,6677.613,5753.48,2000,6828.864,5759.098,2000,6509.213,5644.119,2000,6810.197,5697.078,2000,6587.828
5766.069,2000,6678.867,5752.779,2000,6829.93,5759.151,2000,6510.488,5644.458,2000,6811.427,5697.334,2000,6589.078
5765.733,2000,6680.672,5751.721,2000,6831.431,5759.287,2000,6512.319,5645.005,2000,6813.18,5697.645,2000,6590.888
5765.463,2000,6682.132,5750.826,2000,6832.615,5759.445,2000,6513.795,5645.494,2000,6814.582,5697.847,2000,6592.358
5765.203,2000,6683.547,5749.922,2000,6833.734,5759.646,2000,6515.22,5646.011,2000,6815.924,5697.997,2000,6593.789
5765.05,2000,6684.381,5749.367,2000,6834.376,5759.791,2000,6516.056,5646.342,2000,6816.706,5698.057,2000,6594.635
5764.709,2000,6686.253,5748.077,2000,6835.774,5760.178,2000,6517.918,5647.141,2000,6818.432,5698.131,2000,6596.536
5764.478,2000,6687.528,5747.167,2000,6836.697,5760.4,2000,6519.195,5647.723,2000,6819.59,5698.223,2000,6597.829
5764.252,2000,6688.781,5746.245,2000,6837.574,5760.578,2000,6520.455,5648.332,2000,6820.708,5698.355,2000,6599.094
5764.077,2000,6689.757,5745.549,2000,6838.281,5760.684,2000,6521.441,5648.778,2000,6821.594,5698.491,2000,6600.077
5763.825,2000,6691.163,5744.581,2000,6839.33,5760.79,2000,6522.866,5649.377,2000,6822.89,5698.732,2000,6601.484
5763.662,2000,6692.079,5743.972,2000,6840.035,5760.828,2000,6523.796,5649.74,2000,6823.747,5698.91,2000,6602.398
5763.375,2000,6693.693,5742.941,2000,6841.31,5760.842,2000,6525.436,5650.33,2000,6825.277,5699.223,2000,6604.008
5763.312,2000,6694.049,5742.724,2000,6841.598,5760.857,2000,6525.796,5650.449,2000,6825.619,5699.28,2000,6604.365
5763.004,2000,6695.798,5741.7,2000,6843.049,5760.989,2000,6527.567,5650.978,2000,6827.314,5699.504,2000,6606.126
5762.903,2000,6696.375,5741.378,2000,6843.539,5761.052,2000,6528.149,5651.133,2000,6827.878,5699.559,2000,6606.709
5762.666,2000,6697.732,5740.66,2000,6844.714,5761.244,2000,6529.513,5651.457,2000,6829.217,5699.643,2000,6608.084
5762.611,2000,6698.046,5740.502,2000,6844.991,5761.298,2000,6529.828,5651.521,2000,6829.53,5699.652,2000,6608.403
5762.389,2000,6699.325,5739.898,2000,6846.141,5761.563,2000,6531.098,5651.743,2000,6830.809,5699.646,2000,6609.701
5762.235,2000,6700.21,5739.507,2000,6846.949,5761.716,2000,6531.983,5651.867,2000,6831.698,5699.671,2000,6610.599
5762.088,2000,6701.064,5739.155,2000,6847.742,5761.837,2000,6532.841,5651.959,2000,6832.561,5699.724,2000,6611.464
5761.973,2000,6701.734,5738.9,2000,6848.371,5761.909,2000,6533.517,5652.009,2000,6833.238,5699.788,2000,6612.141
5761.807,2000,6702.698,5738.562,2000,6849.289,5761.981,2000,6534.492,5652.048,2000,6834.215,5699.911,2000,6613.111
5761.699,2000,6703.327,5738.361,2000,6849.896,5762.008,2000,6535.13,5652.053,2000,6834.854,5700.012,2000,6613.741
5761.511,2000,6704.433,5738.044,2000,6850.971,5762.018,2000,6536.251,5652.025,2000,6835.975,5700.218,2000,6614.844
5761.469,2000,6704.679,5737.981,2000,6851.212,5762.028,2000,6536.5,5652.011,2000,6836.224,5700.255,2000,6615.09
5761.3,2000,6705.672,5737.759,2000,6852.196,5762.103,2000,6537.506,5651.92,2000,6837.228,5700.375,2000,6616.091
5761.184,2000,6706.361,5737.628,2000,6852.881,5762.177,2000,6538.2,5651.834,2000,6837.92,5700.435,2000,6616.787
5761.082,2000,6706.963,5737.533,2000,6853.485,5762.262,2000,6538.805,5651.74,2000,6838.524,5700.468,2000,6617.396
5760.921,2000,6707.917,5737.414,2000,6854.445,5762.428,2000,6539.758,5651.559,2000,6839.474,5700.488,2000,6618.363
5760.884,2000,6708.135,5737.394,2000,6854.666,5762.459,2000,6539.978,5651.51,2000,6839.691,5700.5,2000,6618.585
5760.756,2000,6708.901,5737.349,2000,6855.441,5762.542,2000,6540.75,5651.315,2000,6840.442,5700.566,2000,6619.358
5760.657,2000,6709.489,5737.334,2000,6856.037,5762.586,2000,6541.344,5651.146,2000,6841.014,5700.637,2000,6619.95
5760.6,2000,6709.834,5737.336,2000,6856.388,5762.601,2000,6541.694,5651.037,2000,6841.347,5700.69,2000,6620.296
5760.47,2000,6710.609,5737.368,2000,6857.172,5762.607,2000,6542.48,5650.766,2000,6842.084,5700.83,2000,6621.069
5760.381,2000,6711.145,5737.408,2000,6857.713,5762.63,2000,6543.022,5650.562,2000,6842.586,5700.909,2000,6621.606
5760.297,2000,6711.653,5737.462,2000,6858.226,5762.668,2000,6543.536,5650.353,2000,6843.058,5700.968,2000,6622.118
5760.223,2000,6712.1,5737.524,2000,6858.674,5762.716,2000,6543.986,5650.156,2000,6843.465,5701.004,2000,6622.569
5760.132,2000,6712.648,5737.619,2000,6859.222,5762.794,2000,6544.537,5649.897,2000,6843.958,5701.031,2000,6623.125
5760.054,2000,6713.12,5737.716,2000,6859.69,5762.876,2000,6545.008,5649.662,2000,6844.374,5701.039,2000,6623.603
5759.978,2000,6713.578,5737.824,2000,6860.141,5762.94,2000,6545.467,5649.42,2000,6844.77,5701.062,2000,6624.066
5759.934,2000,6713.847,5737.897,2000,6860.404,5762.97,2000,6545.738,5649.27,2000,6844.998,5701.083,2000,6624.338
5759.834,2000,6714.448,5738.078,2000,6860.985,5763.015,2000,6546.345,5648.919,2000,6845.496,5701.153,2000,6624.943
5759.766,2000,6714.864,5738.217,2000,6861.383,5763.032,2000,6546.766,5648.665,2000,6845.832,5701.214,2000,6625.36
5759.713,2000,6715.184,5738.333,2000,6861.686,5763.056,2000,6547.09,5648.461,2000,6846.084,5701.251,2000,6625.682
5759.636,2000,6715.658,5738.521,2000,6862.128,5763.107,2000,6547.567,5648.147,2000,6846.448,5701.291,2000,6626.16
5759.58,2000,6715.999,5738.666,2000,6862.442,5763.156,2000,6547.91,5647.913,2000,6846.702,5701.307,2000,6626.506
5759.514,2000,6716.399,5738.848,2000,6862.804,5763.199,2000,6548.313,5647.629,2000,6846.991,5701.34,2000,6626.91
5759.456,2000,6716.755,5739.021,2000,6863.122,5763.226,2000,6548.673,5647.367,2000,6847.24,5701.381,2000,6627.269
5759.411,2000,6717.033,5739.163,2000,6863.364,5763.238,2000,6548.955,5647.157,2000,6847.427,5701.422,2000,6627.547
5759.345,2000,6717.434,5739.38,2000,6863.708,5763.268,2000,6549.359,5646.846,2000,6847.687,5701.468,2000,6627.951
5759.292,2000,6717.756,5739.563,2000,6863.978,5763.303,2000,6549.685,5646.588,2000,6847.888,5701.495,2000,6628.277
5759.256,2000,6717.979,5739.696,2000,6864.16,5763.334,2000,6549.907,5646.406,2000,6848.021,5701.505,2000,6628.501
5759.192,2000,6718.374,5739.942,2000,6864.475,5763.403,2000,6550.301,5646.075,2000,6848.246,5701.512,2000,6628.901
5759.158,2000,6718.583,5740.078,2000,6864.638,5763.433,2000,6550.511,5645.896,2000,6848.359,5701.522,2000,6629.113
5759.098,2000,6718.954,5740.328,2000,6864.918,5763.473,2000,6550.885,5645.572,2000,6848.549,5701.552,2000,6629.487
5759.053,2000,6719.23,5740.521,2000,6865.121,5763.493,2000,6551.164,5645.327,2000,6848.683,5701.584,2000,6629.765
5759.02,2000,6719.436,5740.669,2000,6865.267,5763.502,2000,6551.372,5645.141,2000,6848.777,5701.614,2000,6629.971
5758.961,2000,6719.8,5740.94,2000,6865.517,5763.505,2000,6551.741,5644.806,2000,6848.932,5701.678,2000,6630.334
5758.918,2000,6720.066,5741.144,2000,6865.693,5763.517,2000,6552.01,5644.558,2000,6849.037,5701.715,2000,6630.602
5758.877,2000,6720.322,5741.345,2000,6865.856,5763.536,2000,6552.269,5644.316,2000,6849.13,5701.743,2000,6630.859
5758.806,2000,6720.769,5741.707,2000,6866.129,5763.584,2000,6552.719,5643.889,2000,6849.279,5701.777,2000,6631.311
5758.736,2000,6721.212,5742.073,2000,6866.388,5763.646,2000,6553.163,5643.46,2000,6849.413,5701.796,2000,6631.759
5758.657,2000,6721.711,5742.495,2000,6866.665,5763.7,2000,6553.665,5642.983,2000,6849.579,5701.834,2000,6632.262
5758.598,2000,6722.09,5742.822,2000,6866.865,5763.729,2000,6554.047,5642.625,2000,6849.716,5701.876,2000,6632.644
5758.478,2000,6722.871,5743.509,2000,6867.255,5763.761,2000,6554.837,5641.897,2000,6850.024,5701.987,2000,6633.426
5758.409,2000,6723.326,5743.917,2000,6867.469,5763.795,2000,6555.295,5641.48,2000,6850.217,5702.036,2000,6633.883
5758.25,2000,6724.393,5744.888,2000,6867.939,5763.911,2000,6556.369,5640.516,2000,6850.702,5702.117,2000,6634.959
5758.16,2000,6725.005,5745.454,2000,6868.19,5763.997,2000,6556.981,5639.972,2000,6850.998,5702.144,2000,6635.577
5758.091,2000,6725.481,5745.899,2000,6868.371,5764.048,2000,6557.459,5639.558,2000,6851.242,5702.18,2000,6636.057
5757.922,2000,6726.672,5747.028,2000,6868.787,5764.137,2000,6558.659,5638.541,2000,6851.885,5702.309,2000,6637.252
5757.797,2000,6727.572,5747.891,2000,6869.072,5764.234,2000,6559.563,5637.79,2000,6852.396,5702.377,2000,6638.159
5757.681,2000,6728.431,5748.722,2000,6869.317,5764.298,2000,6560.426,5637.089,2000,6852.905,5702.471,2000,6639.02
5757.538,2000,6729.508,5749.773,2000,6869.591,5764.415,2000,6561.507,5636.232,2000,6853.574,5702.552,2000,6640.104
5757.417,2000,6730.449,5750.699,2000,6869.799,5764.485,2000,6562.453,5635.504,2000,6854.181,5702.654,2000,6641.047
5757.27,2000,6731.616,5751.854,2000,6870.02,5764.61,2000,6563.623,5634.625,2000,6854.964,5702.743,2000,6642.22
5757.132,2000,6732.742,5752.975,2000,6870.196,5764.694,2000,6564.754,5633.804,2000,6855.746,5702.865,2000,6643.348
5757.023,2000,6733.665,5753.896,2000,6870.311,5764.793,2000,6565.677,5633.152,2000,6856.407,5702.935,2000,6644.273
5756.82,2000,6735.413,5755.649,2000,6870.47,5764.924,2000,6567.433,5631.959,2000,6857.701,5703.124,2000,6646.023
5756.775,2000,6735.82,5756.058,2000,6870.494,5764.968,2000,6567.84,5631.691,2000,6858.011,5703.155,2000,6646.432
5756.588,2000,6737.574,5757.821,2000,6870.539,5765.213,2000,6569.586,5630.583,2000,6859.383,5703.229,2000,6648.194
5756.454,2000,6738.87,5759.124,2000,6870.529,5765.353,2000,6570.881,5629.799,2000,6860.423,5703.328,2000,6649.493
5756.351,2000,6739.922,5760.18,2000,6870.486,5765.431,2000,6571.936,5629.189,2000,6861.287,5703.441,2000,6650.544
5756.196,2000,6741.56,5761.821,2000,6870.367,5765.5,2000,6573.579,5628.286,2000,6862.662,5703.672,2000,6652.173
5756.071,2000,6742.938,5763.198,2000,6870.221,5765.602,2000,6574.96,5627.564,2000,6863.843,5703.821,2000,6653.549
5755.965,2000,6744.19,5764.442,2000,6870.047,5765.736,2000,6576.209,5626.945,2000,6864.937,5703.916,2000,6654.802
5755.796,2000,6746.227,5766.456,2000,6869.7,5766.021,2000,6578.233,5625.996,2000,6866.746,5704.002,2000,6656.844
5755.758,2000,6746.719,5766.939,2000,6869.6,5766.073,2000,6578.724,5625.781,2000,6867.19,5704.04,2000,6657.336
5755.603,2000,6748.817,5768.985,2000,6869.106,5766.229,2000,6580.822,5624.927,2000,6869.114,5704.266,2000,6659.428
5755.54,2000,6749.742,5769.878,2000,6868.86,5766.268,2000,6581.748,5624.58,2000,6869.973,5704.396,2000,6660.346
5755.402,2000,6751.92,5771.962,2000,6868.21,5766.287,2000,6583.931,5623.827,2000,6872.022,5704.772,2000,6662.496
5755.313,2000,6753.487,5773.444,2000,6867.695,5766.352,2000,6585.499,5623.334,2000,6873.512,5704.993,2000,6664.05
5755.198,2000,6755.55,5775.373,2000,6866.953,5766.505,2000,6587.56,5622.75,2000,6875.493,5705.215,2000,6666.104
5755.17,2000,6756.093,5775.874,2000,6866.741,5766.563,2000,6588.101,5622.613,2000,6876.02,5705.256,2000,6666.646
5755.09,2000,6757.907,5777.568,2000,6866.088,5766.816,2000,6589.899,5622.215,2000,6877.792,5705.333,2000,6668.461
5755.003,2000,6760.082,5779.624,2000,6865.374,5767.189,2000,6592.042,5621.807,2000,6879.929,5705.355,2000,6670.637
5754.941,2000,6761.782,5781.248,2000,6864.868,5767.426,2000,6593.728,5621.543,2000,6881.609,5705.427,2000,6672.336
5754.91,2000,6762.816,5782.246,2000,6864.592,5767.536,2000,6594.757,5621.416,2000,6882.637,5705.505,2000,6673.369
5754.848,2000,6765.244,5784.606,2000,6864.023,5767.716,2000,6597.178,5621.197,2000,6885.055,5705.767,2000,6675.783
5754.81,2000,6767.002,5786.329,2000,6863.667,5767.789,2000,6598.936,5621.096,2000,6886.811,5706.013,2000,6677.524
5754.788,2000,6768.414,5787.721,2000,6863.427,5767.894,2000,6600.344,5621.061,2000,6888.223,5706.166,2000,6678.928
5754.762,2000,6770.579,5789.865,2000,6863.129,5768.125,2000,6602.497,5621.078,2000,6890.388,5706.328,2000,6681.087
5754.697,2000,6772.017,5791.296,2000,6862.977,5768.325,2000,6603.922,5621.136,2000,6891.826,5706.389,2000,6682.525
5754.526,2000,6774.218,5793.498,2000,6862.816,5768.56,2000,6606.116,5621.298,2000,6894.027,5706.555,2000,6684.726
5754.343,2000,6775.878,5795.167,2000,6862.75,5768.684,2000,6607.782,5621.475,2000,6895.688,5706.735,2000,6686.387
5754.054,2000,6777.888,5797.197,2000,6862.734,5768.768,2000,6609.811,5621.755,2000,6897.699,5707.02,2000,6688.397
5753.723,2000,6779.752,5799.089,2000,6862.782,5768.908,2000,6611.699,5622.078,2000,6899.564,5707.224,2000,6690.279
5753.409,2000,6781.239,5800.607,2000,6862.871,5769.07,2000,6613.21,5622.386,2000,6901.053,5707.338,2000,6691.795
5752.864,2000,6783.456,5802.88,2000,6863.078,5769.388,2000,6615.471,5622.922,2000,6903.272,5707.436,2000,6694.076
5752.446,2000,6784.942,5804.413,2000,6863.268,5769.553,2000,6617.006,5623.333,2000,6904.76,5707.552,2000,6695.615
5751.747,2000,6787.152,5806.702,2000,6863.628,5769.725,2000,6619.317,5624.023,2000,6906.973,5707.65,2000,6697.931
5751.099,2000,6788.99,5808.616,2000,6863.994,5769.805,2000,6621.265,5624.664,2000,6908.813,5707.669,2000,6699.879
5750.598,2000,6790.274,5809.961,2000,6864.297,5769.817,2000,6622.644,5625.16,2000,6910.1,5707.638,2000,6701.258
5749.59,2000,6792.627,5812.438,2000,6864.941,5769.756,2000,6625.203,5626.158,2000,6912.457,5707.495,2000,6703.813
5748.749,2000,6794.426,5814.343,2000,6865.504,5769.696,2000,6627.188,5626.992,2000,6914.259,5707.32,2000,6705.792
5747.843,2000,6796.208,5816.241,2000,6866.132,5769.639,2000,6629.186,5627.89,2000,6916.045,5707.078,2000,6707.775
5747.076,2000,6797.603,5817.735,2000,6866.682,5769.599,2000,6630.777,5628.651,2000,6917.443,5706.834,2000,6709.349
5745.831,2000,6799.7,5819.995,2000,6867.599,5769.541,2000,6633.215,5629.887,2000,6919.545,5706.382,2000,6711.745
5745.056,2000,6801.11,5821.466,2000,6868.252,5769.508,2000,6634.824,5630.748,2000,6920.905,5706.032,2000,6713.316
5743.939,2000,6803.307,5823.684,2000,6869.325,5769.462,2000,6637.288,5632.133,2000,6922.943,5705.417,2000,6715.703
5743.094,2000,6805.114,5825.45,2000,6870.252,5769.429,2000,6639.283,5633.308,2000,6924.556,5704.856,2000,6717.617
5742.478,2000,6806.554,5826.813,2000,6871.025,5769.407,2000,6640.849,5634.271,2000,6925.791,5704.368,2000,6719.105
5741.659,2000,6808.652,5828.733,2000,6872.2,5769.38,2000,6643.1,5635.713,2000,6927.52,5703.595,2000,6721.22
5741.054,2000,6810.367,5830.253,2000,6873.199,5769.361,2000,6644.919,5636.923,2000,6928.878,5702.916,2000,6722.907
5740.676,2000,6811.561,5831.276,2000,6873.921,5769.351,2000,6646.171,5637.786,2000,6929.785,5702.41,2000,6724.052
5740.076,2000,6813.7,5833.049,2000,6875.26,5769.337,2000,6648.393,5639.369,2000,6931.343,5701.447,2000,6726.055
5739.68,2000,6815.309,5834.338,2000,6876.302,5769.33,2000,6650.05,5640.587,2000,6932.466,5700.68,2000,6727.524
5739.348,2000,6816.883,5835.556,2000,6877.354,5769.325,2000,6651.659,5641.805,2000,6933.518,5699.889,2000,6728.925
5739.132,2000,6818.096,5836.461,2000,6878.188,5769.324,2000,6652.89,5642.763,2000,6934.292,5699.249,2000,6729.978
5738.872,2000,6819.907,5837.764,2000,6879.473,5769.325,2000,6654.72,5644.224,2000,6935.394,5698.248,2000,6731.509
5738.712,2000,6821.355,5838.769,2000,6880.529,5769.328,2000,6656.177,5645.415,2000,6936.234,5697.41,2000,6732.702
5738.624,2000,6822.496,5839.529,2000,6881.384,5769.332,2000,6657.321,5646.371,2000,6936.862,5696.723,2000,6733.616
5738.55,2000,6824.136,5840.581,2000,6882.646,5769.34,2000,6658.963,5647.772,2000,6937.718,5695.693,2000,6734.896
5738.534,2000,6825.465,5841.397,2000,6883.694,5769.349,2000,6660.292,5648.928,2000,6938.373,5694.827,2000,6735.903
5738.553,2000,6826.378,5841.935,2000,6884.432,5769.356,2000,6661.205,5649.736,2000,6938.797,5694.209,2000,6736.576
5738.64,2000,6827.999,5842.847,2000,6885.774,5769.371,2000,6662.828,5651.198,2000,6939.503,5693.151,2000,6737.807
5738.744,2000,6829.205,5843.494,2000,6886.797,5769.384,2000,6664.039,5652.304,2000,6939.994,5692.393,2000,6738.75
5738.884,2000,6830.372,5844.089,2000,6887.811,5769.397,2000,6665.213,5653.393,2000,6940.435,5691.687,2000,6739.689
5739.02,2000,6831.259,5844.518,2000,6888.599,5769.409,2000,6666.111,5654.236,2000,6940.745,5691.171,2000,6740.424
5739.265,2000,6832.573,5845.118,2000,6889.793,5769.428,2000,6667.448,5655.505,2000,6941.164,5690.439,2000,6741.542
5739.473,2000,6833.516,5845.523,2000,6890.67,5769.442,2000,6668.414,5656.431,2000,6941.437,5689.938,2000,6742.368
5739.751,2000,6834.607,5845.962,2000,6891.707,5769.461,2000,6669.54,5657.521,2000,6941.72,5689.384,2000,6743.348
5740.032,2000,6835.573,5846.323,2000,6892.646,5769.479,2000,6670.546,5658.503,2000,6941.94,5688.918,2000,6744.24
5740.318,2000,6836.5,5846.642,2000,6893.563,5769.497,2000,6671.516,5659.456,2000,6942.122,5688.498,2000,6745.115
5740.596,2000,6837.399,5846.922,2000,6894.461,5769.515,2000,6672.457,5660.385,2000,6942.268,5688.118,2000,6745.976
5740.761,2000,6837.931,5847.07,2000,6894.998,5769.526,2000,6673.013,5660.938,2000,6942.336,5687.91,2000,6746.492
5741.128,2000,6839.113,5847.36,2000,6896.202,5769.552,2000,6674.251,5662.17,2000,6942.448,5687.485,2000,6747.654
5741.383,2000,6839.931,5847.533,2000,6897.041,5769.571,2000,6675.108,5663.025,2000,6942.506,5687.218,2000,6748.468
5741.606,2000,6840.648,5847.661,2000,6897.781,5769.588,2000,6675.859,5663.774,2000,6942.561,5687.007,2000,6749.189
5741.866,2000,6841.484,5847.782,2000,6898.648,5769.608,2000,6676.734,5664.647,2000,6942.63,5686.789,2000,6750.037
5742.1,2000,6842.233,5847.864,2000,6899.428,5769.627,2000,6677.518,5665.428,2000,6942.697,5686.618,2000,6750.802
5742.324,2000,6842.952,5847.919,2000,6900.18,5769.646,2000,6678.271,5666.179,2000,6942.765,5686.479,2000,6751.542
5742.542,2000,6843.65,5847.948,2000,6900.911,5769.665,2000,6679.002,5666.907,2000,6942.833,5686.366,2000,6752.265
5742.671,2000,6844.063,5847.952,2000,6901.343,5769.677,2000,6679.434,5667.337,2000,6942.876,5686.314,2000,6752.694
5742.958,2000,6844.982,5847.927,2000,6902.305,5769.703,2000,6680.396,5668.294,2000,6942.976,5686.229,2000,6753.653
5743.08,2000,6845.368,5847.904,2000,6902.709,5769.714,2000,6680.801,5668.697,2000,6943.021,5686.207,2000,6754.057
5743.35,2000,6846.231,5847.822,2000,6903.61,5769.74,2000,6681.706,5669.596,2000,6943.123,5686.186,2000,6754.961
5743.464,2000,6846.595,5847.775,2000,6903.989,5769.751,2000,6682.086,5669.974,2000,6943.168,5686.19,2000,6755.342
5743.718,2000,6847.404,5847.643,2000,6904.826,5769.776,2000,6682.934,5670.815,2000,6943.272,5686.226,2000,6756.189
5743.894,2000,6847.964,5847.533,2000,6905.403,5769.794,2000,6683.521,5671.398,2000,6943.347,5686.27,2000,6756.775
5744.028,2000,6848.394,5847.434,2000,6905.843,5769.809,2000,6683.971,5671.844,2000,6943.407,5686.318,2000,6757.223
5744.229,2000,6849.031,5847.266,2000,6906.489,5769.83,2000,6684.638,5672.505,2000,6943.497,5686.412,2000,6757.883
5744.355,2000,6849.435,5847.146,2000,6906.895,5769.843,2000,6685.061,5672.925,2000,6943.556,5686.485,2000,6758.301
5744.543,2000,6850.033,5846.948,2000,6907.49,5769.864,2000,6685.688,5673.545,2000,6943.646,5686.614,2000,6758.914
5744.694,2000,6850.51,5846.775,2000,6907.959,5769.88,2000,6686.187,5674.04,2000,6943.719,5686.732,2000,6759.4
5744.812,2000,6850.884,5846.628,2000,6908.323,5769.894,2000,6686.579,5674.427,2000,6943.778,5686.837,2000,6759.777
5744.981,2000,6851.422,5846.399,2000,6908.838,5769.913,2000,6687.143,5674.984,2000,6943.865,5687.006,2000,6760.315
5745.119,2000,6851.856,5846.2,2000,6909.249,5769.928,2000,6687.598,5675.435,2000,6943.937,5687.157,2000,6760.746
5745.213,2000,6852.155,5846.055,2000,6909.526,5769.939,2000,6687.912,5675.744,2000,6943.987,5687.27,2000,6761.038
5745.405,2000,6852.764,5845.74,2000,6910.081,5769.962,2000,6688.55,5676.374,2000,6944.091,5687.52,2000,6761.625
5745.507,2000,6853.085,5845.564,2000,6910.368,5769.974,2000,6688.886,5676.706,2000,6944.147,5687.661,2000,6761.931
5745.579,2000,6853.315,5845.432,2000,6910.569,5769.983,2000,6689.126,5676.943,2000,6944.188,5687.762,2000,6762.149
5745.745,2000,6853.838,5845.115,2000,6911.018,5770.003,2000,6689.675,5677.484,2000,6944.281,5687.991,2000,6762.648
5745.814,2000,6854.059,5844.976,2000,6911.202,5770.012,2000,6689.906,5677.711,2000,6944.322,5688.088,2000,6762.857
5745.97,2000,6854.55,5844.652,2000,6911.603,5770.031,2000,6690.421,5678.219,2000,6944.413,5688.304,2000,6763.326
5746.076,2000,6854.884,5844.423,2000,6911.867,5770.044,2000,6690.771,5678.563,2000,6944.476,5688.45,2000,6763.644
5746.17,2000,6855.183,5844.21,2000,6912.098,5770.057,2000,6691.084,5678.872,2000,6944.533,5688.582,2000,6763.929
5746.28,2000,6855.529,5843.955,2000,6912.356,5770.07,2000,6691.447,5679.229,2000,6944.601,5688.733,2000,6764.259
5746.378,2000,6855.84,5843.719,2000,6912.581,5770.083,2000,6691.772,5679.548,2000,6944.662,5688.87,2000,6764.555
5746.455,2000,6856.081,5843.531,2000,6912.749,5770.093,2000,6692.024,5679.796,2000,6944.709,5688.975,2000,6764.784
5746.564,2000,6856.427,5843.251,2000,6912.981,5770.107,2000,6692.387,5680.153,2000,6944.779,5689.127,2000,6765.114
5746.636,2000,6856.652,5843.069,2000,6913.132,5770.116,2000,6692.624,5680.385,2000,6944.825,5689.226,2000,6765.329
5746.739,2000,6856.977,5842.808,2000,6913.35,5770.13,2000,6692.964,5680.719,2000,6944.892,5689.368,2000,6765.639
5746.823,2000,6857.24,5842.597,2000,6913.527,5770.141,2000,6693.24,5680.989,2000,6944.946,5689.483,2000,6765.889
5746.886,2000,6857.439,5842.438,2000,6913.662,5770.149,2000,6693.448,5681.193,2000,6944.988,5689.57,2000,6766.079
5746.987,2000,6857.759,5842.182,2000,6913.878,5770.163,2000,6693.783,5681.522,2000,6945.055,5689.71,2000,6766.383
5747.05,2000,6857.958,5842.023,2000,6914.014,5770.172,2000,6693.991,5681.726,2000,6945.098,5689.797,2000,6766.573
5747.149,2000,6858.27,5841.774,2000,6914.227,5770.186,2000,6694.318,5682.046,2000,6945.165,5689.934,2000,6766.87
5747.213,2000,6858.468,5841.617,2000,6914.363,5770.194,2000,6694.526,5682.25,2000,6945.208,5690.021,2000,6767.06
5747.35,2000,6858.896,5841.278,2000,6914.659,5770.214,2000,6694.976,5682.69,2000,6945.302,5690.208,2000,6767.468
5747.476,2000,6859.287,5840.97,2000,6914.93,5770.232,2000,6695.386,5683.091,2000,6945.389,5690.38,2000,6767.841
5747.559,2000,6859.544,5840.768,2000,6915.111,5770.244,2000,6695.657,5683.355,2000,6945.447,5690.494,2000,6768.087
5747.775,2000,6860.208,5840.25,2000,6915.579,5770.276,2000,6696.354,5684.037,2000,6945.598,5690.787,2000,6768.72
5747.929,2000,6860.677,5839.885,2000,6915.912,5770.299,2000,6696.847,5684.519,2000,6945.707,5690.995,2000,6769.168
5748.048,2000,6861.037,5839.607,2000,6916.168,5770.317,2000,6697.225,5684.888,2000,6945.791,5691.154,2000,6769.512
5748.225,2000,6861.57,5839.196,2000,6916.552,5770.345,2000,6697.787,5685.436,2000,6945.916,5691.391,2000,6770.021
5748.337,2000,6861.907,5838.938,2000,6916.795,5770.362,2000,6698.141,5685.782,2000,6945.996,5691.541,2000,6770.343
5748.514,2000,6862.435,5838.536,2000,6917.18,5770.391,2000,6698.697,5686.324,2000,6946.123,5691.776,2000,6770.848
5748.664,2000,6862.879,5838.2,2000,6917.507,5770.416,2000,6699.166,5686.78,2000,6946.231,5691.975,2000,6771.272
5748.865,2000,6863.471,5837.754,2000,6917.945,5770.449,2000,6699.79,5687.388,2000,6946.377,5692.24,2000,6771.838
5749.052,2000,6864.013,5837.352,2000,6918.352,5770.481,2000,6700.361,5687.944,2000,6946.513,5692.484,2000,6772.356
5749.387,2000,6864.978,5836.635,2000,6919.08,5770.54,2000,6701.381,5688.936,2000,6946.756,5692.92,2000,6773.281
5749.474,2000,6865.226,5836.453,2000,6919.27,5770.556,2000,6701.644,5689.191,2000,6946.82,5693.033,2000,6773.519
5749.804,2000,6866.154,5835.778,2000,6919.987,5770.617,2000,6702.627,5690.146,2000,6947.061,5693.456,2000,6774.408
5750.085,2000,6866.938,5835.214,2000,6920.6,5770.67,2000,6703.458,5690.954,2000,6947.268,5693.815,2000,6775.16
5750.402,2000,6867.735,5834.638,2000,6921.236,5770.726,2000,6704.314,5691.777,2000,6947.507,5694.186,2000,6775.933
5750.666,2000,6868.341,5834.211,2000,6921.74,5770.771,2000,6704.973,5692.405,2000,6947.712,5694.472,2000,6776.528
5751.088,2000,6869.23,5833.6,2000,6922.512,5770.84,2000,6705.955,5693.331,2000,6948.049,5694.901,2000,6777.415
5751.413,2000,6869.861,5833.178,2000,6923.083,5770.892,2000,6706.663,5693.99,2000,6948.313,5695.211,2000,6778.054
5751.958,2000,6870.838,5832.542,2000,6924.003,5770.974,2000,6707.779,5695.014,2000,6948.763,5695.7,2000,6779.06
5752.093,2000,6871.063,5832.4,2000,6924.224,5770.994,2000,6708.041,5695.251,2000,6948.876,5695.815,2000,6779.295
5752.583,2000,6871.819,5831.938,2000,6924.997,5771.063,2000,6708.938,5696.05,2000,6949.292,5696.212,2000,6780.104
5752.978,2000,6872.389,5831.602,2000,6925.603,5771.118,2000,6709.629,5696.654,2000,6949.631,5696.517,2000,6780.726
5753.222,2000,6872.717,5831.415,2000,6925.968,5771.151,2000,6710.038,5697.005,2000,6949.843,5696.698,2000,6781.094
5753.789,2000,6873.429,5831.026,2000,6926.791,5771.226,2000,6710.944,5697.767,2000,6950.34,5697.102,2000,6781.909
5754.197,2000,6873.909,5830.776,2000,6927.37,5771.278,2000,6711.573,5698.284,2000,6950.702,5697.382,2000,6782.475
5754.521,2000,6874.266,5830.599,2000,6927.818,5771.319,2000,6712.054,5698.67,2000,6950.991,5697.597,2000,6782.906
5755.022,2000,6874.782,5830.357,2000,6928.496,5771.381,2000,6712.77,5699.231,2000,6951.44,5697.917,2000,6783.55
5755.348,2000,6875.096,5830.22,2000,6928.926,5771.421,2000,6713.22,5699.574,2000,6951.734,5698.12,2000,6783.954
5755.849,2000,6875.548,5830.035,2000,6929.576,5771.482,2000,6713.893,5700.072,2000,6952.19,5698.422,2000,6784.558
5756.22,2000,6875.863,5829.917,2000,6930.048,5771.526,2000,6714.378,5700.42,2000,6952.531,5698.641,2000,6784.993
5756.688,2000,6876.233,5829.792,2000,6930.631,5771.582,2000,6714.972,5700.833,2000,6952.962,5698.91,2000,6785.526
5757.18,2000,6876.597,5829.683,2000,6931.233,5771.639,2000,6715.581,5701.242,2000,6953.417,5699.186,2000,6786.072
5757.725,2000,6876.973,5829.587,2000,6931.888,5771.702,2000,6716.239,5701.667,2000,6953.923,5699.484,2000,6786.662
5758.139,2000,6877.239,5829.531,2000,6932.377,5771.75,2000,6716.729,5701.972,2000,6954.311,5699.708,2000,6787.101
5758.98,2000,6877.741,5829.452,2000,6933.354,5771.848,2000,6717.704,5702.552,2000,6955.101,5700.154,2000,6787.973
5759.473,2000,6878.015,5829.425,2000,6933.917,5771.906,2000,6718.265,5702.871,2000,6955.566,5700.412,2000,6788.475
5760.564,2000,6878.573,5829.407,2000,6935.144,5772.035,2000,6719.484,5703.53,2000,6956.6,5700.974,2000,6789.564
5761.101,2000,6878.826,5829.417,2000,6935.736,5772.116,2000,6720.072,5703.832,2000,6957.109,5701.228,2000,6790.1
5762.146,2000,6879.277,5829.474,2000,6936.873,5772.309,2000,6721.193,5704.38,2000,6958.107,5701.683,2000,6791.143
5762.877,2000,6879.564,5829.539,2000,6937.656,5772.467,2000,6721.963,5704.736,2000,6958.808,5701.973,2000,6791.874
5764.048,2000,6879.981,5829.683,2000,6938.892,5772.758,2000,6723.173,5705.262,2000,6959.935,5702.394,2000,6793.043
5764.859,2000,6880.241,5829.809,2000,6939.733,5772.983,2000,6723.993,5705.597,2000,6960.717,5702.656,2000,6793.853
5766.15,2000,6880.607,5830.05,2000,6941.054,5773.382,2000,6725.275,5706.084,2000,6961.968,5703.027,2000,6795.144
5767.271,2000,6880.886,5830.295,2000,6942.182,5773.76,2000,6726.366,5706.538,2000,6963.029,5703.31,2000,6796.263
5768.205,2000,6881.086,5830.528,2000,6943.109,5774.103,2000,6727.258,5706.942,2000,6963.895,5703.513,2000,6797.196
5769.646,2000,6881.346,5830.932,2000,6944.517,5774.672,2000,6728.607,5707.605,2000,6965.201,5703.778,2000,6798.636
5770.897,2000,6881.53,5831.32,2000,6945.721,5775.202,2000,6729.756,5708.214,2000,6966.31,5703.966,2000,6799.888
5771.801,2000,6881.632,5831.627,2000,6946.576,5775.61,2000,6730.568,5708.678,2000,6967.092,5704.071,2000,6800.791
5773.512,2000,6881.77,5832.26,2000,6948.172,5776.329,2000,6732.127,5709.601,2000,6968.54,5704.326,2000,6802.488
5774.873,2000,6881.835,5832.804,2000,6949.422,5776.859,2000,6733.383,5710.371,2000,6969.664,5704.573,2000,6803.828
5776.263,2000,6881.855,5833.399,2000,6950.677,5777.357,2000,6734.68,5711.193,2000,6970.784,5704.869,2000,6805.186
5777.388,2000,6881.835,5833.915,2000,6951.678,5777.726,2000,6735.744,5711.889,2000,6971.668,5705.144,2000,6806.277
5779.137,2000,6881.747,5834.767,2000,6953.207,5778.245,2000,6737.416,5713.015,2000,6973.009,5705.628,2000,6807.96
5780.302,2000,6881.65,5835.369,2000,6954.209,5778.555,2000,6738.543,5713.796,2000,6973.879,5705.988,2000,6809.073
5782.107,2000,6881.439,5836.355,2000,6955.736,5778.979,2000,6740.31,5715.054,2000,6975.191,5706.604,2000,6810.783
5783.478,2000,6881.234,5837.145,2000,6956.875,5779.259,2000,6741.667,5716.045,2000,6976.16,5707.115,2000,6812.07
5785.144,2000,6880.928,5838.125,2000,6958.256,5779.546,2000,6743.337,5717.295,2000,6977.304,5707.792,2000,6813.623
5786.706,2000,6880.588,5839.029,2000,6959.575,5779.812,2000,6744.914,5718.509,2000,6978.344,5708.478,2000,6815.067
5788.266,2000,6880.195,5839.917,2000,6960.916,5780.087,2000,6746.498,5719.764,2000,6979.35,5709.215,2000,6816.496
5789.834,2000,6879.745,5840.797,2000,6962.29,5780.419,2000,6748.096,5721.07,2000,6980.328,5709.916,2000,6817.97
5790.782,2000,6879.439,5841.32,2000,6963.137,5780.654,2000,6749.063,5721.885,2000,6980.898,5710.313,2000,6818.883
5792.979,2000,6878.649,5842.527,2000,6965.136,5781.277,2000,6751.314,5723.842,2000,6982.173,5711.176,2000,6821.053
5794.557,2000,6878.023,5843.371,2000,6966.608,5781.784,2000,6752.934,5725.293,2000,6983.053,5711.75,2000,6822.649
5795.693,2000,6877.614,5843.936,2000,6967.675,5782.181,2000,6754.074,5726.345,2000,6983.645,5712.122,2000,6823.798
5797.833,2000,6876.923,5844.924,2000,6969.695,5782.991,2000,6756.171,5728.34,2000,6984.682,5712.744,2000,6825.959
5799.521,2000,6876.438,5845.644,2000,6971.298,5783.677,2000,6757.789,5729.925,2000,6985.44,5713.174,2000,6827.663
5800.56,2000,6876.176,5846.05,2000,6972.289,5784.127,2000,6758.761,5730.906,2000,6985.872,5713.402,2000,6828.709
5803,2000,6875.645,5846.922,2000,6974.629,5785.251,2000,6760.992,5733.224,2000,6986.801,5713.854,2000,6831.166
5804.077,2000,6875.447,5847.271,2000,6975.667,5785.711,2000,6761.985,5734.252,2000,6987.174,5714.016,2000,6832.248
5806.596,2000,6875.07,5848.002,2000,6978.106,5786.706,2000,6764.33,5736.674,2000,6987.965,5714.312,2000,6834.778
5807.701,2000,6874.941,5848.286,2000,6979.182,5787.106,2000,6765.368,5737.742,2000,6988.276,5714.478,2000,6835.878
5810.285,2000,6874.725,5848.867,2000,6981.709,5787.96,2000,6767.816,5740.254,2000,6988.918,5714.946,2000,6838.428
5812.16,2000,6874.63,5849.227,2000,6983.553,5788.521,2000,6769.608,5742.088,2000,6989.323,5715.346,2000,6840.263
5813.653,2000,6874.603,5849.465,2000,6985.026,5788.919,2000,6771.047,5743.555,2000,6989.598,5715.711,2000,6841.71
5815.956,2000,6874.637,5849.758,2000,6987.311,5789.464,2000,6773.284,5745.832,2000,6989.947,5716.348,2000,6843.924
5817.473,2000,6874.709,5849.902,2000,6988.823,5789.834,2000,6774.757,5747.332,2000,6990.181,5716.815,2000,6845.369
5819.801,2000,6874.897,5850.047,2000,6991.154,5790.415,2000,6777.021,5749.639,2000,6990.551,5717.606,2000,6847.567
5821.552,2000,6875.096,5850.151,2000,6992.914,5790.863,2000,6778.725,5751.377,2000,6990.84,5718.257,2000,6849.205
5823.658,2000,6875.405,5850.346,2000,6995.033,5791.415,2000,6780.78,5753.463,2000,6991.258,5719.107,2000,6851.156
5825.431,2000,6875.725,5850.569,2000,6996.821,5791.825,2000,6782.535,5755.218,2000,6991.67,5719.881,2000,6852.784
5827.537,2000,6876.176,5850.906,2000,6998.948,5792.246,2000,6784.647,5757.298,2000,6992.23,5720.869,2000,6854.698
5829.452,2000,6876.653,5851.278,2000,7000.886,5792.568,2000,6786.594,5759.185,2000,6992.805,5721.83,2000,6856.42
5830.929,2000,6877.072,5851.617,2000,7002.384,5792.869,2000,6788.1,5760.639,2000,6993.301,5722.535,2000,6857.786
5833.024,2000,6877.742,5852.172,2000,7004.512,5793.369,2000,6790.242,5762.697,2000,6994.078,5723.479,2000,6859.772
5834.38,2000,6878.225,5852.581,2000,7005.892,5793.743,2000,6791.632,5764.026,2000,6994.631,5724.054,2000,6861.092
5836.735,2000,6879.151,5853.378,2000,7008.293,5794.479,2000,6794.053,5766.33,2000,6995.678,5724.988,2000,6863.443
5837.25,2000,6879.373,5853.573,2000,7008.82,5794.659,2000,6794.584,5766.833,2000,6995.927,5725.178,2000,6863.971
5838.875,2000,6880.139,5854.25,2000,7010.484,5795.293,2000,6796.266,5768.416,2000,6996.776,5725.731,2000,6865.681
5840.691,2000,6881.068,5855.079,2000,7012.348,5796.075,2000,6798.15,5770.181,2000,6997.798,5726.295,2000,6867.641
5842.024,2000,6881.806,5855.744,2000,7013.718,5796.704,2000,6799.537,5771.474,2000,6998.604,5726.668,2000,6869.118
5843.291,2000,6882.562,5856.431,2000,7015.024,5797.357,2000,6800.86,5772.699,2000,6999.425,5726.982,2000,6870.56
5844.242,2000,6883.173,5856.99,2000,7016.007,5797.891,2000,6801.857,5773.618,2000,7000.085,5727.187,2000,6871.671
5845.628,2000,6884.129,5857.87,2000,7017.443,5798.734,2000,6803.315,5774.953,2000,7001.112,5727.437,2000,6873.337
5846.606,2000,6884.853,5858.539,2000,7018.458,5799.376,2000,6804.347,5775.892,2000,7001.884,5727.578,2000,6874.545
5847.714,2000,6885.729,5859.354,2000,7019.612,5800.162,2000,6805.521,5776.953,2000,7002.817,5727.788,2000,6875.942
5848.484,2000,6886.38,5859.963,2000,7020.417,5800.75,2000,6806.341,5777.688,2000,7003.507,5727.97,2000,6876.934
5849.586,2000,6887.376,5860.897,2000,7021.571,5801.655,2000,6807.519,5778.737,2000,7004.559,5728.287,2000,6878.385
5850.436,2000,6888.196,5861.67,2000,7022.463,5802.404,2000,6808.431,5779.543,2000,7005.422,5728.576,2000,6879.53
