9379.799,436.558,10648.51
9379.799,436.558,10648.51
9379.799,436.558,10648.51
9379.799,436.558,10648.51
9379.799,436.558,10648.51
9379.799,436.558,10648.51
9379.799,436.558,10648.51
9379.799,436.558,10648.51
9379.799,436.558,10648.51
9379.799,436.558,10648.51
9379.799,436.558,10648.51
9379.799,436.558,10648.51
9379.799,436.558,10648.51
9379.799,436.558,10648.51
9379.799,436.558,10648.51
9379.799,436.5581,10648.51
9379.799,436.558,10648.51
9379.799,436.5581,10648.51
9379.799,436.558,10648.51
9379.799,436.558,10648.51
9379.799,436.558,10648.51
9379.799,436.558,10648.51
9379.799,436.558,10648.51
9379.799,436.558,10648.51
9379.799,436.558,10648.51
9379.799,436.558,10648.51
9379.799,436.558,10648.51
9379.799,436.558,10648.51
9379.799,436.558,10648.51
9379.799,436.558,10648.51
9379.799,436.558,10648.51
9379.799,436.558,10648.51
9379.799,436.558,10648.51
9379.799,436.558,10648.51
9379.799,436.5581,10648.51
9379.799,436.558,10648.51
9379.799,436.558,10648.51
9379.799,436.558,10648.51
9379.799,436.558,10648.51
9379.799,436.558,10648.51
9379.799,436.558,10648.51
9379.799,436.558,10648.51
9379.799,436.558,10648.51
9379.799,436.558,10648.51
9379.799,436.558,10648.51
9379.799,436.558,10648.51
9379.799,436.558,10648.51
9379.799,436.558,10648.51
9379.799,436.558,10648.51
9379.799,436.558,10648.51
9379.799,436.558,10648.51
9379.799,436.558,10648.51
9379.799,436.558,10648.51
9379.799,436.558,10648.51
9379.799,436.558,10648.51
9379.799,436.558,10648.51
9379.799,436.5581,10648.53
9379.799,436.5584,10648.64
9379.799,436.5587,10648.74
9379.799,436.5593,10649.02
9379.799,436.5595,10649.2
9379.799,436.5602,10649.72
9379.799,436.5603,10649.98
9379.799,436.5605,10650.32
9379.799,436.5605,10650.65
9379.799,436.5604,10650.96
9379.799,436.5604,10651.27
9379.799,436.5602,10651.57
9379.799,436.5602,10651.85
9379.799,436.5601,10652.14
9379.799,436.56,10652.41
9379.799,436.5598,10652.67
9379.798,436.5597,10653
9379.797,436.5596,10653.2
9379.797,436.5595,10653.41
9379.796,436.5593,10653.91
9379.796,436.5593,10653.96
9379.795,436.5593,10654
9379.795,436.5591,10654.36
9379.795,436.5591,10654.53
9379.794,436.559,10654.75
9379.794,436.559,10654.91
9379.793,436.5589,10655.13
9379.793,436.5589,10655.33
9379.792,436.5588,10655.57
9379.791,436.5588,10655.74
9379.791,436.5587,10655.78
9379.791,436.5587,10655.92
9379.79,436.5587,10656.08
9379.79,436.5587,10656.25
9379.789,436.5586,10656.46
9379.789,436.5585,10656.58
9379.789,436.5585,10656.61
9379.788,436.5585,10656.89
9379.787,436.5584,10657.05
9379.787,436.5584,10657.1
9379.787,436.5584,10657.13
9379.786,436.5584,10657.33
9379.785,436.5583,10657.46
9379.785,436.5583,10657.48
9379.785,436.5583,10657.6
9379.784,436.5583,10657.7
9379.784,436.5583,10657.8
9379.783,436.5583,10657.9
9379.783,436.5583,10657.99
9379.783,436.5583,10658.08
9379.782,436.5582,10658.2
9379.782,436.5582,10658.24
9379.782,436.5583,10658.38
9379.782,436.5582,10658.41
9379.782,436.5582,10658.53
9379.782,436.5582,10658.62
9379.782,436.5582,10658.64
9379.782,436.5582,10658.76
9379.782,436.5582,10658.83
9379.782,436.5582,10658.88
9379.782,436.5582,10658.89
9379.782,436.5581,10658.98
9379.782,436.5581,10659.03
9379.782,436.5581,10659.09
9379.782,436.5581,10659.14
9379.782,436.5581,10659.26
9379.782,436.5581,10659.27
9379.782,436.5581,10659.28
9379.782,436.5581,10659.37
9379.782,436.5581,10659.43
9379.782,436.5581,10659.47
9379.782,436.5581,10659.51
9379.782,436.5581,10659.52
9379.782,436.5581,10659.58
9379.782,436.5581,10659.62
9379.782,436.5581,10659.66
9379.782,436.5581,10659.69
9379.782,436.558,10659.74
9379.782,436.5581,10659.76
9379.781,436.5581,10659.81
9379.781,436.5581,10659.84
9379.781,436.5581,10659.86
9379.781,436.5581,10659.91
9379.781,436.5581,10659.93
9379.78,436.5581,10659.98
9379.78,436.558,10660
9379.78,436.558,10660.02
9379.779,436.5581,10660.05
9379.779,436.5581,10660.08
9379.779,436.5581,10660.12
9379.779,436.5581,10660.13
9379.777,436.558,10660.15
9379.778,436.5581,10660.18
9379.778,436.5581,10660.19
9379.777,436.5581,10660.23
9379.777,436.558,10660.24
9379.776,436.5581,10660.28
9379.776,436.5581,10660.3
9379.776,436.558,10660.31
9379.776,436.5581,10660.32
9379.776,436.5581,10660.35
9379.776,436.558,10660.37
9379.775,436.558,10660.38
9379.775,436.5581,10660.41
9379.775,436.5581,10660.41
9379.775,436.5581,10660.44
9379.775,436.5581,10660.45
9379.774,436.5581,10660.48
9379.774,436.5581,10660.49
9379.774,436.5581,10660.5
9379.774,436.5581,10660.51
9379.774,436.5581,10660.51
9379.774,436.5581,10660.53
9379.774,436.5581,10660.54
9379.774,436.5581,10660.55
9379.773,436.5581,10660.57
9379.773,436.5581,10660.58
9379.773,436.558,10660.58
9379.773,436.5581,10660.59
9379.773,436.5581,10660.61
9379.773,436.5581,10660.62
9379.773,436.5581,10660.63
9379.773,436.5581,10660.64
9379.773,436.5581,10660.65
9379.773,436.5581,10660.66
9379.773,436.558,10660.67
9379.773,436.5581,10660.67
9379.773,436.5581,10660.68
9379.773,436.5581,10660.69
9379.773,436.5581,10660.7
9379.773,436.5581,10660.71
9379.773,436.5581,10660.71
9379.773,436.5581,10660.72
9379.773,436.5581,10660.73
9379.773,436.558,10660.73
9379.774,436.5581,10660.74
9379.774,436.5581,10660.75
9379.774,436.5581,10660.76
9379.774,436.5581,10660.76
9379.774,436.5581,10660.77
9379.774,436.5581,10660.77
9379.775,436.5581,10660.78
9379.775,436.558,10660.78
9379.775,436.5581,10660.79
9379.775,436.5581,10660.79
9379.775,436.5581,10660.8
9379.776,436.5581,10660.8
9379.776,436.5581,10660.81
9379.776,436.5581,10660.81
9379.776,436.558,10660.82
9379.776,436.5581,10660.82
9379.777,436.5581,10660.83
9379.777,436.558,10660.83
9379.777,436.558,10660.83
9379.777,436.5581,10660.84
9379.777,436.5581,10660.85
9379.778,436.558,10660.85
9379.778,436.558,10660.85
9379.779,436.5581,10660.86
9379.779,436.5581,10660.86
9379.779,436.558,10660.86
9379.779,436.5581,10660.86
9379.78,436.5581,10660.86
9379.78,436.5581,10660.87
9379.779,436.5581,10660.87
9379.779,436.558,10660.87
9379.78,436.5581,10660.87
9379.78,436.5581,10660.87
9379.78,436.5581,10660.88
9379.78,436.5581,10660.88
9379.78,436.5581,10660.88
9379.78,436.558,10660.88
9379.779,436.5581,10660.88
9379.78,436.5581,10660.88
9379.781,436.5581,10660.89
9379.781,436.5581,10660.89
9379.781,436.5581,10660.89
9379.782,436.5581,10660.9
9379.782,436.5581,10660.9
9379.783,436.5581,10660.9
9379.783,436.5581,10660.9
9379.783,436.558,10660.91
9379.784,436.5581,10660.91
9379.784,436.5581,10660.91
9379.785,436.5581,10660.91
9379.785,436.558,10660.92
9379.785,436.5581,10660.92
9379.785,436.5581,10660.92
9379.785,436.5581,10660.92
9379.785,436.558,10660.92
9379.785,436.558,10660.93
9379.785,436.558,10660.93
9379.785,436.558,10660.93
9379.785,436.558,10660.93
9379.786,436.558,10660.93
9379.786,436.558,10660.93
9379.786,436.558,10660.93
9379.787,436.558,10660.93
9379.787,436.558,10660.93
9379.788,436.558,10660.93
9379.788,436.558,10660.93
9379.788,436.558,10660.93
9379.789,436.558,10660.93
9379.789,436.558,10660.93
9379.79,436.558,10660.93
9379.791,436.5581,10660.93
9379.792,436.558,10660.93
9379.792,436.558,10660.93
9379.792,436.5581,10660.94
9379.793,436.5581,10660.93
9379.793,436.558,10660.93
9379.794,436.5581,10660.94
9379.795,436.558,10660.94
9379.795,436.558,10660.94
9379.795,436.5581,10660.94
9379.796,436.5581,10660.94
9379.796,436.558,10660.94
9379.796,436.5581,10660.94
9379.796,436.5581,10660.94
9379.796,436.5581,10660.94
9379.796,436.558,10660.94
9379.796,436.558,10660.94
9379.795,436.558,10660.94
9379.796,436.558,10660.94
9379.796,436.558,10660.94
9379.796,436.558,10660.94
9379.796,436.558,10660.94
9379.796,436.558,10660.94
9379.796,436.558,10660.94
9379.796,436.558,10660.94
9379.796,436.558,10660.94
9379.796,436.558,10660.94
9379.796,436.558,10660.94
9379.796,436.558,10660.94
9379.796,436.558,10660.94
9379.796,436.558,10660.94
9379.796,436.558,10660.94
9379.796,436.558,10660.94
9379.796,436.558,10660.94
9379.796,436.558,10660.94
9379.796,436.558,10660.94
9379.796,436.558,10660.94
9379.796,436.558,10660.94
9379.796,436.558,10660.94
9379.796,436.558,10660.94
9379.796,436.558,10660.94
9379.796,436.558,10660.94
9379.796,436.558,10660.94
9379.796,436.558,10660.94
9379.796,436.558,10660.94
9379.796,436.558,10660.94
9379.796,436.558,10660.94
9379.796,436.558,10660.94
9379.796,436.558,10660.94
9379.796,436.558,10660.94
9379.796,436.558,10660.94
9379.796,436.558,10660.94
9379.796,436.558,10660.94
9379.796,436.558,10660.94
9379.796,436.558,10660.94
9379.796,436.558,10660.94
9379.796,436.558,10660.94
9379.796,436.558,10660.94
9379.796,436.558,10660.94
9379.796,436.558,10660.94
9379.796,436.558,10660.94
9379.796,436.558,10660.94
9379.796,436.558,10660.94
9379.796,436.558,10660.94
9379.796,436.558,10660.94
9379.796,436.558,10660.94
9379.796,436.558,10660.94
9379.796,436.558,10660.94
9379.796,436.558,10660.94
9379.796,436.558,10660.94
9379.796,436.558,10660.94
9379.796,436.558,10660.94
9379.795,436.558,10660.94
9379.796,436.558,10660.94
9379.796,436.558,10660.94
9379.796,436.558,10660.94
9379.796,436.558,10660.94
9379.796,436.558,10660.94
9379.797,436.558,10660.94
9379.796,436.558,10660.94
9379.797,436.558,10660.94
9379.796,436.558,10660.94
9379.797,436.558,10660.94
9379.796,436.558,10660.94
9379.796,436.558,10660.94
9379.796,436.5581,10660.94
9379.796,436.558,10660.94
9379.796,436.558,10660.94
9379.797,436.558,10660.94
9379.796,436.558,10660.94
9379.796,436.558,10660.94
9379.796,436.558,10660.94
9379.796,436.558,10660.94
9379.796,436.558,10660.94
9379.796,436.558,10660.94
9379.797,436.558,10660.94
9379.796,436.558,10660.94
9379.796,436.558,10660.94
9379.796,436.558,10660.94
9379.795,436.558,10660.94
9379.796,436.558,10660.94
9379.796,436.558,10660.94
9379.796,436.558,10660.94
9379.796,436.558,10660.94
9379.796,436.558,10660.94
9379.796,436.558,10660.94
9379.796,436.558,10660.94
9379.796,436.558,10660.94
9379.796,436.558,10660.94
9379.796,436.558,10660.94
9379.796,436.558,10660.94
9379.796,436.558,10660.94
9379.796,436.558,10660.94
9379.797,436.558,10660.94
9379.796,436.558,10660.94
9379.796,436.558,10660.94
9379.9,436.5584,10660.86
9380.058,436.5589,10660.75
9380.247,436.5593,10660.61
9380.358,436.5595,10660.52
9380.422,436.5596,10660.48
9380.872,436.5604,10660.15
9381.115,436.5605,10659.97
9381.41,436.5607,10659.76
9381.808,436.5607,10659.47
9381.991,436.5606,10659.34
9382.242,436.5605,10659.16
9382.501,436.5605,10658.96
9382.801,436.5603,10658.75
9382.995,436.5602,10658.6
9383.232,436.5601,10658.43
9383.52,436.56,10658.22
9383.85,436.5601,10657.98
9383.925,436.5601,10657.93
9384.443,436.5605,10657.55
9384.802,436.5608,10657.29
9385.302,436.561,10656.92
9385.396,436.561,10656.85
9386.033,436.561,10656.39
9386.122,436.5609,10656.32
9386.643,436.5608,10655.95
9386.918,436.5606,10655.75
9387.373,436.5605,10655.41
9387.716,436.5604,10655.16
9387.791,436.5603,10655.11
9388.248,436.5602,10654.77
9388.621,436.56,10654.5
9389.016,436.5599,10654.21
9389.268,436.5598,10654.03
9389.311,436.5598,10654
9389.358,436.5597,10653.97
9389.864,436.5595,10653.6
9389.91,436.5595,10653.56
9390.262,436.5073,10653.31
9390.551,436.3866,10653.1
9390.757,436.2201,10652.95
9390.9,436.0999,10652.84
9390.95,436.0476,10652.81
9391.246,435.6647,10652.59
9391.385,435.4468,10652.49
9391.567,435.1134,10652.35
9391.744,434.7413,10652.22
9391.917,434.3322,10652.1
9392.137,433.7264,10651.94
9392.245,433.3992,10651.86
9392.451,432.7006,10651.71
9392.552,432.3283,10651.64
9392.697,431.7416,10651.53
9392.867,430.9914,10651.41
9393.004,430.3434,10651.31
9393.111,429.7972,10651.23
9393.279,428.8699,10651.11
9393.389,428.2572,10651.03
9393.529,427.5941,10650.92
9393.733,426.8064,10650.78
9394.085,425.718,10650.52
9394.288,425.1563,10650.38
9394.677,424.2013,10650.09
9395.258,422.9197,10649.67
9395.749,421.9033,10649.31
9395.869,421.6696,10649.22
9396.809,419.9455,10648.54
9397.092,419.455,10648.33
9397.563,418.6585,10647.99
9398.437,417.2417,10647.35
9398.861,416.5523,10647.04
9399.931,414.7241,10646.26
9400.371,413.9148,10645.94
9400.862,412.9879,10645.58
9401.35,412.039,10645.22
9401.545,411.6523,10645.08
9402.546,409.6624,10644.36
9402.805,409.1481,10644.17
9403.354,408.0558,10643.77
9403.914,406.9395,10643.36
9404.396,405.9814,10643
9405.171,404.4397,10642.44
9405.429,403.9276,10642.25
9405.749,403.2904,10642.02
9406.104,402.5833,10641.76
9406.247,402.2998,10641.66
9406.977,400.8485,10641.13
9407.166,400.4731,10640.99
9407.603,399.6051,10640.67
9408.058,398.7018,10640.34
9408.144,398.5318,10640.28
9408.691,397.4435,10639.88
9409.03,396.7682,10639.63
9409.439,395.9577,10639.34
9409.515,395.8098,10639.28
9409.908,395.0263,10639
9410.097,394.6534,10638.86
9410.354,394.1387,10638.67
9410.787,393.2779,10638.35
9410.852,393.1508,10638.31
9411.21,392.4384,10638.05
9411.37,392.1172,10637.93
9411.606,391.6503,10637.76
9411.879,391.0849,10637.56
9412.142,390.4831,10637.36
9412.325,390.0214,10637.23
9412.496,389.5438,10637.11
9412.729,388.8505,10636.94
9412.89,388.33,10636.82
9413.157,387.4596,10636.63
9413.357,386.8048,10636.48
9413.4,386.6617,10636.45
9413.646,385.8603,10636.27
9413.758,385.4953,10636.19
9414.019,384.6411,10636
9414.057,384.5101,10635.97
9414.283,383.676,10635.81
9414.428,383.0888,10635.7
9414.474,382.8838,10635.67
9414.686,381.8948,10635.51
9414.822,381.1729,10635.41
9415.04,379.9351,10635.25
9415.113,379.4821,10635.2
9415.172,379.1091,10635.16
9415.299,378.288,10635.06
9415.455,377.2799,10634.95
9415.528,376.8075,10634.89
9415.565,376.5641,10634.87
9415.789,375.1106,10634.7
9415.918,374.2741,10634.61
9415.992,373.7861,10634.55
9416.047,373.4367,10634.51
9416.069,373.2893,10634.5
9416.227,372.1916,10634.39
9416.333,371.4124,10634.31
9416.414,370.8216,10634.25
9416.458,370.5026,10634.22
9416.48,370.3495,10634.2
9416.695,369.365,10634
9416.837,368.9053,10633.86
9417.008,368.4737,10633.68
9417.278,367.8926,10633.38
9417.476,367.5358,10633.17
9417.772,367.0639,10632.83
9418.322,366.3389,10632.21
9418.535,366.0782,10631.96
9418.865,365.7301,10631.58
9419.337,365.2648,10631.03
9420.023,364.6787,10630.22
9420.305,364.4494,10629.89
9420.726,364.1422,10629.4
9421.472,363.6366,10628.52
9421.921,363.3548,10627.98
9422.391,363.0793,10627.42
9423.188,362.6468,10626.47
9423.887,362.2964,10625.63
9424.275,362.1097,10625.17
9424.952,361.804,10624.35
9425.647,361.5106,10623.52
9426.364,361.2256,10622.65
9427.099,360.949,10621.77
9428.78,360.3709,10619.75
9429.258,360.2215,10619.17
9429.734,360.0726,10618.59
9430.005,359.9917,10618.26
9432.095,359.3727,10615.73
9432.466,359.2627,10615.28
9432.841,359.1516,10614.82
9433.79,358.8707,10613.68
9434.384,358.6946,10612.96
9434.835,358.5612,10612.41
9435.079,358.4907,10612.12
9436.616,358.0819,10610.25
9437.346,357.9014,10609.36
9438.104,357.7297,10608.44
9438.634,357.6109,10607.8
9438.828,357.5693,10607.57
9440.148,357.287,10605.96
9441.023,357.0617,10604.89
9442.133,356.7228,10603.54
9442.346,356.6484,10603.28
9443.483,356.2069,10601.88
9444.025,355.9593,10601.23
9444.771,355.5871,10600.32
9445.539,355.1505,10599.38
9446.434,354.5736,10598.29
9447.151,354.0665,10597.42
9447.85,353.5114,10596.57
9448.389,353.0596,10595.91
9449.307,352.2008,10594.79
9449.728,351.7697,10594.28
9450.31,351.1429,10593.57
9451.217,350.0528,10592.46
9452.157,348.8203,10591.32
9452.266,348.6651,10591.18
9452.386,348.494,10591.04
9453.222,347.2216,10590.02
9453.732,346.3785,10589.39
9454.224,345.5277,10588.79
9454.797,344.452,10588.1
9455.231,343.6078,10587.57
9455.354,343.3579,10587.42
9456.048,341.866,10586.57
9456.388,341.0906,10586.16
9456.921,339.8022,10585.5
9457.556,338.1363,10584.73
9457.852,337.3398,10584.38
9457.926,337.1308,10584.29
9458.355,335.8683,10583.76
9458.761,334.618,10583.26
9459.01,333.8128,10582.96
9459.339,332.7047,10582.56
9459.658,331.5809,10582.17
9460.206,329.5279,10581.5
9460.278,329.2381,10581.41
9460.671,327.6538,10580.94
9460.855,326.8637,10580.71
9461.11,325.7456,10580.4
9461.374,324.5372,10580.08
9461.63,323.3169,10579.76
9461.879,322.0854,10579.46
9462.213,320.3409,10579.05
9462.442,319.1065,10578.77
9462.547,318.5459,10578.65
9462.896,316.668,10578.22
9463.173,315.1804,10577.88
9463.224,314.9087,10577.82
9463.492,313.4663,10577.49
9463.683,312.4439,10577.25
9463.866,311.4533,10577.04
9463.974,310.8735,10576.9
9464.287,309.1917,10576.52
9464.374,308.7448,10576.41
9464.508,308.1242,10576.25
9464.886,306.7599,10575.79
9465.159,305.9501,10575.45
9465.355,305.418,10575.21
9465.468,305.1414,10575.08
9466.021,303.9418,10574.4
9466.446,303.0667,10573.87
9466.917,302.0951,10573.3
9467.242,301.4207,10572.9
9467.322,301.2565,10572.8
9467.865,300.1337,10572.13
9468.16,299.5281,10571.77
9468.363,299.1098,10571.52
9468.434,298.9631,10571.44
9468.853,298.0971,10570.92
9469.049,297.6913,10570.67
9469.309,297.1556,10570.36
9469.56,296.6363,10570.05
9469.992,295.7438,10569.52
9470.051,295.624,10569.45
9470.359,294.9862,10569.07
9470.648,294.3894,10568.72
9470.747,294.1872,10568.59
9470.875,293.9235,10568.44
9471.117,293.4199,10568.13
9471.507,292.6176,10567.66
9471.543,292.5412,10567.62
9471.687,292.2467,10567.44
9471.932,291.7421,10567.14
9472.068,291.4604,10566.97
9472.332,290.9171,10566.65
9472.582,290.4023,10566.34
9472.682,290.1953,10566.22
9472.769,290.0156,10566.11
9472.804,289.9403,10566.07
9473.009,289.5186,10565.82
9473.102,289.3282,10565.7
9473.234,289.0522,10565.54
9473.364,288.7844,10565.38
9473.489,288.5244,10565.23
9473.703,288.0784,10564.96
9473.732,288.0184,10564.92
9473.932,287.6096,10564.68
9473.985,287.4976,10564.61
9474.103,287.2549,10564.46
9474.2,287.0544,10564.34
9474.229,286.9972,10564.31
9474.383,286.6777,10564.12
9474.459,286.5213,10564.02
9474.579,286.2754,10563.88
9474.652,286.1244,10563.79
9474.728,285.9171,10563.69
9474.748,285.7751,10563.66
9474.732,285.6297,10563.67
9474.639,285.4045,10563.74
9474.602,285.3523,10563.77
9474.396,285.0692,10563.96
9474.342,284.9963,10564.01
9474.208,284.8116,10564.13
9474.142,284.7204,10564.19
9474.051,284.5948,10564.28
9473.937,284.4394,10564.38
9473.801,284.2544,10564.51
9473.735,284.1643,10564.57
9473.7,284.1155,10564.6
9473.578,283.948,10564.71
9473.524,283.8744,10564.76
9473.444,283.7651,10564.83
9473.36,283.6493,10564.91
9473.232,283.4731,10565.03
9473.154,283.3663,10565.1
9473.101,283.2921,10565.15
9473.077,283.2598,10565.17
9473.012,283.169,10565.23
9472.927,283.0521,10565.31
9472.884,282.9914,10565.35
9472.852,282.9375,10565.38
9472.865,282.8439,10565.36
9472.928,282.7473,10565.28
9472.95,282.7291,10565.25
9473.151,282.6213,10565.03
9473.306,282.564,10564.87
9473.596,282.4785,10564.56
9473.819,282.4232,10564.32
9473.922,282.4007,10564.21
9474.437,282.3049,10563.67
9474.732,282.2579,10563.36
9475.131,282.2009,10562.93
9475.929,282.1032,10562.1
9476.049,282.09,10561.97
9476.73,282.0203,10561.26
9477.088,281.9871,10560.88
9478.071,281.904,10559.85
9478.222,281.8924,10559.69
9479.063,281.8308,10558.81
9479.495,281.8016,10558.36
9479.872,281.7771,10557.96
9481.056,281.7057,10556.73
9481.253,281.6946,10556.52
9482.615,281.6172,10555.09
9483.207,281.5835,10554.47
9483.368,281.5742,10554.3
9484.408,281.5149,10553.22
9484.931,281.4851,10552.68
9485.148,281.4726,10552.45
9486.216,281.4116,10551.33
9486.494,281.3956,10551.03
9487.085,281.3618,10550.42
9487.686,281.3275,10549.79
9488.056,281.3063,10549.4
9488.545,281.2783,10548.89
9489.3,281.2353,10548.11
9489.566,281.22,10547.82
9490.11,281.1888,10547.26
9490.587,281.1616,10546.76
9490.67,281.1568,10546.67
9491.257,281.1232,10546.05
9491.566,281.1055,10545.73
9492.101,281.0749,10545.16
9492.697,281.0409,10544.54
9492.866,281.0312,10544.36
9492.935,281.0273,10544.29
9493.354,281.0033,10543.86
9493.964,280.9684,10543.22
9494.162,280.9571,10543.01
9494.223,280.9536,10542.94
9494.709,280.9259,10542.43
9494.975,280.9106,10542.15
9495.052,280.9062,10542.07
9495.581,280.876,10541.52
9495.861,280.86,10541.23
9496.047,280.8494,10541.03
9496.148,280.8437,10540.92
9496.419,280.8282,10540.64
9496.602,280.8177,10540.45
9496.942,280.7983,10540.09
9497.089,280.79,10539.94
9497.39,280.7727,10539.62
9497.652,280.7577,10539.34
9497.7,280.7549,10539.29
9497.957,280.7403,10539.03
9498.139,280.7299,10538.84
9498.221,280.7253,10538.75
9498.474,280.7108,10538.49
9498.587,280.7044,10538.37
9498.858,280.6924,10538.12
9499.033,280.6866,10537.99
9499.384,280.6776,10537.76
9499.811,280.6683,10537.5
9500.121,280.6626,10537.32
9500.587,280.6551,10537.07
9501.445,280.6436,10536.64
9501.772,280.6395,10536.48
9502.151,280.6353,10536.3
9503.191,280.6248,10535.83
9503.662,280.6206,10535.62
9504.354,280.6147,10535.33
9505.132,280.6087,10534.99
9505.95,280.6028,10534.65
9506.806,280.5972,10534.31
9508.059,280.5894,10533.8
9508.685,280.586,10533.56
9509.584,280.5811,10533.21
9510.584,280.576,10532.82
9512.278,280.5683,10532.17
9513.832,280.5614,10531.58
9514.685,280.5577,10531.26
9515.174,280.5556,10531.08
9515.474,280.5542,10530.97
9517.324,280.5459,10530.28
9517.81,280.5436,10530.1
9518.84,280.5389,10529.71
9519.764,280.5346,10529.37
9520.546,280.531,10529.07
9521.489,280.5266,10528.72
9522.451,280.5222,10528.36
9523.106,280.5191,10528.11
9524.01,280.5149,10527.77
9524.625,280.5121,10527.54
9525.258,280.5091,10527.3
9525.972,280.5058,10527.03
9527.072,280.5007,10526.62
9527.236,280.5,10526.56
9528.013,280.4964,10526.27
9528.811,280.4927,10525.97
9529.447,280.4897,10525.73
9530.21,280.4863,10525.44
9530.757,280.4838,10525.24
9531.133,280.4821,10525.1
9531.265,280.4814,10525.05
9532.017,280.478,10524.76
9532.41,280.4761,10524.61
9533.089,280.473,10524.36
9533.699,280.4702,10524.13
9533.904,280.4692,10524.05
9534.268,280.4675,10523.92
9534.739,280.4654,10523.74
9535.098,280.4637,10523.61
9535.805,280.4606,10523.34
9535.9,280.4601,10523.3
9536.409,280.4579,10523.12
9537,280.4551,10522.89
9537.166,280.4543,10522.83
9537.234,280.4541,10522.8
9537.734,280.4518,10522.62
9538.003,280.4506,10522.51
9538.441,280.4486,10522.35
9538.771,280.4471,10522.22
9538.843,280.4468,10522.19
9539.267,280.4449,10522.04
9539.537,280.4437,10521.93
9539.626,280.4433,10521.9
9539.955,280.4418,10521.78
9540.205,280.4407,10521.69
9540.542,280.4392,10521.56
9540.696,280.4385,10521.5
9540.909,280.4375,10521.42
9541.199,280.4362,10521.31
9541.342,280.4356,10521.25
9541.628,280.4343,10521.14
9541.824,280.4334,10521.07
9541.888,280.4331,10521.04
9542.177,280.4318,10520.94
9542.311,280.4312,10520.89
9542.487,280.4305,10520.82
9542.659,280.4296,10520.76
9542.891,280.4286,10520.67
9543.1,280.4277,10520.59
9543.17,280.4273,10520.56
9543.294,280.4268,10520.52
9543.494,280.426,10520.44
9543.688,280.4251,10520.37
9543.833,280.4245,10520.32
9543.859,280.4243,10520.31
9543.98,280.4238,10520.26
9544.145,280.4231,10520.2
9544.228,280.4228,10520.17
9544.416,280.4219,10520.1
9544.444,280.4218,10520.08
9544.602,280.4211,10520.02
9544.673,280.4208,10520
9544.775,280.4203,10519.96
9544.896,280.4197,10519.91
9545.03,280.4192,10519.86
9545.113,280.4189,10519.83
9545.135,280.4187,10519.82
9545.264,280.4182,10519.78
9545.365,280.4177,10519.74
9545.425,280.4174,10519.72
9545.496,280.4171,10519.69
9545.583,280.4168,10519.66
9545.648,280.4165,10519.63
9545.723,280.4161,10519.61
9545.819,280.4157,10519.56
9545.888,280.4154,10519.54
9545.908,280.4153,10519.53
9546.017,280.4149,10519.49
9546.073,280.4146,10519.48
9546.091,280.4145,10519.47
9546.195,280.414,10519.43
9546.252,280.4138,10519.41
9546.306,280.4135,10519.39
9546.358,280.4133,10519.37
9546.376,280.4132,10519.36
9546.453,280.4129,10519.33
9546.486,280.4127,10519.31
9546.489,280.4123,10519.25
9546.436,280.4118,10519.15
9546.332,280.4111,10519.03
9546.284,280.4109,10518.98
9545.92,280.4098,10518.62
9545.642,280.4091,10518.37
9545.567,280.4089,10518.3
9545.117,280.4081,10517.91
9544.981,280.4078,10517.79
9544.341,280.407,10517.25
9543.983,280.4066,10516.95
9543.415,280.4063,10516.47
9543.067,280.4062,10516.18
9542.466,280.4062,10515.68
9542.234,280.4063,10515.49
9541.916,280.4063,10515.23
9541.502,280.4064,10514.88
9541.08,280.4064,10514.52
9540.792,280.4065,10514.28
9540.496,280.4065,10514.04
9540.166,280.4066,10513.77
9539.749,280.4066,10513.41
9539.274,280.4067,10513.02
9539.215,280.4067,10512.98
9538.942,280.4067,10512.75
9538.571,280.4068,10512.44
9538.39,280.4069,10512.29
9538.045,280.4069,10512.01
9537.651,280.407,10511.67
9537.603,280.407,10511.63
9537.377,280.4071,10511.45
9537.071,280.4071,10511.19
9536.917,280.4071,10511.07
9536.563,280.4071,10510.77
9536.511,280.4071,10510.73
9536.281,280.4071,10510.53
9536.083,280.4071,10510.36
9535.89,280.4071,10510.21
9535.703,280.4071,10510.05
9535.503,280.4071,10509.88
9535.302,280.4071,10509.71
9535.177,280.4071,10509.61
9535.011,280.407,10509.47
9534.851,280.407,10509.34
9534.694,280.407,10509.21
9534.451,280.407,10509
9534.416,280.407,10508.97
9534.215,280.407,10508.8
9534.123,280.4069,10508.73
9533.992,280.4069,10508.62
9533.814,280.4069,10508.47
9533.7,280.4068,10508.38
9533.665,280.4068,10508.35
9533.459,280.4067,10508.17
9533.363,280.4067,10508.09
9533.283,280.4067,10508.02
9533.176,280.4066,10507.93
9533.043,280.4066,10507.82
9532.962,280.4066,10507.75
9532.876,280.4065,10507.68
9532.712,280.4066,10507.54
9532.646,280.4066,10507.48
9532.572,280.4066,10507.42
9532.487,280.4066,10507.35
9532.406,280.4066,10507.28
9532.381,280.4066,10507.26
9532.267,280.4066,10507.16
9532.209,280.4067,10507.11
9532.105,280.4067,10507.03
9532.014,280.4067,10506.95
9531.983,280.4067,10506.92
9531.93,280.4067,10506.88
9531.858,280.4067,10506.82
9531.805,280.4067,10506.77
9531.745,280.4067,10506.72
9531.687,280.4067,10506.67
9531.63,280.4068,10506.63
9531.576,280.4068,10506.58
9531.482,280.4068,10506.5
9531.471,280.4068,10506.49
9531.386,280.4068,10506.42
9531.362,280.4068,10506.4
9531.329,280.4068,10506.37
9531.284,280.4068,10506.34
9531.24,280.4068,10506.3
9531.198,280.4068,10506.26
9531.158,280.4069,10506.22
9531.107,280.4068,10506.18
9531.075,280.4068,10506.15
9531.055,280.4068,10506.13
9531.003,280.4068,10506.09
9530.972,280.4069,10506.06
9530.935,280.4068,10506.03
9530.906,280.4069,10506
9530.873,280.4069,10505.98
9530.844,280.4069,10505.96
9530.818,280.4069,10505.93
9530.785,280.4069,10505.9
9530.757,280.4069,10505.88
9530.73,280.4069,10505.85
9530.705,280.4069,10505.84
9530.676,280.4069,10505.81
9530.648,280.4069,10505.79
9530.631,280.4069,10505.77
9530.608,280.4069,10505.75
9530.587,280.4069,10505.73
9530.563,280.4069,10505.71
9530.539,280.4069,10505.69
9530.531,280.4069,10505.69
9530.494,280.4069,10505.65
9530.478,280.4069,10505.64
9530.474,280.4069,10505.63
9530.45,280.4069,10505.62
9530.433,280.4069,10505.6
9530.416,280.4069,10505.59
9530.4,280.4069,10505.57
9530.374,280.4069,10505.55
9530.357,280.4069,10505.54
9530.354,280.4069,10505.53
9530.34,280.4069,10505.52
9530.326,280.4069,10505.5
9530.313,280.4069,10505.49
9530.3,280.4069,10505.49
9530.286,280.4069,10505.47
9530.269,280.4069,10505.46
9530.261,280.4069,10505.45
9530.256,280.4069,10505.45
9530.24,280.4069,10505.43
9530.229,280.4069,10505.42
9530.227,280.4069,10505.42
9530.21,280.4069,10505.41
9530.199,280.4069,10505.4
9530.188,280.4069,10505.39
9530.185,280.4069,10505.38
9530.17,280.4069,10505.37
9530.167,280.4069,10505.36
9530.161,280.4069,10505.36
9530.151,280.4069,10505.35
9530.144,280.4069,10505.34
9530.14,280.4069,10505.34
9530.131,280.4069,10505.34
9530.119,280.4069,10505.33
9530.118,280.4069,10505.32
9530.112,280.4069,10505.32
9530.106,280.4069,10505.31
9530.102,280.4069,10505.3
9530.096,280.4069,10505.3
9530.091,280.4069,10505.3
9530.084,280.4069,10505.29
9530.081,280.4069,10505.29
9530.072,280.4069,10505.28
9530.068,280.4069,10505.28
9530.063,280.4069,10505.27
9530.061,280.4069,10505.27
9530.055,280.4069,10505.27
9530.053,280.4069,10505.26
9530.046,280.4069,10505.26
9530.044,280.4069,10505.25
9530.042,280.4069,10505.25
9530.04,280.4069,10505.25
9530.035,280.4069,10505.24
9530.032,280.4069,10505.24
9530.029,280.4069,10505.24
9530.025,280.4069,10505.23
9530.021,280.4069,10505.23
9530.019,280.4069,10505.23
9530.015,280.4069,10505.23
9530.012,280.4069,10505.23
9530.009,280.4069,10505.22
9530.007,280.4069,10505.22
9530.005,280.4069,10505.22
9530.003,280.4069,10505.22
9530.002,280.4069,10505.22
9530,280.4069,10505.22
9529.999,280.4069,10505.21
9529.997,280.4069,10505.21
9529.995,280.4069,10505.21
9529.993,280.4069,10505.21
9529.993,280.4069,10505.21
9529.991,280.4069,10505.21
9529.99,280.4069,10505.21
9529.988,280.4069,10505.2
9529.987,280.4069,10505.2
9529.984,280.4069,10505.2
9529.982,280.4069,10505.2
9529.982,280.4069,10505.2
9529.981,280.4069,10505.19
9529.979,280.4069,10505.19
9529.978,280.4069,10505.19
9529.977,280.4069,10505.19
9529.975,280.4069,10505.19
9529.973,280.4069,10505.19
9529.972,280.4069,10505.19
9529.97,280.4069,10505.18
9529.968,280.4069,10505.18
9529.967,280.4069,10505.18
9529.964,280.4069,10505.18
9529.964,280.4069,10505.18
9529.962,280.4069,10505.18
9529.96,280.4069,10505.18
9529.959,280.4069,10505.18
9529.957,280.4069,10505.18
9529.955,280.4069,10505.18
9529.954,280.4069,10505.18
9529.954,280.4069,10505.18
9529.954,280.4069,10505.18
9529.954,280.4069,10505.18
9529.954,280.4069,10505.18
9529.955,280.4069,10505.18
9529.955,280.4069,10505.18
9529.955,280.4069,10505.18
9529.956,280.4069,10505.18
9529.956,280.4069,10505.18
9529.957,280.4069,10505.18
9529.957,280.4069,10505.19
9529.957,280.4069,10505.19
9529.958,280.4069,10505.19
9529.958,280.4069,10505.19
9529.958,280.4069,10505.19
9529.958,280.4069,10505.19
9529.959,280.4069,10505.19
9529.959,280.4069,10505.19
9529.959,280.4069,10505.19
9529.959,280.4069,10505.19
9529.959,280.4069,10505.19
9529.96,280.4069,10505.19
9529.96,280.4069,10505.19
9529.96,280.4069,10505.19
9529.96,280.4069,10505.19
9529.96,280.4069,10505.19
9529.961,280.4069,10505.19
9529.961,280.4069,10505.2
9529.961,280.4069,10505.2
9529.961,280.4069,10505.2
9529.961,280.4069,10505.2
9529.961,280.4069,10505.2
9529.961,280.4069,10505.2
9529.961,280.4069,10505.2
9529.961,280.4069,10505.2
9529.962,280.4069,10505.2
9529.962,280.4069,10505.2
9529.962,280.4069,10505.2
9529.962,280.4069,10505.2
9529.962,280.4069,10505.2
9529.962,280.4069,10505.2
9529.962,280.4151,10505.21
9529.962,280.4291,10505.21
9529.962,280.4709,10505.21
9529.962,280.5108,10505.21
9529.962,280.5909,10505.21
9529.962,280.6735,10505.21
9529.962,280.7691,10505.21
9529.961,280.9745,10505.21
9529.962,281.0067,10505.21
9529.962,281.1948,10505.21
9529.962,281.296,10505.21
9529.962,281.446,10505.21
9529.962,281.6191,10505.21
9529.962,281.7629,10505.21
9529.962,282.0478,10505.21
9529.962,282.1209,10505.21
9529.962,282.4167,10505.21
9529.962,282.6396,10505.21
9529.962,282.8857,10505.21
9529.962,283.1532,10505.21
9529.962,283.295,10505.21
9529.962,283.6689,10505.21
9529.963,283.8565,10505.21
9529.962,284.183,10505.21
9529.962,284.4825,10505.21
9529.962,284.7241,10505.21
9529.962,285.0694,10505.21
9529.962,285.3787,10505.21
9529.962,285.695,10505.21
9529.962,286.0155,10505.21
9529.962,286.359,10505.21
9529.962,286.6355,10505.21
9529.961,287.0268,10505.21
9529.962,287.3755,10505.21
9529.963,287.7296,10505.21
9529.961,288.0893,10505.21
9529.961,288.4552,10505.21
9529.961,288.826,10505.21
9529.961,289.2021,10505.21
9529.961,289.5823,10505.21
9529.961,290.0107,10505.21
9529.961,290.4621,10505.21
9529.961,290.7109,10505.21
9529.961,291.3142,10505.21
9529.961,291.72,10505.21
9529.961,291.9058,10505.21
9529.961,292.3768,10505.21
9529.961,292.7922,10505.21
9529.961,293.2117,10505.21
9529.961,293.6344,10505.21
9529.961,294.0614,10505.21
9529.961,294.4913,10505.21
9529.961,294.9247,10505.21
9529.961,295.3607,10505.21
9529.961,295.753,10505.21
9529.961,296.4213,10505.21
9529.961,296.8682,10505.21
9529.961,297.0726,10505.21
9529.961,297.5885,10505.21
9529.961,298.0421,10505.21
9529.961,298.4987,10505.21
9529.961,299.1366,10505.21
9529.961,299.2904,10505.21
9529.961,299.8822,10505.21
9529.961,300.2043,10505.21
9529.961,300.9389,10505.21
9529.961,301.2355,10505.22
9529.961,301.943,10505.21
9529.961,302.1012,10505.21
9529.961,302.7091,10505.21
9529.961,303.3347,10505.21
9529.961,303.7288,10505.21
9529.961,304.1491,10505.21
9529.961,305.0144,10505.21
9529.961,305.1357,10505.21
9529.961,305.9886,10505.21
9529.961,306.1107,10505.21
9529.961,306.5816,10505.21
9529.961,307.0728,10505.21
9529.961,307.5655,10505.21
9529.961,308.0593,10505.21
9529.961,308.5587,10505.21
9529.961,309.1785,10505.21
9529.961,309.3579,10505.21
9529.961,310.0483,10505.21
9529.961,310.5484,10505.21
9529.961,310.9954,10505.21
9529.961,311.7537,10505.21
9529.961,312.2571,10505.21
9529.961,312.4872,10505.21
9529.961,313.2318,10505.21
9529.961,313.5684,10505.21
9529.961,314.2054,10505.21
9529.961,314.6837,10505.21
9529.961,315.0032,10505.21
9529.961,315.8091,10505.21
9529.961,316.1497,10505.21
9529.961,316.4411,10505.21
9529.961,317.2422,10505.21
9529.961,317.7629,10505.21
9529.961,318.2699,10505.21
9529.961,318.7918,10505.21
9529.961,319.3001,10505.21
9529.961,319.7158,10505.21
9529.961,320.2325,10505.21
9529.961,320.7498,10505.21
9529.961,321.3238,10505.21
9529.961,321.9219,10505.21
9529.961,322.3051,10505.21
9529.961,322.825,10505.21
9529.961,323.345,10505.21
9529.961,323.8612,10505.21
9529.961,324.4041,10505.21
9529.961,324.9753,10505.21
9529.961,325.4307,10505.21
9529.961,325.9533,10505.21
9529.961,326.5331,10505.21
9529.961,327.0639,10505.21
9529.961,327.5405,10505.21
9529.961,328.1149,10505.21
9529.961,328.5722,10505.21
9529.961,329.5139,10505.21
9529.961,329.7764,10505.21
9529.961,330.1485,10505.21
9529.961,330.837,10505.21
9529.961,331.4119,10505.21
9529.961,331.8305,10505.21
9529.961,332.3648,10505.21
9529.961,332.9934,10505.21
9529.961,333.4479,10505.21
9529.961,333.8953,10505.21
9529.961,334.5042,10505.21
9529.961,334.8948,10505.21
9529.961,335.5336,10505.21
9529.961,336.0553,10505.21
9529.961,336.5921,10505.21
9529.961,337.114,10505.21
9529.961,337.6513,10505.21
9529.961,338.3921,10505.21
9529.961,338.9148,10505.21
9529.961,339.1799,10505.21
9529.961,339.8744,10505.21
9529.961,340.4048,10505.21
9529.961,340.7912,10505.21
9529.961,341.4189,10505.21
9529.961,341.9985,10505.21
9529.961,342.4206,10505.21
9529.961,342.96,10505.21
9529.961,343.5936,10505.21
9529.961,344.0516,10505.21
9529.961,344.5027,10505.21
9529.961,345.1161,10505.21
9529.961,345.5673,10505.21
9529.961,346.2549,10505.21
9529.961,346.7489,10505.21
9529.962,347.1118,10505.21
9530.029,347.8146,10505.27
9530.096,348.1775,10505.32
9530.303,348.9185,10505.48
9530.469,349.4487,10505.61
9530.577,349.8042,10505.69
9530.787,350.5153,10505.85
9530.888,350.8713,10505.93
9531.084,351.5825,10506.08
9531.179,351.9387,10506.16
9531.364,352.6536,10506.3
9531.498,353.1879,10506.4
9531.593,353.5764,10506.47
9531.741,354.2074,10506.59
9531.842,354.6449,10506.67
9531.981,355.2762,10506.78
9532.075,355.7137,10506.85
9532.206,356.3452,10506.95
9532.294,356.7827,10507.02
9532.386,357.2493,10507.09
9532.565,358.2072,10507.23
9532.614,358.4745,10507.27
9532.72,359.0771,10507.35
9532.817,359.6514,10507.42
9532.863,359.928,10507.46
9532.979,360.634,10507.55
9533.035,360.9978,10507.59
9533.143,361.7039,10507.68
9533.195,362.0688,10507.71
9533.297,362.7746,10507.8
9533.347,363.1388,10507.83
9533.44,363.8452,10507.91
9533.487,364.21,10507.94
9533.58,364.9546,10508.01
9533.646,365.4903,10508.06
9533.708,366.0259,10508.11
9533.752,366.4154,10508.15
9533.823,367.0483,10508.2
9533.884,367.6324,10508.25
9533.928,368.0577,10508.29
9533.983,368.6015,10508.33
9534.045,369.2398,10508.38
9534.088,369.701,10508.41
9534.125,370.0967,10508.44
9534.192,370.8568,10508.49
9534.241,371.4318,10508.53
9534.264,371.709,10508.54
9534.321,372.4161,10508.59
9534.351,372.7811,10508.61
9534.406,373.5269,10508.66
9534.445,374.0625,10508.69
9534.482,374.5989,10508.72
9534.51,374.9885,10508.73
9534.552,375.6223,10508.77
9534.58,376.0612,10508.79
9534.619,376.694,10508.82
9534.654,377.2793,10508.85
9534.686,377.8156,10508.88
9534.712,378.2769,10508.9
9534.741,378.7903,10508.92
9534.782,379.5825,10508.95
9534.804,379.9847,10508.97
9534.821,380.3505,10508.98
9534.852,380.9841,10509
9534.885,381.7153,10509.03
9534.908,382.2371,10509.05
9534.927,382.642,10509.06
9534.949,383.178,10509.09
9534.972,383.7145,10509.1
9534.992,384.2509,10509.12
9535.013,384.7875,10509.14
9535.033,385.3241,10509.15
9535.054,385.8597,10509.17
9535.071,386.3967,10509.18
9535.089,386.933,10509.19
9535.107,387.4694,10509.21
9535.122,387.931,10509.22
9535.138,388.445,10509.24
9535.162,389.2375,10509.25
9535.174,389.6394,10509.26
9535.187,390.1519,10509.27
9535.201,390.6883,10509.29
9535.216,391.2247,10509.29
9535.231,391.84,10509.3
9535.254,392.7195,10509.32
9535.257,392.8266,10509.33
9535.26,392.961,10509.33
9535.28,393.9076,10509.34
9535.293,394.4442,10509.35
9535.306,394.9807,10509.36
9535.315,395.514,10509.37
9535.322,395.8717,10509.38
9535.341,396.8002,10509.39
9535.346,397.0685,10509.4
9535.355,397.5615,10509.41
9535.366,398.2004,10509.42
9535.375,398.737,10509.42
9535.383,399.2737,10509.43
9535.392,399.8069,10509.44
9535.396,400.1648,10509.44
9535.41,401.0934,10509.45
9535.414,401.3616,10509.46
9535.421,401.8548,10509.46
9535.433,402.6044,10509.48
9535.438,403.1326,10509.48
9535.44,403.401,10509.48
9535.451,404.3158,10509.49
9535.455,404.7183,10509.5
9535.461,405.177,10509.5
9535.467,405.7137,10509.5
9535.472,406.2504,10509.51
9535.454,406.7872,10509.46
9535.413,407.3243,10509.35
9535.349,407.8615,10509.19
9535.277,408.3235,10509.01
9535.185,408.7797,10508.79
9535.017,409.4729,10508.38
9534.861,410.0085,10508.01
9534.688,410.5378,10507.58
9534.489,411.0483,10507.11
9534.273,411.5428,10506.58
9534.039,412.0227,10506.02
9533.787,412.4883,10505.41
9533.54,412.9084,10504.81
9533.344,413.2133,10504.34
9532.817,413.9441,10503.07
9532.573,414.249,10502.48
9532.268,414.6075,10501.75
9531.968,414.9409,10501.03
9531.617,415.2988,10500.18
9531.057,415.8331,10498.83
9530.761,416.095,10498.12
9530.483,416.3276,10497.45
9529.989,416.7186,10496.26
9529.519,417.0664,10495.13
9529.086,417.375,10494.08
9528.661,417.678,10493.06
9528.25,417.9813,10492.07
9527.85,418.2914,10491.11
9527.466,418.6098,10490.19
9527.093,418.9348,10489.29
9526.73,419.2661,10488.42
9526.378,419.6035,10487.57
9526.039,419.9469,10486.75
9525.711,420.2936,10485.96
9525.497,420.5302,10485.44
9525.079,421.0125,10484.44
9524.78,421.3796,10483.72
9524.49,421.7515,10483.02
9524.208,422.1197,10482.35
9523.935,422.4796,10481.69
9523.669,422.8289,10481.04
9523.412,423.1674,10480.43
9523.165,423.4937,10479.84
9522.925,423.8102,10479.26
9522.691,424.1172,10478.69
9522.465,424.421,10478.15
9522.245,424.7284,10477.62
9522.032,425.0418,10477.11
9521.828,425.3645,10476.62
9521.63,425.693,10476.14
9521.437,426.0279,10475.68
9521.249,426.3688,10475.22
9521.067,426.7154,10474.79
9520.892,427.0679,10474.36
9520.721,427.4269,10473.95
9520.556,427.7916,10473.55
9520.429,428.0838,10473.25
9520.239,428.544,10472.79
9520.078,428.9495,10472.4
9520.002,429.1485,10472.22
9519.753,429.7478,10471.63
9519.446,430.3954,10470.89
9519.404,430.4755,10470.79
9519.345,430.5859,10470.65
9518.876,431.393,10469.52
9518.683,431.7031,10469.06
9518.406,432.1188,10468.39
9518.195,432.4229,10467.89
9517.834,432.9219,10467.02
9517.479,433.3864,10466.17
9517.149,433.8159,10465.38
9516.824,434.2485,10464.6
9516.487,434.7165,10463.79
9516.086,435.2967,10462.82
9515.852,435.6293,10462.26
9515.575,436.0098,10461.6
9515.266,436.4243,10460.86
9515.029,436.7319,10460.28
9514.521,437.3616,10459.07
9514.142,437.8175,10458.15
9513.747,438.276,10457.21
9513.338,438.7372,10456.23
9512.917,439.2007,10455.21
9512.483,439.6661,10454.17
9512.043,440.1332,10453.12
9511.604,440.6034,10452.06
9511.182,441.0751,10451.05
9510.772,441.5399,10450.07
9510.376,441.9919,10449.12
9509.991,442.4304,10448.19
9509.617,442.8565,10447.29
9509.258,443.2665,10446.43
9509.022,443.5388,10445.86
9508.433,444.2551,10444.45
9508.19,444.5688,10443.87
9507.919,444.9285,10443.21
9507.608,445.3525,10442.47
9507.308,445.7796,10441.75
9507.019,446.2107,10441.05
9506.738,446.6451,10440.38
9506.466,447.0825,10439.73
9506.201,447.5229,10439.09
9505.927,447.9991,10438.44
9505.601,448.5891,10437.65
9505.422,448.9269,10437.23
9505.224,449.3136,10436.75
9504.998,449.768,10436.2
9504.778,450.2244,10435.68
9504.567,450.6844,10435.17
9504.363,451.1466,10434.68
9504.165,451.6107,10434.2
9503.973,452.0771,10433.74
9503.785,452.546,10433.29
9503.604,453.0131,10432.86
9503.488,453.3282,10432.58
9503.192,454.152,10431.87
9503.071,454.5103,10431.58
9502.935,454.9198,10431.25
9502.791,455.3647,10430.91
9502.688,455.6986,10430.66
9502.445,456.5063,10430.07
9502.375,456.7492,10429.9
9502.18,457.4467,10429.44
9502.06,457.9229,10429.15
9501.975,458.3175,10428.95
9501.897,458.8081,10428.77
9501.852,459.3009,10428.65
9501.833,459.7952,10428.61
9501.833,460.1876,10428.61
9501.854,460.6924,10428.66
9501.886,461.2849,10428.74
9501.911,461.7842,10428.79
9501.937,462.2845,10428.85
9501.96,462.7828,10428.91
9501.977,463.1179,10428.95
9502.005,463.7929,10429.02
9502.027,464.2982,10429.07
9502.042,464.6656,10429.11
9502.066,465.2655,10429.17
9502.089,465.8186,10429.22
9502.107,466.3275,10429.27
9502.127,466.8371,10429.31
9502.144,467.3096,10429.35
9502.157,467.6651,10429.38
9502.187,468.5474,10429.45
9502.197,468.9322,10429.48
9502.213,469.3973,10429.51
9502.229,469.9115,10429.55
9502.242,470.4263,10429.59
9502.257,470.9416,10429.62
9502.271,471.4581,10429.65
9502.285,471.9753,10429.69
9502.298,472.493,10429.72
9502.311,473.0111,10429.74
9502.323,473.5298,10429.78
9502.335,474.049,10429.8
9502.348,474.5687,10429.83
9502.356,474.9429,10429.85
9502.368,475.5368,10429.88
9502.379,476.0639,10429.91
9502.39,476.5324,10429.94
9502.4,476.9869,10429.96
9502.41,477.4278,10429.98
9502.42,477.8552,10430
9502.429,478.2675,10430.03
9502.437,478.6674,10430.04
9502.445,479.0549,10430.07
9502.452,479.3799,10430.08
9502.46,479.6915,10430.1
9502.47,480.1521,10430.12
9502.478,480.5078,10430.14
9502.486,480.8687,10430.16
9502.492,481.2361,10430.17
9502.499,481.6087,10430.19
9502.504,481.907,10430.21
9502.51,482.2957,10430.21
9502.519,482.826,10430.24
9502.523,483.1933,10430.25
9502.526,483.3749,10430.26
9502.537,483.9721,10430.28
9502.542,484.2229,10430.29
9502.547,484.4593,10430.3
9502.552,484.7738,10430.32
9502.56,485.2589,10430.33
9502.563,485.5061,10430.34
9502.565,485.8111,10430.35
9502.568,486.0588,10430.36
9502.572,486.3658,10430.37
9502.577,486.7133,10430.38
9502.582,486.9958,10430.39
9502.587,487.2698,10430.4
9502.59,487.536,10430.41
9502.595,487.7921,10430.42
9502.599,488.0405,10430.43
9502.603,488.2816,10430.44
9502.606,488.5155,10430.44
9502.609,488.7425,10430.45
9502.613,488.9625,10430.46
9502.618,489.1747,10430.47
9502.62,489.3803,10430.47
9502.622,489.5799,10430.48
9502.625,489.7735,10430.48
9502.627,489.9615,10430.49
9502.629,490.1438,10430.5
9502.632,490.3192,10430.5
9502.634,490.4896,10430.51
9502.636,490.6548,10430.52
9502.638,490.8151,10430.52
9502.64,490.9707,10430.53
9502.641,491.1225,10430.53
9502.645,491.3152,10430.54
9502.646,491.4066,10430.54
9502.646,491.5056,10430.54
9502.64,491.6775,10430.53
9502.614,491.8063,10430.46
9502.563,491.9316,10430.35
9502.485,492.0523,10430.15
9502.417,492.138,10429.99
9502.275,492.2733,10429.65
9502.118,492.3935,10429.28
9501.952,492.5002,10428.88
9501.796,492.5896,10428.51
9501.597,492.6861,10428.03
9501.268,492.8293,10427.24
9501.084,492.8997,10426.8
9500.831,492.9865,10426.19
9500.551,493.0749,10425.52
9500.3,493.1489,10424.92
9500.036,493.2198,10424.29
9499.663,493.3129,10423.39
9499.372,493.3795,10422.7
9498.912,493.4772,10421.6
9498.54,493.5505,10420.7
9498.154,493.6214,10419.78
9497.766,493.6899,10418.85
9497.493,493.7382,10418.19
9497.06,493.8146,10417.15
9496.675,493.8821,10416.23
9496.322,493.9423,10415.39
9495.961,494.0008,10414.52
9495.586,494.0576,10413.62
9495.196,494.1128,10412.69
9494.793,494.166,10411.71
9494.492,494.2038,10410.99
9493.849,494.2786,10409.45
9493.418,494.3257,10408.42
9493.087,494.3602,10407.63
9492.771,494.3918,10406.86
9492.115,494.4534,10405.29
9491.646,494.496,10404.16
9491.34,494.5235,10403.43
9490.742,494.5774,10402
9490.315,494.6159,10400.98
9489.901,494.6532,10399.98
9489.581,494.682,10399.22
9489.183,494.7178,10398.26
9488.733,494.7583,10397.19
9488.367,494.7913,10396.3
9488.038,494.8209,10395.51
9487.801,494.8423,10394.94
9487.338,494.8841,10393.83
9487.029,494.9131,10393.1
9486.761,494.9409,10392.45
9486.584,494.9605,10392.02
9486.282,494.9993,10391.3
9486.147,495.0187,10390.98
9486.044,495.0364,10390.73
9485.896,495.067,10390.38
9485.813,495.0898,10390.17
9485.757,495.1119,10390.04
9485.736,495.1263,10389.99
9485.73,495.1544,10389.97
9485.759,495.1746,10390.04
9485.801,495.1943,10390.14
9485.846,495.2135,10390.25
9485.891,495.2323,10390.35
9485.933,495.2506,10390.45
9485.974,495.2682,10390.55
9486,495.2798,10390.61
9486.052,495.3022,10390.73
9486.076,495.313,10390.79
9486.126,495.3341,10390.91
9486.148,495.3443,10390.96
9486.193,495.3642,10391.07
9486.227,495.3785,10391.15
9486.259,495.3923,10391.22
9486.283,495.403,10391.28
9486.314,495.4163,10391.35
9486.343,495.4287,10391.42
9486.365,495.4387,10391.48
9486.401,495.4543,10391.56
9486.423,495.4637,10391.61
9486.446,495.4735,10391.67
9486.48,495.4886,10391.75
9486.496,495.4956,10391.78
9486.52,495.5052,10391.84
9486.544,495.5162,10391.9
9486.569,495.5271,10391.96
9486.585,495.534,10392
9486.605,495.5429,10392.05
9486.632,495.5543,10392.11
9486.647,495.5612,10392.15
9486.67,495.5708,10392.2
9486.685,495.5772,10392.24
9486.706,495.5863,10392.29
9486.72,495.5923,10392.32
9486.739,495.6009,10392.36
9486.752,495.6065,10392.39
9486.771,495.6144,10392.44
9486.791,495.6232,10392.48
9486.801,495.6274,10392.5
9486.802,495.6293,10392.51
9486.763,495.6402,10392.42
9486.72,495.6455,10392.31
9486.668,495.65,10392.19
9486.55,495.657,10391.91
9486.435,495.6626,10391.63
9486.321,495.6671,10391.36
9486.162,495.6725,10390.98
9485.98,495.6777,10390.54
9485.713,495.6842,10389.9
9485.562,495.6875,10389.54
9485.225,495.694,10388.73
9484.966,495.6985,10388.11
9484.779,495.7013,10387.67
9484.501,495.7054,10387
9484.094,495.7107,10386.03
9483.869,495.7134,10385.49
9483.423,495.7184,10384.42
9483.189,495.7208,10383.86
9482.735,495.7254,10382.77
9482.422,495.7285,10382.02
9482.217,495.7303,10381.54
9481.931,495.733,10380.85
9481.552,495.7366,10379.94
9481.361,495.7384,10379.48
9481.059,495.7412,10378.76
9480.756,495.744,10378.04
9480.539,495.7461,10377.52
9480.256,495.7487,10376.84
9480.052,495.7506,10376.35
9479.786,495.7531,10375.71
9479.595,495.7549,10375.25
9479.344,495.7573,10374.66
9479.188,495.7588,10374.28
9478.982,495.7607,10373.79
9478.722,495.7631,10373.17
9478.566,495.7646,10372.79
9478.403,495.7662,10372.4
9478.221,495.7679,10371.97
9478.046,495.7696,10371.55
9477.841,495.7715,10371.06
9477.68,495.7731,10370.67
9477.552,495.7743,10370.36
9477.396,495.7758,10369.99
9477.246,495.7773,10369.63
9477.085,495.7789,10369.25
9476.923,495.7711,10368.86
9476.822,495.7391,10368.62
9476.689,495.6539,10368.3
9476.521,495.4683,10367.9
9476.421,495.3181,10367.66
9476.316,495.1216,10367.41
9476.155,494.7423,10367.03
9476.079,494.5305,10366.84
9475.977,494.2028,10366.59
9475.871,493.8138,10366.34
9475.747,493.2903,10366.05
9475.649,492.8344,10365.81
9475.571,492.4302,10365.63
9475.449,491.7242,10365.34
9475.352,491.0956,10365.1
9475.282,490.6175,10364.94
9475.215,490.1075,10364.78
9475.132,489.4488,10364.58
9475.021,488.4834,10364.31
9474.97,488.0002,10364.18
9474.897,487.2889,10364.01
9474.786,486.3299,10363.74
9474.743,486.0132,10363.64
9474.538,484.7442,10363.14
9474.411,484.0583,10362.85
9474.175,482.9099,10362.28
9474.013,482.181,10361.89
9473.75,481.0875,10361.27
9473.558,480.3222,10360.81
9473.252,479.1786,10360.08
9473.03,478.3804,10359.55
9472.778,477.5074,10358.94
9472.347,476.0775,10357.91
9472.019,475.0351,10357.12
9471.87,474.5602,10356.77
9471.396,472.9783,10355.64
9471.187,472.244,10355.13
9470.853,471.0127,10354.33
9470.518,469.7269,10353.53
9470.308,468.8841,10353.03
9470.032,467.7347,10352.37
9469.766,466.5714,10351.73
9469.408,464.9274,10350.87
9469.243,464.1322,10350.48
9469.012,462.9831,10349.92
9468.704,461.3833,10349.19
9468.554,460.5681,10348.82
9468.32,459.2482,10348.27
9468.089,457.9016,10347.72
9467.908,456.7957,10347.29
9467.632,455.0309,10346.63
9467.567,454.6026,10346.47
9467.277,452.6055,10345.77
9467.143,451.6388,10345.45
9466.93,450.0432,10344.93
9466.762,448.751,10344.53
9466.594,447.433,10344.14
9466.438,446.1983,10343.76
9466.312,445.2117,10343.46
9466.067,443.3076,10342.88
9465.985,442.6675,10342.68
9465.896,441.954,10342.46
9465.629,439.8578,10341.83
9465.597,439.6004,10341.75
9465.423,438.2293,10341.33
9465.341,437.5806,10341.13
9465.178,436.3116,10340.74
9465.062,435.4027,10340.47
9465.008,435.0002,10340.34
9464.851,434.003,10339.96
9464.727,433.3391,10339.67
9464.447,432.0921,10339
9464.311,431.562,10338.67
9464.09,430.8007,10338.14
9463.904,430.2152,10337.69
9463.528,429.1674,10336.79
9463.425,428.9073,10336.55
9463.028,427.9768,10335.59
9462.72,427.3237,10334.86
9462.395,426.6927,10334.08
9462.128,426.2084,10333.45
9461.699,425.4872,10332.42
9461.329,424.9129,10331.54
9461.066,424.5269,10330.91
9460.442,423.6786,10329.41
9460.136,423.2923,10328.68
9459.714,422.7856,10327.66
9459.278,422.2943,10326.62
9458.987,421.9819,10325.93
9458.402,421.3637,10324.53
9457.649,420.5689,10322.72
9457.548,420.4621,10322.49
9457.164,420.0552,10321.57
9456.779,419.6489,10320.64
9456.407,419.2545,10319.75
9456.047,418.8721,10318.88
9455.695,418.5009,10318.04
9455.357,418.1429,10317.23
9454.894,417.653,10316.12
9454.605,417.3463,10315.43
9454.508,417.2346,10315.19
9453.985,416.554,10313.95
9453.778,416.2496,10313.45
9453.518,415.8103,10312.83
9453.226,415.279,10312.13
9452.995,414.8134,10311.57
9452.74,414.2513,10310.96
9452.492,413.653,10310.37
9452.252,413.0251,10309.79
9452.02,412.367,10309.24
9451.793,411.6812,10308.7
9451.576,410.9633,10308.17
9451.364,410.2186,10307.67
9451.159,409.4486,10307.17
9450.81,408.0132,10306.34
9450.762,407.8051,10306.22
9450.51,406.6461,10305.62
9450.39,406.0616,10305.34
9450.289,405.5573,10305.1
9450.055,404.3036,10304.54
9449.891,403.3683,10304.14
9449.729,402.4087,10303.76
9449.553,401.4311,10303.33
9449.292,400.1152,10302.71
9449.116,399.2895,10302.28
9448.91,398.383,10301.8
9448.658,397.3307,10301.19
9448.402,396.2607,10300.58
9448.153,395.1734,10299.98
9447.838,393.7214,10299.23
9447.713,393.1228,10298.93
9447.38,391.4458,10298.13
9447.234,390.6855,10297.78
9447.023,389.4397,10297.28
9446.799,387.8516,10296.74
9446.716,387.1628,10296.54
9446.564,385.5361,10296.18
9446.514,384.7932,10296.06
9446.462,383.7523,10295.94
9446.43,382.3762,10295.86
9446.42,381.6879,10295.84
9446.403,380.5901,10295.8
9446.389,379.6278,10295.76
9446.379,378.967,10295.73
9446.361,377.9047,10295.7
9446.348,376.8429,10295.66
9446.332,375.7877,10295.63
9446.329,375.5836,10295.61
9446.31,374.3697,10295.57
9446.302,373.8005,10295.55
9446.289,372.9006,10295.52
9446.28,372.3427,10295.5
9446.266,371.3551,10295.46
9446.257,370.6854,10295.43
9446.252,370.3904,10295.42
9446.237,369.5172,10295.4
9446.227,368.7472,10295.37
9446.225,368.5981,10295.36
9446.213,367.8588,10295.33
9446.204,367.2963,10295.31
9446.196,366.751,10295.3
9446.188,366.1661,10295.27
9446.18,365.6541,10295.26
9446.172,365.1915,10295.24
9446.164,364.678,10295.22
9446.159,364.2708,10295.2
9446.151,363.8131,10295.19
9446.146,363.2763,10295.17
9446.144,363.1151,10295.16
9446.135,362.5492,10295.14
9446.12,362.1508,10295.11
9446.079,361.7668,10295.01
9445.996,361.3169,10294.81
9445.93,361.0385,10294.66
9445.769,360.5477,10294.27
9445.677,360.3236,10294.05
9445.586,360.1259,10293.83
9445.275,359.5721,10293.09
9445.135,359.3518,10292.76
9444.98,359.1388,10292.39
9444.707,358.7936,10291.73
9444.392,358.4485,10290.98
9444.289,358.345,10290.73
9443.9,357.9812,10289.8
9443.597,357.7252,10289.07
9443.276,357.4779,10288.3
9442.874,357.1883,10287.34
9442.558,356.9617,10286.58
9442.303,356.7796,10285.97
9441.995,356.5606,10285.25
9441.7,356.3485,10284.53
9441.413,356.1431,10283.85
9441.134,355.9442,10283.18
9440.864,355.751,10282.53
9440.602,355.5638,10281.9
9440.32,355.363,10281.24
9440.013,355.1391,10280.5
9439.825,354.9955,10280.04
9439.746,354.928,10279.85
9439.522,354.7147,10279.33
9439.389,354.5565,10279
9439.288,354.4063,10278.76
9439.191,354.2305,10278.53
9439.135,354.1221,10278.39
9439.033,353.9307,10278.16
9438.988,353.8434,10278.05
9438.923,353.7225,10277.9
9438.864,353.6125,10277.75
9438.793,353.4783,10277.59
9438.729,353.362,10277.43
9438.643,353.2495,10277.22
9438.537,353.1403,10276.97
9438.353,352.9953,10276.53
9438.302,352.9613,10276.4
9438.083,352.8336,10275.88
9437.89,352.7376,10275.42
9437.754,352.676,10275.1
9437.447,352.5373,10274.36
9437.291,352.4665,10273.99
9437.102,352.3814,10273.54
9436.921,352.2988,10273.11
9436.744,352.219,10272.69
9436.573,352.1416,10272.27
9436.408,352.0665,10271.88
9436.248,351.9937,10271.49
9436.092,351.9232,10271.12
9435.88,351.8268,10270.61
9435.749,351.7675,10270.3
9435.702,351.7462,10270.19
9435.492,351.651,10269.68
9435.385,351.6024,10269.43
9435.256,351.544,10269.12
9435.179,351.5082,10268.93
9435.012,351.4327,10268.53
9434.895,351.3795,10268.25
9434.793,351.334,10268.01
9434.628,351.2589,10267.61
9434.522,351.2112,10267.36
9434.477,351.1903,10267.25
9434.301,351.1101,10266.83
9434.276,351.0992,10266.77
9434.17,351.0514,10266.52
9434.06,351.0016,10266.26
9433.991,350.9709,10266.09
9433.903,350.9315,10265.88
9433.831,350.8981,10265.71
9433.71,350.8432,10265.41
9433.633,350.8086,10265.23
9433.6,350.7934,10265.15
9433.516,350.7223,10264.95
9433.445,350.6108,10264.78
9433.377,350.4543,10264.62
9433.312,350.2549,10264.46
9433.239,349.9711,10264.29
9433.177,349.6846,10264.14
9433.119,349.3624,10264
9433.026,348.7394,10263.78
9432.989,348.4717,10263.69
9432.972,348.3231,10263.65
9432.9,347.6982,10263.47
9432.829,346.967,10263.31
9432.813,346.783,10263.27
9432.749,346.037,10263.12
9432.702,345.423,10263.01
9432.674,345.0213,10262.93
9432.612,344.1022,10262.79
9432.554,343.1252,10262.65
9432.539,342.88,10262.62
9432.466,341.4756,10262.44
9432.425,340.615,10262.34
9432.415,340.4106,10262.32
9432.375,339.4714,10262.22
9432.339,338.6111,10262.14
9432.315,338.0102,10262.08
9432.268,336.7188,10261.97
9432.245,336.052,10261.91
9432.208,334.9459,10261.83
9432.179,333.975,10261.75
9432.148,332.9855,10261.68
9432.12,331.9767,10261.61
9432.093,330.9349,10261.55
9432.061,329.6452,10261.47
9432.05,329.2028,10261.44
9432.011,327.554,10261.35
9431.99,326.6766,10261.3
9431.968,325.6165,10261.25
9431.944,324.6055,10261.19
9431.917,323.317,10261.12
9431.897,322.4647,10261.08
9431.884,321.8562,10261.05
9431.845,320.1107,10260.96
9431.841,319.8952,10260.95
9431.813,318.7347,10260.88
9431.796,317.925,10260.84
9431.788,317.5694,10260.82
9431.768,316.6757,10260.77
9431.753,315.9275,10260.73
9431.741,315.4274,10260.7
9431.717,314.322,10260.65
9431.705,313.8172,10260.62
9431.691,313.1522,10260.58
9431.672,312.2526,10260.54
9431.664,311.8809,10260.52
9431.648,311.0403,10260.49
9431.64,310.4749,10260.46
9431.62,309.4064,10260.42
9431.61,308.9518,10260.4
9431.601,308.2991,10260.37
9431.588,307.6667,10260.34
9431.58,307.2439,10260.32
9431.566,306.4587,10260.29
9431.538,305.7057,10260.22
9431.519,305.4094,10260.18
9431.41,304.5739,10259.92
9431.315,304.0656,10259.7
9431.278,303.8973,10259.6
9431.093,303.2073,10259.16
9430.979,302.8649,10258.89
9430.704,302.1523,10258.23
9430.638,302.0036,10258.08
9430.303,301.3348,10257.27
9430.127,301.0233,10256.85
9429.881,300.6164,10256.26
9429.639,300.2215,10255.68
9429.403,299.8384,10255.12
9429.178,299.4685,10254.58
9429.004,299.1856,10254.17
9428.697,298.6835,10253.43
9428.441,298.2666,10252.83
9428.392,298.185,10252.7
9428.094,297.6953,10251.99
9427.955,297.4446,10251.66
9427.774,297.0712,10251.23
9427.652,296.7998,10250.94
9427.427,296.281,10250.4
9427.261,295.9005,10250
9427.101,295.5314,10249.62
9426.946,295.1751,10249.25
9426.795,294.8293,10248.88
9426.649,294.4936,10248.54
9426.51,294.1685,10248.2
9426.372,293.8539,10247.87
9426.24,293.5492,10247.55
9426.112,293.2532,10247.24
9425.985,292.962,10246.95
9425.828,292.6017,10246.57
9425.746,292.4156,10246.38
9425.6,292.0775,10246.02
9425.522,291.9028,10245.84
9425.385,291.5852,10245.51
9425.314,291.4253,10245.34
9425.215,291.1892,10245.1
9425.118,290.9223,10244.87
9425.024,290.6155,10244.65
9424.899,290.1269,10244.35
9424.87,289.9972,10244.28
9424.76,289.4527,10244.01
9424.678,288.992,10243.81
9424.598,288.4954,10243.62
9424.52,287.9608,10243.44
9424.444,287.3954,10243.25
9424.371,286.7977,10243.08
9424.246,285.6611,10242.79
9424.229,285.4927,10242.75
9424.163,284.808,10242.59
9424.084,283.9231,10242.4
9424.057,283.6061,10242.34
9423.965,282.434,10242.12
9423.931,281.9614,10242.03
9423.835,280.5554,10241.8
9423.766,279.4417,10241.64
9423.752,279.2213,10241.61
9423.701,278.3486,10241.49
9423.65,277.4301,10241.36
9423.613,276.6991,10241.27
9423.545,275.3285,10241.11
9423.525,274.9417,10241.07
9423.45,273.4163,10240.88
9423.414,272.6891,10240.79
9423.382,272.073,10240.72
9423.342,271.2694,10240.63
9423.316,270.7337,10240.56
9423.257,269.5466,10240.42
9423.229,269.0036,10240.35
9423.201,268.4458,10240.28
9423.159,267.6082,10240.19
9423.126,266.9424,10240.11
9423.094,266.2974,10240.03
9423.062,265.6715,10239.96
9423.028,264.9985,10239.88
9423,264.416,10239.81
9422.972,263.8739,10239.74
9422.943,263.295,10239.67
9422.929,262.9936,10239.64
9422.881,262.0376,10239.52
9422.854,261.5022,10239.46
9422.848,261.3818,10239.44
9422.818,260.7981,10239.37
9422.796,260.3452,10239.32
9422.78,260.0253,10239.28
9422.755,259.5244,10239.22
9422.734,259.1099,10239.17
9422.715,258.7081,10239.13
9422.694,258.3179,10239.08
9422.677,257.9399,10239.03
9422.657,257.5747,10238.99
9422.64,257.2203,10238.94
9422.624,256.8765,10238.91
9422.606,256.5429,10238.87
9422.591,256.2213,10238.83
9422.578,255.9753,10238.79
9422.555,255.5101,10238.74
9422.546,255.3114,10238.72
9422.529,254.9954,10238.68
9422.516,254.7218,10238.65
9422.503,254.4673,10238.62
9422.492,254.2657,10238.59
9422.479,253.9751,10238.56
9422.467,253.7324,10238.53
9422.454,253.4968,10238.5
9422.441,253.2641,10238.48
9422.429,252.9613,10238.43
9422.418,252.7539,10238.41
9422.414,252.6849,10238.4
9422.393,252.2691,10238.36
9422.384,252.0782,10238.33
9422.376,251.9324,10238.31
9422.37,251.8136,10238.3
9422.367,251.744,10238.29
9422.355,251.5082,10238.26
9422.352,251.4017,10238.25
9422.34,251.1803,10238.22
9422.332,251.0265,10238.21
9422.323,250.8621,10238.19
9422.314,250.7081,10238.17
9422.309,250.5833,10238.15
9422.302,250.4454,10238.14
9422.295,250.3118,10238.12
9422.289,250.1826,10238.1
9422.284,250.0963,10238.1
9422.274,249.9223,10238.08
9422.269,249.8096,10238.07
9422.262,249.6899,10238.05
9422.256,249.5929,10238.04
9422.249,249.4855,10238.03
9422.243,249.382,10238.02
9422.238,249.2813,10238
9422.233,249.1838,10237.99
9422.229,249.0891,10237.98
9422.225,248.9977,10237.97
9422.221,248.9091,10237.96
9422.216,248.823,10237.95
9422.211,248.7382,10237.94
9422.203,248.6216,10237.93
9422.197,248.5219,10237.92
9422.195,248.5033,10237.91
9422.192,248.4314,10237.91
9422.188,248.3687,10237.9
9422.182,248.2652,10237.89
9422.179,248.221,10237.88
9422.174,248.1598,10237.88
9422.169,248.0971,10237.87
9422.166,248.0363,10237.86
9422.163,247.9774,10237.85
9422.162,247.9387,10237.85
9422.158,247.8663,10237.84
9422.154,247.791,10237.83
9422.152,247.7566,10237.83
9422.15,247.709,10237.82
9422.147,247.6548,10237.82
9422.146,247.608,10237.81
9422.144,247.5641,10237.8
9422.142,247.5297,10237.8
9422.139,247.4798,10237.8
9422.136,247.4382,10237.79
9422.133,247.3978,10237.79
9422.131,247.3586,10237.78
9422.128,247.3208,10237.78
9422.124,247.2763,10237.77
9422.122,247.2493,10237.77
9422.119,247.2008,10237.76
9422.117,247.1787,10237.76
9422.115,247.148,10237.76
9422.113,247.1167,10237.76
9422.112,247.0863,10237.75
9422.109,247.0569,10237.75
9422.107,247.0282,10237.74
9422.105,247.0006,10237.74
9422.107,246.9739,10237.72
9422.123,246.948,10237.64
9422.151,246.9232,10237.51
9422.198,246.8992,10237.31
9422.256,246.8761,10237.06
9422.327,246.8535,10236.75
9422.447,246.8237,10236.23
9422.48,246.8167,10236.09
9422.635,246.7881,10235.44
9422.756,246.769,10234.92
9422.896,246.7489,10234.32
9423.023,246.7326,10233.78
9423.24,246.7079,10232.86
9423.296,246.702,10232.62
9423.553,246.6756,10231.53
9423.673,246.6632,10231.01
9423.829,246.6468,10230.35
9423.98,246.631,10229.7
9424.128,246.6155,10229.08
9424.271,246.6006,10228.47
9424.41,246.5862,10227.89
9424.544,246.5721,10227.32
9424.674,246.5585,10226.77
9424.8,246.5453,10226.24
9424.921,246.5326,10225.72
9425.039,246.5202,10225.21
9425.154,246.5079,10224.72
9425.289,246.4938,10224.14
9425.336,246.4889,10223.95
9425.492,246.4724,10223.28
9425.553,246.4661,10223.03
9425.703,246.4504,10222.39
9425.764,246.4439,10222.12
9425.864,246.4334,10221.7
9425.958,246.4237,10221.31
9426.032,246.4158,10220.99
9426.115,246.4071,10220.63
9426.196,246.3986,10220.29
9426.258,246.3922,10220.03
9426.368,246.3806,10219.55
9426.399,246.3772,10219.42
9426.507,246.366,10218.96
9426.563,246.3602,10218.72
9426.63,246.3531,10218.44
9426.694,246.3463,10218.16
9426.765,246.3391,10217.87
9426.825,246.3328,10217.61
9426.87,246.3283,10217.42
9427.017,246.3174,10216.79
9427.041,246.316,10216.69
9427.14,246.3109,10216.27
9427.275,246.3048,10215.69
9427.329,246.3026,10215.46
9427.532,246.2956,10214.6
9427.651,246.292,10214.1
9427.757,246.289,10213.66
9428.02,246.2823,10212.54
9428.152,246.2792,10211.98
9428.383,246.2743,10211.01
9428.573,246.2706,10210.2
9428.742,246.2675,10209.49
9428.955,246.2638,10208.59
9429.265,246.259,10207.28
9429.343,246.2578,10206.95
9429.651,246.2534,10205.64
9429.898,246.2501,10204.6
9430.155,246.247,10203.52
9430.45,246.2435,10202.27
9430.717,246.2406,10201.14
9430.988,246.2378,10200
9431.365,246.2341,10198.4
9431.531,246.2325,10197.7
9431.938,246.2286,10195.99
9432.121,246.2267,10195.21
9432.379,246.2241,10194.13
9432.642,246.2212,10193.02
9432.895,246.2185,10191.95
9433.141,246.2158,10190.91
9433.469,246.2123,10189.53
9433.546,246.2114,10189.21
9433.86,246.208,10187.88
9434.019,246.2063,10187.21
9434.342,246.2028,10185.85
9434.409,246.202,10185.57
9434.707,246.1988,10184.3
9434.892,246.1969,10183.52
9435.001,246.1957,10183.06
9435.278,246.1927,10181.89
9435.396,246.1914,10181.39
9435.602,246.1892,10180.52
9435.803,246.187,10179.68
9435.843,246.1866,10179.51
9436.071,246.1842,10178.54
9436.215,246.1827,10177.93
9436.332,246.1814,10177.44
9436.473,246.1799,10176.84
9436.613,246.1785,10176.26
9436.819,246.1762,10175.39
9436.851,246.1759,10175.26
9437.047,246.1743,10174.43
9437.147,246.1737,10174
9437.305,246.1729,10173.34
9437.471,246.1722,10172.64
9437.589,246.1717,10172.14
9437.885,246.1702,10170.9
9438.024,246.1693,10170.3
9438.096,246.1689,10170
9438.365,246.1672,10168.86
9438.473,246.1665,10168.41
9438.616,246.1655,10167.8
9438.726,246.1647,10167.34
9438.953,246.1632,10166.39
9439.124,246.162,10165.67
9439.157,246.1618,10165.54
9439.33,246.1606,10164.82
9439.411,246.16,10164.47
9439.522,246.1593,10164
9439.637,246.1585,10163.52
9439.725,246.1579,10163.15
9439.858,246.157,10162.59
9439.962,246.1563,10162.15
9440.064,246.1556,10161.73
9440.131,246.1551,10161.44
9440.255,246.1543,10160.92
9440.353,246.1537,10160.52
9440.451,246.153,10160.1
9440.537,246.1524,10159.74
9440.6,246.1521,10159.48
9440.693,246.1514,10159.09
9440.765,246.1509,10158.79
9440.879,246.1502,10158.32
9440.903,246.15,10158.21
9441.015,246.1493,10157.74
9441.066,246.149,10157.52
9441.134,246.1485,10157.24
9441.199,246.1481,10156.96
9441.244,246.1478,10156.78
9441.324,246.1474,10156.45
9441.386,246.147,10156.19
9441.449,246.1465,10155.92
9441.506,246.1462,10155.69
9441.559,246.1459,10155.47
9441.612,246.1455,10155.24
9441.657,246.1452,10155.05
9441.706,246.1449,10154.84
9441.764,246.1445,10154.6
9441.82,246.1442,10154.36
9441.831,246.1441,10154.31
9441.896,246.1437,10154.04
9441.936,246.1435,10153.87
9441.969,246.1433,10153.73
9442.009,246.143,10153.57
9442.033,246.1429,10153.46
9442.083,246.1425,10153.24
9442.118,246.1423,10153.09
9442.154,246.1421,10152.95
9442.188,246.1419,10152.81
9442.22,246.1417,10152.67
9442.252,246.1415,10152.54
9442.278,246.1413,10152.42
9442.312,246.1411,10152.28
9442.343,246.141,10152.15
9442.365,246.1408,10152.06
9442.402,246.1406,10151.9
9442.413,246.1406,10151.86
9442.449,246.1403,10151.71
9442.474,246.1402,10151.61
9442.495,246.14,10151.52
9442.521,246.1399,10151.41
9442.547,246.1397,10151.3
9442.576,246.1396,10151.18
9442.588,246.1395,10151.13
9442.616,246.1393,10151.02
9442.631,246.1392,10150.96
9442.647,246.1391,10150.89
9442.668,246.139,10150.8
9442.683,246.1389,10150.74
9442.704,246.1388,10150.65
9442.724,246.1387,10150.57
9442.736,246.1386,10150.51
9442.755,246.1385,10150.45
9442.773,246.1384,10150.37
9442.78,246.1384,10150.34
9442.802,246.1382,10150.24
9442.813,246.1381,10150.2
9442.829,246.1381,10150.14
9442.842,246.138,10150.09
9442.857,246.1379,10150.02
9442.872,246.1378,10149.95
9442.876,246.1378,10149.94
9442.895,246.1378,10149.87
9442.901,246.1377,10149.83
9442.915,246.1376,10149.77
9442.928,246.1375,10149.72
9442.936,246.1375,10149.69
9442.945,246.1374,10149.65
9442.958,246.1373,10149.59
9442.964,246.1373,10149.57
9442.974,246.1372,10149.54
9442.98,246.1372,10149.5
9442.988,246.1371,10149.46
9442.997,246.137,10149.43
9443.007,246.137,10149.4
9443.016,246.137,10149.36
9443.021,246.1369,10149.34
9443.028,246.1369,10149.3
9443.035,246.1369,10149.27
9443.043,246.1368,10149.24
9443.047,246.1368,10149.22
9443.056,246.1368,10149.19
9443.058,246.1368,10149.18
9443.066,246.1367,10149.14
9443.072,246.1367,10149.12
9443.079,246.1367,10149.09
9443.086,246.1366,10149.06
9443.091,246.1366,10149.04
9443.098,246.1366,10149.02
9443.103,246.1365,10149
9443.107,246.1365,10148.97
9443.11,246.1364,10148.96
9443.114,246.1364,10148.94
9443.118,246.1364,10148.92
9443.122,246.1364,10148.91
9443.126,246.1363,10148.89
9443.131,246.1363,10148.87
9443.135,246.1363,10148.85
9443.14,246.1362,10148.83
9443.145,246.1362,10148.82
9443.147,246.1362,10148.81
9443.151,246.1361,10148.8
9443.157,246.1361,10148.77
9443.159,246.1361,10148.77
9443.164,246.1361,10148.75
9443.165,246.136,10148.74
9443.168,246.136,10148.72
9443.17,246.1359,10148.71
9443.172,246.1359,10148.7
9443.175,246.1359,10148.69
9443.176,246.1359,10148.68
9443.177,246.1359,10148.67
9443.181,246.1359,10148.66
9443.182,246.1359,10148.65
9443.185,246.1359,10148.64
9443.186,246.1359,10148.63
9443.188,246.1359,10148.62
9443.189,246.1359,10148.61
9443.191,246.1359,10148.61
9443.193,246.1359,10148.6
9443.196,246.1359,10148.59
9443.197,246.1359,10148.58
9443.2,246.1359,10148.57
9443.202,246.1359,10148.57
9443.204,246.1359,10148.56
9443.206,246.1359,10148.55
9443.207,246.1359,10148.55
9443.211,246.1359,10148.54
9443.212,246.1359,10148.54
9443.214,246.1359,10148.53
9443.216,246.1359,10148.52
9443.218,246.1359,10148.52
9443.22,246.1359,10148.51
9443.223,246.1359,10148.51
9443.225,246.1359,10148.5
9443.227,246.1359,10148.5
9443.229,246.1359,10148.49
9443.229,246.1359,10148.49
9443.232,246.1359,10148.48
9443.233,246.1359,10148.48
9443.233,246.1359,10148.47
9443.233,246.1359,10148.47
9443.233,246.1359,10148.47
9443.233,246.1359,10148.46
9443.233,246.1341,10148.46
9443.233,246.0828,10148.46
9443.233,245.9555,10148.45
9443.233,245.8543,10148.45
9443.233,245.6612,10148.44
9443.233,245.4613,10148.44
9443.233,245.045,10148.44
9443.233,244.9393,10148.44
9443.233,244.4833,10148.43
9443.233,243.9522,10148.43
9443.233,243.7328,10148.43
9443.233,243.1575,10148.43
9443.232,242.7292,10148.42
9443.232,242.3148,10148.42
9443.233,241.7821,10148.42
9443.233,241.5554,10148.42
9443.233,240.7775,10148.42
9443.233,240.4169,10148.41
9443.233,240.1414,10148.41
9443.233,239.7536,10148.41
9443.233,239.1318,10148.41
9443.233,238.6072,10148.41
9443.233,238.0982,10148.4
9443.233,237.6037,10148.4
9443.233,236.7584,10148.4
9443.233,236.4199,10148.4
9443.233,236.1671,10148.4
9443.233,235.844,10148.39
9443.233,235.3554,10148.39
9443.233,234.9477,10148.39
9443.233,234.5517,10148.39
9443.233,234.1678,10148.39
9443.233,233.6609,10148.38
9443.233,233.5412,10148.38
9443.232,233.0864,10148.38
9443.233,232.7481,10148.38
9443.233,232.412,10148.38
9443.233,232.0288,10148.37
9443.233,231.9027,10148.37
9443.233,231.4963,10148.37
9443.233,231.2137,10148.37
9443.233,230.9026,10148.37
9443.233,230.6246,10148.37
9443.233,230.3933,10148.37
9443.233,230.1379,10148.37
9443.233,229.8913,10148.37
9443.233,229.6521,10148.37
9443.233,229.4202,10148.37
9443.207,229.185,10148.34
9443.074,228.8476,10148.23
9443.041,228.7955,10148.2
9442.811,228.5161,10148.01
9442.711,228.4262,10147.92
9442.268,228.1004,10147.54
9442.058,227.9701,10147.36
9441.615,227.7505,10146.98
9441.216,227.5707,10146.64
9440.952,227.4659,10146.42
9440.495,227.3023,10146.03
9440.003,227.1437,10145.61
9439.462,226.9863,10145.15
9438.775,226.8065,10144.56
9438.503,226.741,10144.33
9437.71,226.561,10143.64
9436.758,226.3684,10142.83
9436.055,226.2388,10142.23
9435.741,226.1833,10141.96
9434.689,226.0008,10141.07
9434.22,225.9193,10140.66
9433.474,225.7897,10140.03
9432.745,225.6631,10139.41
9432.276,225.5816,10139.01
9431.537,225.4529,10138.38
9431.097,225.3764,10138
9430.292,225.2364,10137.31
9429.927,225.1727,10137
9429.42,225.0844,10136.57
9428.9,224.994,10136.12
9428.397,224.9065,10135.69
9427.91,224.8215,10135.27
9427.435,224.739,10134.87
9426.871,224.6409,10134.39
9426.192,224.5228,10133.81
9425.771,224.4496,10133.45
9425.621,224.4234,10133.32
9425.346,224.3755,10133.08
9424.746,224.2712,10132.57
9424.494,224.2275,10132.36
9424.147,224.167,10132.06
9423.834,224.1126,10131.79
9423.058,223.9777,10131.13
9422.993,223.9664,10131.07
9422.901,223.9505,10131
9422.374,223.8589,10130.55
9422.218,223.8319,10130.41
9421.874,223.7721,10130.12
9421.526,223.7117,10129.82
9421.319,223.6758,10129.65
9421.042,223.6277,10129.41
9420.783,223.5826,10129.19
9420.531,223.5389,10128.97
9420.21,223.4831,10128.7
9420.089,223.4621,10128.59
9419.821,223.4156,10128.37
9419.647,223.3855,10128.22
9419.216,223.3253,10127.87
9418.906,223.2909,10127.64
9418.786,223.2793,10127.54
9418.27,223.2356,10127.18
9417.824,223.2031,10126.86
9417.334,223.1715,10126.52
9416.8,223.1411,10126.16
9416.228,223.1116,10125.77
9415.616,223.0828,10125.36
9414.951,223.0544,10124.93
9413.929,223.0155,10124.26
9412.98,222.9825,10123.64
9412.788,222.9763,10123.52
9412.026,222.952,10123.03
9411.37,222.931,10122.61
9410.292,222.8961,10121.91
9410.057,222.8886,10121.76
9408.905,222.8513,10121.02
9408.356,222.8335,10120.67
9408.031,222.8229,10120.45
9407.059,222.7913,10119.83
9406.858,222.7849,10119.7
9406.067,222.7592,10119.19
9405.3,222.7342,10118.69
9405.118,222.7283,10118.58
9404.374,222.7042,10118.1
9403.866,222.6877,10117.77
9403.36,222.6713,10117.44
9402.935,222.6575,10117.17
9402.446,222.6417,10116.85
9401.744,222.619,10116.4
9401.636,222.6154,10116.33
9401.09,222.5982,10115.98
9400.575,222.5834,10115.66
9400.127,222.5726,10115.41
9399.595,222.5607,10115.1
9398.832,222.5464,10114.69
9398.315,222.5371,10114.42
9397.847,222.5296,10114.18
9396.445,222.5095,10113.48
9396.252,222.507,10113.38
9394.804,222.4895,10112.69
9394.152,222.4825,10112.39
9393.66,222.4772,10112.16
9392.744,222.4682,10111.74
9391.783,222.4592,10111.31
9390.919,222.4518,10110.92
9389.912,222.4434,10110.48
9388.87,222.4354,10110.01
9387.8,222.4276,10109.55
9386.338,222.4177,10108.92
9385.114,222.4099,10108.4
9384.205,222.4044,10108.01
9383.238,222.3988,10107.61
9382.042,222.3921,10107.1
9380.822,222.3851,10106.58
9379.068,222.3748,10105.85
9378.797,222.3732,10105.74
9377.259,222.3642,10105.09
9376.557,222.36,10104.8
9375.565,222.3541,10104.38
9374.597,222.3483,10103.97
9373.662,222.3427,10103.58
9372.753,222.3373,10103.2
9371.875,222.3321,10102.83
9371.024,222.327,10102.47
9370.198,222.322,10102.13
9369.399,222.3173,10101.79
9368.624,222.3127,10101.46
9367.875,222.3082,10101.15
9367.146,222.3039,10100.84
9366.439,222.2997,10100.55
9365.758,222.2956,10100.26
9365.095,222.2917,10099.99
9364.454,222.288,10099.71
9363.545,222.2831,10099.34
9363.075,222.2809,10099.16
9362.069,222.2769,10098.76
9361.275,222.274,10098.46
9360.923,222.2728,10098.33
9359.725,222.269,10097.89
9359.306,222.2678,10097.75
9357.717,222.2635,10097.19
9357.042,222.2618,10096.96
9356.031,222.2594,10096.61
9355.283,222.2578,10096.36
9353.698,222.2544,10095.84
9352.89,222.2529,10095.57
9351.117,222.2496,10095
9350.83,222.2491,10094.9
9349.555,222.2465,10094.49
9348.47,222.2443,10094.14
9347.417,222.242,10093.8
9346.396,222.2399,10093.47
9345.411,222.2377,10093.16
9344.455,222.2355,10092.85
9343.233,222.2328,10092.46
9342.526,222.2313,10092.23
9341.759,222.2295,10091.98
9340.598,222.2269,10091.61
9340.059,222.2258,10091.44
9338.986,222.2234,10091.09
9337.983,222.2211,10090.77
9337.679,222.2205,10090.67
9337.006,222.219,10090.45
9336.492,222.2179,10090.29
9335.491,222.2157,10089.96
9335.045,222.2146,10089.82
9334.41,222.2133,10089.61
9333.795,222.2119,10089.42
9333.198,222.2106,10089.22
9332.619,222.2093,10089.03
9332.129,222.2082,10088.88
9331.304,222.2065,10088.61
9330.785,222.2054,10088.45
9330.564,222.2049,10088.37
9329.986,222.2036,10088.18
9329.491,222.2027,10088.03
9328.953,222.2019,10087.86
9328.366,222.2013,10087.69
9327.728,222.2008,10087.51
9327.047,222.2003,10087.33
9326.322,222.1999,10087.14
9325.554,222.1995,10086.95
9324.743,222.1991,10086.75
9323.688,222.1986,10086.49
9322.422,222.1981,10086.19
9321.633,222.1977,10086
9321.393,222.1976,10085.95
9320.01,222.1971,10085.63
9318.993,222.1966,10085.4
9318.265,222.1963,10085.24
9317.146,222.1954,10084.99
9316.218,222.1947,10084.77
9315.032,222.1937,10084.5
9314.588,222.1934,10084.4
9313.599,222.1925,10084.18
9312.425,222.1914,10083.92
9311.496,222.1906,10083.7
9310.94,222.19,10083.58
9310.692,222.187,10083.53
9309.75,222.1199,10083.31
9309.05,222.0163,10083.15
9308.371,221.8673,10083
9307.715,221.6675,10082.85
9307.079,221.4272,10082.71
9306.462,221.1453,10082.57
9305.834,220.8283,10082.43
9304.939,220.3736,10082.23
9304.801,220.3029,10082.2
9304.011,219.9021,10082.02
9303.626,219.7068,10081.93
9302.834,219.3053,10081.75
9302.713,219.2431,10081.73
9302.166,218.9657,10081.6
9301.702,218.7294,10081.5
9301.252,218.5007,10081.39
9300.815,218.2615,10081.3
9300.394,217.9781,10081.21
9299.983,217.6562,10081.11
9299.585,217.3031,10081.02
9299.201,216.9503,10080.94
9298.829,216.6098,10080.85
9298.389,216.2065,10080.75
9298.055,215.9007,10080.68
9297.778,215.6478,10080.61
9297.448,215.3465,10080.54
9297.138,215.0622,10080.47
9296.866,214.8136,10080.4
9296.416,214.4002,10080.3
9296.319,214.312,10080.27
9295.889,213.9199,10080.18
9295.687,213.7352,10080.13
9295.406,213.479,10080.08
9295.1,213.1981,10080
9294.996,213.1031,10079.97
9294.671,212.8053,10079.91
9294.404,212.5816,10079.84
9293.906,212.2634,10079.77
9293.813,212.214,10079.75
9293.157,211.9182,10079.67
9292.692,211.739,10079.62
9292.517,211.6788,10079.6
9291.779,211.4493,10079.53
9291.16,211.2788,10079.48
9290.492,211.1135,10079.43
9289.873,210.9736,10079.38
9288.719,210.7405,10079.3
9288.18,210.6412,10079.26
9287.394,210.5028,10079.22
9286.589,210.3616,10079.17
9285.809,210.2248,10079.12
9285.051,210.0918,10079.07
9284.279,209.9562,10079.02
9283.102,209.7489,10078.94
9282.595,209.6599,10078.91
9282.276,209.604,10078.89
9281.366,209.4438,10078.83
9280.952,209.371,10078.8
9280.358,209.2669,10078.77
9279.605,209.1345,10078.71
9279.203,209.0638,10078.69
9278.495,208.9393,10078.64
9278.13,208.8751,10078.62
9277.613,208.7842,10078.58
9277.111,208.696,10078.55
9276.626,208.6105,10078.52
9276.154,208.5275,10078.49
9275.696,208.4472,10078.46
9275.255,208.3694,10078.43
9274.826,208.2939,10078.4
9274.409,208.2208,10078.38
9273.957,208.1416,10078.35
9273.521,208.0648,10078.32
9273.191,208.007,10078.3
9272.835,207.9444,10078.28
9272.479,207.8819,10078.26
9272.132,207.8209,10078.24
9271.944,207.7881,10078.22
9271.437,207.6986,10078.19
9271.202,207.6573,10078.17
9270.899,207.6041,10078.15
9270.605,207.5524,10078.13
9270.319,207.5023,10078.12
9270.012,207.448,10078.09
9269.751,207.4023,10078.08
9269.556,207.368,10078.06
9269.267,207.3171,10078.05
9269.023,207.2745,10078.03
9268.686,207.215,10078.01
9268.49,207.1806,10078
9268.403,207.1654,10077.99
9268.131,207.1175,10077.97
9267.682,207.0388,10077.95
9267.643,207.0319,10077.94
9267.574,207.02,10077.94
9267.297,206.9709,10077.92
9267.146,206.9447,10077.91
9266.969,206.9135,10077.9
9266.838,206.8904,10077.9
9266.578,206.845,10077.88
9266.522,206.8353,10077.88
9266.261,206.7892,10077.86
9266.142,206.7684,10077.85
9266.013,206.7455,10077.84
9265.872,206.7205,10077.83
9265.733,206.6963,10077.83
9265.6,206.6728,10077.82
9265.47,206.65,10077.81
9265.346,206.6279,10077.8
9265.224,206.6066,10077.8
9265.105,206.5858,10077.79
9264.991,206.5658,10077.78
9264.879,206.5463,10077.77
