13230.28,2029.858,5413.831,13241.09,1996.252,5483.423,13179.08,1969.388,5442.683,13188.67,1984.715,5440.215,13241.2,2004.762,5483.102
13230.4,2029.858,5414.229,13241.03,1996.252,5483.834,13179.33,1969.388,5443.02,13188.88,1984.715,5440.579,13241.48,2004.762,5482.793
13230.54,2029.858,5414.624,13240.97,1996.252,5484.247,13179.57,1969.388,5443.361,13189.07,1984.715,5440.948,13241.76,2004.762,5482.492
13230.68,2029.858,5415.017,13240.93,1996.252,5484.662,13179.8,1969.388,5443.707,13189.25,1984.715,5441.323,13242.06,2004.762,5482.2
13230.75,2029.858,5415.211,13240.91,1996.252,5484.869,13179.91,1969.388,5443.882,13189.33,1984.715,5441.513,13242.21,2004.762,5482.058
13230.83,2029.858,5415.405,13240.91,1996.252,5485.077,13180.02,1969.388,5444.06,13189.41,1984.715,5441.706,13242.37,2004.762,5481.92
13230.91,2029.858,5415.596,13240.9,1996.252,5485.286,13180.12,1969.388,5444.24,13189.48,1984.715,5441.901,13242.53,2004.762,5481.788
13231,2029.858,5415.786,13240.91,1996.252,5485.494,13180.22,1969.388,5444.422,13189.55,1984.715,5442.099,13242.69,2004.762,5481.66
13231.08,2029.858,5415.974,13240.91,1996.252,5485.702,13180.32,1969.388,5444.607,13189.61,1984.715,5442.299,13242.86,2004.762,5481.536
13231.18,2029.858,5416.16,13240.93,1996.252,5485.91,13180.41,1969.388,5444.793,13189.66,1984.715,5442.5,13243.03,2004.762,5481.417
13231.28,2029.858,5416.344,13240.95,1996.252,5486.118,13180.5,1969.388,5444.982,13189.71,1984.715,5442.703,13243.21,2004.762,5481.304
13231.38,2029.858,5416.525,13240.98,1996.252,5486.324,13180.59,1969.388,5445.172,13189.75,1984.715,5442.908,13243.38,2004.762,5481.196
13231.49,2029.858,5416.705,13241.01,1996.252,5486.53,13180.67,1969.388,5445.365,13189.79,1984.715,5443.113,13243.57,2004.762,5481.093
13231.6,2029.858,5416.881,13241.04,1996.252,5486.735,13180.74,1969.388,5445.559,13189.81,1984.715,5443.32,13243.75,2004.762,5480.995
13231.71,2029.858,5417.056,13241.09,1996.252,5486.939,13180.81,1969.388,5445.754,13189.83,1984.715,5443.527,13243.94,2004.762,5480.902
13231.83,2029.858,5417.227,13241.13,1996.252,5487.142,13180.88,1969.388,5445.952,13189.85,1984.715,5443.735,13244.13,2004.762,5480.814
13231.95,2029.858,5417.396,13241.18,1996.252,5487.344,13180.94,1969.388,5446.15,13189.85,1984.715,5443.943,13244.32,2004.762,5480.732
13232.08,2029.858,5417.562,13241.24,1996.252,5487.544,13181,1969.388,5446.351,13189.85,1984.715,5444.152,13244.51,2004.762,5480.656
13232.21,2029.858,5417.724,13241.3,1996.252,5487.743,13181.05,1969.388,5446.552,13189.85,1984.715,5444.36,13244.71,2004.762,5480.585
13232.34,2029.858,5417.884,13241.37,1996.252,5487.941,13181.1,1969.388,5446.755,13189.83,1984.715,5444.568,13244.9,2004.762,5480.52
13232.48,2029.858,5418.04,13241.44,1996.252,5488.138,13181.14,1969.388,5446.958,13189.82,1984.715,5444.775,13245.1,2004.762,5480.46
13232.62,2029.858,5418.193,13241.51,1996.252,5488.333,13181.18,1969.388,5447.163,13189.79,1984.715,5444.982,13245.3,2004.762,5480.406
13232.76,2029.858,5418.342,13241.58,1996.252,5488.527,13181.21,1969.388,5447.369,13189.76,1984.715,5445.188,13245.51,2004.762,5480.358
13232.91,2029.858,5418.488,13241.66,1996.252,5488.721,13181.24,1969.388,5447.575,13189.72,1984.715,5445.392,13245.71,2004.762,5480.315
13233.07,2029.858,5418.63,13241.74,1996.252,5488.913,13181.27,1969.388,5447.782,13189.67,1984.715,5445.595,13245.92,2004.762,5480.278
13233.22,2029.858,5418.769,13241.82,1996.252,5489.104,13181.28,1969.388,5447.99,13189.62,1984.715,5445.797,13246.12,2004.762,5480.246
13233.38,2029.858,5418.903,13241.91,1996.252,5489.295,13181.3,1969.388,5448.198,13189.56,1984.715,5445.997,13246.33,2004.762,5480.22
13233.54,2029.858,5419.033,13241.99,1996.252,5489.486,13181.31,1969.388,5448.406,13189.49,1984.715,5446.194,13246.54,2004.762,5480.199
13233.71,2029.858,5419.16,13242.07,1996.252,5489.676,13181.31,1969.388,5448.614,13189.42,1984.715,5446.39,13246.74,2004.762,5480.184
13233.88,2029.858,5419.282,13242.16,1996.252,5489.865,13181.31,1969.388,5448.823,13189.34,1984.715,5446.583,13246.95,2004.762,5480.174
13234.08,2029.858,5419.422,13242.26,1996.252,5490.091,13181.3,1969.388,5449.071,13189.24,1984.715,5446.81,13247.2,2004.762,5480.169
13234.26,2029.858,5419.539,13242.35,1996.252,5490.285,13181.29,1969.388,5449.284,13189.14,1984.715,5447.001,13247.41,2004.762,5480.169
13234.49,2029.858,5419.681,13242.47,1996.252,5490.533,13181.26,1969.388,5449.556,13189.02,1984.715,5447.243,13247.69,2004.762,5480.177
13234.81,2029.858,5419.866,13242.62,1996.252,5490.868,13181.22,1969.388,5449.923,13188.83,1984.715,5447.564,13248.06,2004.762,5480.195
13235.2,2029.858,5420.078,13242.81,1996.252,5491.27,13181.17,1969.388,5450.361,13188.6,1984.715,5447.941,13248.5,2004.762,5480.228
13235.64,2029.858,5420.305,13243.01,1996.252,5491.721,13181.09,1969.388,5450.852,13188.33,1984.715,5448.356,13248.99,2004.762,5480.274
13236.14,2029.858,5420.544,13243.24,1996.252,5492.223,13180.99,1969.388,5451.396,13188.01,1984.715,5448.808,13249.54,2004.762,5480.338
13236.7,2029.858,5420.793,13243.5,1996.252,5492.775,13180.87,1969.388,5451.991,13187.65,1984.715,5449.293,13250.14,2004.762,5480.421
13237.38,2029.858,5421.079,13243.8,1996.252,5493.448,13180.7,1969.388,5452.711,13187.18,1984.715,5449.868,13250.87,2004.762,5480.535
13238.17,2029.858,5421.384,13244.15,1996.252,5494.217,13180.48,1969.388,5453.528,13186.63,1984.715,5450.507,13251.71,2004.762,5480.681
13238.7,2029.858,5421.576,13244.39,1996.252,5494.733,13180.33,1969.388,5454.073,13186.24,1984.715,5450.924,13252.26,2004.762,5480.787
13239.64,2029.858,5421.886,13244.79,1996.252,5495.639,13180.03,1969.388,5455.021,13185.55,1984.715,5451.632,13253.23,2004.762,5480.988
13240.47,2029.858,5422.135,13245.15,1996.252,5496.433,13179.75,1969.388,5455.844,13184.92,1984.715,5452.23,13254.08,2004.762,5481.174
13241.18,2029.858,5422.327,13245.44,1996.252,5497.103,13179.5,1969.388,5456.532,13184.37,1984.715,5452.718,13254.8,2004.762,5481.339
13242.11,2029.858,5422.553,13245.83,1996.252,5497.978,13179.15,1969.388,5457.421,13183.63,1984.715,5453.33,13255.73,2004.762,5481.563
13243.08,2029.858,5422.763,13246.22,1996.252,5498.891,13178.76,1969.388,5458.338,13182.85,1984.715,5453.942,13256.69,2004.762,5481.803
13244.22,2029.858,5422.976,13246.68,1996.252,5499.952,13178.28,1969.388,5459.392,13181.91,1984.715,5454.623,13257.81,2004.762,5482.087
13245.47,2029.858,5423.177,13247.18,1996.252,5501.117,13177.73,1969.388,5460.535,13180.86,1984.715,5455.335,13259.04,2004.762,5482.403
13246.29,2029.858,5423.286,13247.51,1996.252,5501.876,13177.36,1969.388,5461.271,13180.17,1984.715,5455.777,13259.84,2004.762,5482.61
13248.18,2029.858,5423.484,13248.25,1996.252,5503.62,13176.46,1969.388,5462.938,13178.53,1984.715,5456.737,13261.67,2004.762,5483.084
13249.52,2029.858,5423.588,13248.78,1996.252,5504.855,13175.79,1969.388,5464.109,13177.34,1984.715,5457.382,13262.98,2004.762,5483.418
13249.77,2029.858,5423.6,13248.88,1996.252,5505.083,13175.66,1969.388,5464.322,13177.12,1984.715,5457.493,13263.22,2004.762,5483.479
13251.66,2029.858,5423.637,13249.62,1996.252,5506.823,13174.65,1969.388,5465.917,13175.41,1984.715,5458.287,13265.06,2004.762,5483.935
13252.97,2029.858,5423.625,13250.13,1996.252,5508.033,13173.91,1969.388,5467.007,13174.2,1984.715,5458.798,13266.33,2004.762,5484.245
13253.87,2029.858,5423.591,13250.48,1996.252,5508.859,13173.4,1969.388,5467.743,13173.36,1984.715,5459.12,13267.2,2004.762,5484.448
13255.14,2029.858,5423.507,13250.96,1996.252,5510.04,13172.66,1969.388,5468.778,13172.15,1984.715,5459.54,13268.45,2004.762,5484.729
13256.54,2029.858,5423.372,13251.49,1996.252,5511.336,13171.82,1969.388,5469.902,13170.82,1984.715,5459.962,13269.82,2004.762,5485.017
13257.95,2029.858,5423.19,13252.03,1996.252,5512.66,13170.95,1969.388,5471.035,13169.44,1984.715,5460.354,13271.22,2004.762,5485.294
13259.39,2029.858,5422.961,13252.57,1996.252,5514.012,13170.05,1969.388,5472.178,13168.03,1984.715,5460.713,13272.65,2004.762,5485.566
13260.85,2029.858,5422.684,13253.08,1996.252,5515.403,13169.11,1969.388,5473.328,13166.59,1984.715,5461.05,13274.11,2004.762,5485.833
13262.48,2029.858,5422.322,13253.61,1996.252,5516.987,13168.04,1969.388,5474.61,13164.96,1984.715,5461.396,13275.75,2004.762,5486.126
13264.22,2029.858,5421.878,13254.13,1996.252,5518.708,13166.88,1969.388,5475.978,13163.19,1984.715,5461.73,13277.52,2004.762,5486.436
13265.33,2029.858,5421.561,13254.43,1996.252,5519.818,13166.15,1969.388,5476.865,13162.05,1984.715,5461.917,13278.66,2004.762,5486.631
13266.84,2029.858,5421.075,13254.79,1996.252,5521.366,13165.16,1969.388,5478.115,13160.48,1984.715,5462.141,13280.22,2004.762,5486.899
13268.83,2029.858,5420.371,13255.21,1996.252,5523.428,13163.9,1969.388,5479.796,13158.39,1984.715,5462.387,13282.29,2004.762,5487.252
13270.1,2029.858,5419.875,13255.44,1996.252,5524.775,13163.1,1969.388,5480.907,13157.03,1984.715,5462.513,13283.64,2004.762,5487.482
13271.42,2029.858,5419.311,13255.63,1996.252,5526.201,13162.29,1969.388,5482.095,13155.6,1984.715,5462.608,13285.06,2004.762,5487.726
13272.95,2029.858,5418.606,13255.81,1996.252,5527.871,13161.38,1969.388,5483.504,13153.92,1984.715,5462.677,13286.71,2004.762,5488.011
13274.47,2029.858,5417.844,13255.93,1996.252,5529.57,13160.49,1969.388,5484.957,13152.21,1984.715,5462.701,13288.39,2004.762,5488.304
13275.99,2029.858,5417.026,13256,1996.252,5531.291,13159.63,1969.388,5486.447,13150.49,1984.715,5462.679,13290.08,2004.762,5488.604
13277.49,2029.858,5416.152,13256.01,1996.252,5533.033,13158.8,1969.388,5487.977,13148.75,1984.715,5462.609,13291.8,2004.762,5488.912
13279.55,2029.858,5414.875,13255.96,1996.252,5535.453,13157.7,1969.388,5490.131,13146.34,1984.715,5462.445,13294.18,2004.762,5489.347
13280.01,2029.858,5414.565,13255.92,1996.252,5536.01,13157.46,1969.388,5490.635,13145.78,1984.715,5462.391,13294.73,2004.762,5489.45
13282.39,2029.858,5412.875,13255.67,1996.252,5538.915,13156.27,1969.388,5493.3,13142.89,1984.715,5462.028,13297.59,2004.762,5489.995
13283.96,2029.858,5411.685,13255.44,1996.252,5540.872,13155.52,1969.388,5495.123,13140.94,1984.715,5461.726,13299.52,2004.762,5490.372
13285.12,2029.858,5410.746,13255.21,1996.252,5542.348,13154.99,1969.388,5496.519,13139.48,1984.715,5461.454,13300.99,2004.762,5490.664
13285.74,2029.858,5410.216,13255.06,1996.252,5543.146,13154.73,1969.388,5497.286,13138.68,1984.715,5461.282,13301.78,2004.762,5490.827
13286,2029.858,5409.971,13254.99,1996.252,5543.501,13154.62,1969.388,5497.632,13138.33,1984.715,5461.195,13302.14,2004.762,5490.901
13287.6,2029.858,5408.411,13254.44,1996.252,5545.669,13154.01,1969.388,5499.783,13136.18,1984.715,5460.596,13304.32,2004.762,5491.368
13288.35,2029.858,5407.635,13254.15,1996.252,5546.707,13153.74,1969.388,5500.829,13135.15,1984.715,5460.275,13305.38,2004.762,5491.598
13289.23,2029.858,5406.664,13253.75,1996.252,5547.956,13153.46,1969.388,5502.108,13133.91,1984.715,5459.85,13306.66,2004.762,5491.883
13290.06,2029.858,5405.695,13253.32,1996.252,5549.155,13153.22,1969.388,5503.358,13132.71,1984.715,5459.4,13307.9,2004.762,5492.165
13290.83,2029.858,5404.736,13252.87,1996.252,5550.298,13153.02,1969.388,5504.57,13131.58,1984.715,5458.933,13309.09,2004.762,5492.442
13291.54,2029.858,5403.784,13252.4,1996.252,5551.392,13152.86,1969.388,5505.75,13130.49,1984.715,5458.447,13310.25,2004.762,5492.717
13292.4,2029.858,5402.562,13251.77,1996.252,5552.747,13152.71,1969.388,5507.237,13129.15,1984.715,5457.796,13311.7,2004.762,5493.067
13292.92,2029.858,5401.787,13251.35,1996.252,5553.575,13152.64,1969.388,5508.162,13128.32,1984.715,5457.368,13312.6,2004.762,5493.289
13293.41,2029.858,5400.987,13250.9,1996.252,5554.399,13152.59,1969.388,5509.101,13127.5,1984.715,5456.91,13313.51,2004.762,5493.518
13294.14,2029.858,5399.717,13250.16,1996.252,5555.663,13152.57,1969.388,5510.565,13126.25,1984.715,5456.157,13314.93,2004.762,5493.879
13294.46,2029.858,5399.123,13249.8,1996.252,5556.234,13152.58,1969.388,5511.239,13125.68,1984.715,5455.794,13315.59,2004.762,5494.046
13294.92,2029.858,5398.325,13249.29,1996.252,5556.999,13152.61,1969.388,5512.16,13124.92,1984.715,5455.274,13316.49,2004.762,5494.245
13295.59,2029.858,5397.25,13248.55,1996.252,5558.028,13152.7,1969.388,5513.424,13123.89,1984.715,5454.53,13317.73,2004.762,5494.477
13295.93,2029.858,5396.736,13248.18,1996.252,5558.519,13152.75,1969.388,5514.039,13123.41,1984.715,5454.152,13318.34,2004.762,5494.57
13296.5,2029.858,5395.937,13247.56,1996.252,5559.283,13152.88,1969.388,5515.014,13122.65,1984.715,5453.529,13319.32,2004.762,5494.688
13297.12,2029.858,5395.135,13246.9,1996.252,5560.05,13153.03,1969.388,5516.014,13121.88,1984.715,5452.866,13320.33,2004.762,5494.775
13297.51,2029.858,5394.659,13246.48,1996.252,5560.506,13153.13,1969.388,5516.621,13121.43,1984.715,5452.449,13320.94,2004.762,5494.809
13298.26,2029.858,5393.808,13245.7,1996.252,5561.324,13153.36,1969.388,5517.729,13120.62,1984.715,5451.66,13322.07,2004.762,5494.834
13298.92,2029.858,5393.095,13245.05,1996.252,5562.052,13153.58,1969.388,5518.681,13119.94,1984.715,5450.959,13323.05,2004.762,5494.823
13299.33,2029.858,5392.691,13244.68,1996.252,5562.49,13153.72,1969.388,5519.234,13119.55,1984.715,5450.539,13323.62,2004.762,5494.836
13300.04,2029.858,5392.029,13244.08,1996.252,5563.253,13153.99,1969.388,5520.167,13118.91,1984.715,5449.809,13324.59,2004.762,5494.889
13300.29,2029.858,5391.808,13243.89,1996.252,5563.523,13154.08,1969.388,5520.486,13118.7,1984.715,5449.551,13324.92,2004.762,5494.902
13300.72,2029.858,5391.454,13243.57,1996.252,5563.983,13154.26,1969.388,5521.015,13118.36,1984.715,5449.113,13325.48,2004.762,5494.917
13301.46,2029.858,5390.879,13243.07,1996.252,5564.776,13154.57,1969.388,5521.902,13117.79,1984.715,5448.36,13326.42,2004.762,5494.93
13302.09,2029.858,5390.427,13242.67,1996.252,5565.441,13154.84,1969.388,5522.625,13117.34,1984.715,5447.732,13327.19,2004.762,5494.917
13302.56,2029.858,5390.109,13242.4,1996.252,5565.939,13155.05,1969.388,5523.153,13117.02,1984.715,5447.263,13327.76,2004.762,5494.892
13302.73,2029.858,5389.998,13242.31,1996.252,5566.125,13155.13,1969.388,5523.346,13116.91,1984.715,5447.089,13327.97,2004.762,5494.876
13303.51,2029.858,5389.54,13241.93,1996.252,5566.947,13155.48,1969.388,5524.18,13116.43,1984.715,5446.322,13328.87,2004.762,5494.78
13303.88,2029.858,5389.337,13241.76,1996.252,5567.335,13155.65,1969.388,5524.567,13116.21,1984.715,5445.961,13329.29,2004.762,5494.723
13304.48,2029.858,5389.037,13241.52,1996.252,5567.958,13155.9,1969.388,5525.186,13115.87,1984.715,5445.385,13329.95,2004.762,5494.611
13304.97,2029.858,5388.809,13241.34,1996.252,5568.468,13156.09,1969.388,5525.692,13115.6,1984.715,5444.916,13330.48,2004.762,5494.504
13305.26,2029.858,5388.684,13241.24,1996.252,5568.771,13156.2,1969.388,5525.992,13115.45,1984.715,5444.639,13330.78,2004.762,5494.432
13305.84,2029.858,5388.461,13241.07,1996.252,5569.36,13156.38,1969.388,5526.576,13115.15,1984.715,5444.101,13331.38,2004.762,5494.273
13306.3,2029.858,5388.297,13240.95,1996.252,5569.839,13156.52,1969.388,5527.05,13114.92,1984.715,5443.667,13331.85,2004.762,5494.131
13306.76,2029.858,5388.151,13240.85,1996.252,5570.308,13156.65,1969.388,5527.514,13114.69,1984.715,5443.244,13332.3,2004.762,5493.978
13307.21,2029.858,5388.025,13240.76,1996.252,5570.765,13156.75,1969.388,5527.965,13114.47,1984.715,5442.833,13332.74,2004.762,5493.815
13307.69,2029.858,5387.906,13240.69,1996.252,5571.252,13156.86,1969.388,5528.447,13114.24,1984.715,5442.397,13333.2,2004.762,5493.629
13308.18,2029.858,5387.799,13240.63,1996.252,5571.755,13156.95,1969.388,5528.945,13114.01,1984.715,5441.948,13333.66,2004.762,5493.422
13308.48,2029.858,5387.744,13240.6,1996.252,5572.063,13157,1969.388,5529.25,13113.87,1984.715,5441.674,13333.94,2004.762,5493.288
13308.89,2029.858,5387.684,13240.58,1996.252,5572.472,13157.05,1969.388,5529.656,13113.68,1984.715,5441.309,13334.3,2004.762,5493.097
13309.28,2029.858,5387.638,13240.57,1996.252,5572.869,13157.1,1969.388,5530.05,13113.5,1984.715,5440.955,13334.64,2004.762,5492.901
13309.67,2029.858,5387.605,13240.57,1996.252,5573.254,13157.13,1969.388,5530.435,13113.32,1984.715,5440.617,13334.97,2004.762,5492.701
13310.04,2029.858,5387.585,13240.58,1996.252,5573.625,13157.14,1969.388,5530.805,13113.13,1984.715,5440.297,13335.28,2004.762,5492.498
13310.54,2029.858,5387.575,13240.62,1996.252,5574.125,13157.15,1969.388,5531.305,13112.86,1984.715,5439.875,13335.69,2004.762,5492.21
13311.02,2029.858,5387.581,13240.66,1996.252,5574.603,13157.15,1969.388,5531.786,13112.59,1984.715,5439.479,13336.08,2004.762,5491.922
13311.35,2029.858,5387.595,13240.71,1996.252,5574.933,13157.13,1969.388,5532.118,13112.39,1984.715,5439.21,13336.34,2004.762,5491.714
13311.67,2029.858,5387.619,13240.76,1996.252,5575.247,13157.11,1969.388,5532.435,13112.2,1984.715,5438.96,13336.58,2004.762,5491.508
13311.89,2029.858,5387.642,13240.8,1996.252,5575.464,13157.08,1969.388,5532.654,13112.06,1984.715,5438.791,13336.74,2004.762,5491.359
13312.1,2029.858,5387.671,13240.84,1996.252,5575.667,13157.06,1969.388,5532.861,13111.92,1984.715,5438.636,13336.89,2004.762,5491.214
13312.52,2029.858,5387.744,13240.95,1996.252,5576.088,13156.98,1969.388,5533.289,13111.62,1984.715,5438.322,13337.2,2004.762,5490.902
13312.75,2029.858,5387.791,13241.02,1996.252,5576.311,13156.94,1969.388,5533.517,13111.45,1984.715,5438.159,13337.35,2004.762,5490.731
13313.13,2029.858,5387.881,13241.14,1996.252,5576.682,13156.85,1969.388,5533.896,13111.16,1984.715,5437.895,13337.61,2004.762,5490.434
13313.33,2029.858,5387.936,13241.21,1996.252,5576.878,13156.79,1969.388,5534.098,13111,1984.715,5437.759,13337.74,2004.762,5490.271
13313.58,2029.858,5388.012,13241.3,1996.252,5577.122,13156.72,1969.388,5534.348,13110.8,1984.715,5437.596,13337.89,2004.762,5490.063
13313.9,2029.858,5388.098,13241.43,1996.252,5577.424,13156.61,1969.388,5534.659,13110.54,1984.715,5437.398,13338.1,2004.762,5489.806
13314.27,2029.858,5388.184,13241.59,1996.252,5577.766,13156.48,1969.388,5535.012,13110.23,1984.715,5437.181,13338.34,2004.762,5489.52
13314.69,2029.858,5388.268,13241.78,1996.252,5578.148,13156.32,1969.388,5535.408,13109.87,1984.715,5436.945,13338.63,2004.762,5489.205
13315.16,2029.858,5388.347,13242.01,1996.252,5578.569,13156.12,1969.388,5535.844,13109.47,1984.715,5436.695,13338.97,2004.762,5488.864
13315.69,2029.858,5388.418,13242.28,1996.252,5579.035,13155.89,1969.388,5536.327,13109,1984.715,5436.428,13339.36,2004.762,5488.492
13316.28,2029.858,5388.477,13242.56,1996.252,5579.557,13155.63,1969.388,5536.862,13108.48,1984.715,5436.15,13339.8,2004.762,5488.098
13316.92,2029.858,5388.52,13242.84,1996.252,5580.129,13155.37,1969.388,5537.441,13107.9,1984.715,5435.87,13340.28,2004.762,5487.688
13317.6,2029.858,5388.544,13243.12,1996.252,5580.755,13155.08,1969.388,5538.066,13107.28,1984.715,5435.587,13340.83,2004.762,5487.264
13318.43,2029.858,5388.545,13243.43,1996.252,5581.518,13154.74,1969.388,5538.817,13106.52,1984.715,5435.272,13341.49,2004.762,5486.777
13319.35,2029.858,5388.517,13243.76,1996.252,5582.378,13154.36,1969.388,5539.651,13105.66,1984.715,5434.948,13342.25,2004.762,5486.258
13319.97,2029.858,5388.478,13243.96,1996.252,5582.966,13154.09,1969.388,5540.212,13105.07,1984.715,5434.749,13342.77,2004.762,5485.925
13320.85,2029.858,5388.393,13244.21,1996.252,5583.813,13153.7,1969.388,5541.005,13104.22,1984.715,5434.491,13343.53,2004.762,5485.475
13322.35,2029.858,5388.198,13244.6,1996.252,5585.274,13153.01,1969.388,5542.349,13102.76,1984.715,5434.097,13344.86,2004.762,5484.748
13323.53,2029.858,5388.005,13244.87,1996.252,5586.443,13152.43,1969.388,5543.403,13101.59,1984.715,5433.822,13345.93,2004.762,5484.206
13324.6,2029.858,5387.793,13245.09,1996.252,5587.517,13151.89,1969.388,5544.351,13100.52,1984.715,5433.606,13346.92,2004.762,5483.744
13325.94,2029.858,5387.484,13245.31,1996.252,5588.871,13151.25,1969.388,5545.563,13099.18,1984.715,5433.335,13348.19,2004.762,5483.206
13326.6,2029.858,5387.309,13245.4,1996.252,5589.55,13150.94,1969.388,5546.177,13098.5,1984.715,5433.2,13348.82,2004.762,5482.958
13326.82,2029.858,5387.242,13245.42,1996.252,5589.778,13150.85,1969.388,5546.387,13098.28,1984.715,5433.155,13349.04,2004.762,5482.882
13328.42,2029.858,5386.79,13245.53,1996.252,5591.435,13150.22,1969.388,5547.922,13096.65,1984.715,5432.827,13350.63,2004.762,5482.383
13329.19,2029.858,5386.544,13245.55,1996.252,5592.243,13149.93,1969.388,5548.679,13095.86,1984.715,5432.667,13351.4,2004.762,5482.166
13330.35,2029.858,5386.09,13245.56,1996.252,5593.489,13149.53,1969.388,5549.859,13094.64,1984.715,5432.421,13352.59,2004.762,5481.792
13331.51,2029.858,5385.564,13245.52,1996.252,5594.763,13149.16,1969.388,5551.079,13093.39,1984.715,5432.17,13353.79,2004.762,5481.369
13332.67,2029.858,5384.953,13245.44,1996.252,5596.071,13148.82,1969.388,5552.344,13092.1,1984.715,5431.911,13355.02,2004.762,5480.895
13333.85,2029.858,5384.322,13245.31,1996.252,5597.404,13148.51,1969.388,5553.646,13090.79,1984.715,5431.647,13356.25,2004.762,5480.369
13335.09,2029.858,5383.713,13245.14,1996.252,5598.77,13148.24,1969.388,5554.996,13089.44,1984.715,5431.375,13357.5,2004.762,5479.788
13336.29,2029.858,5382.986,13244.92,1996.252,5600.162,13148,1969.388,5556.385,13088.06,1984.715,5431.097,13358.75,2004.762,5479.151
13337.51,2029.858,5382.234,13244.66,1996.252,5601.568,13147.81,1969.388,5557.803,13086.66,1984.715,5430.814,13360.01,2004.762,5478.463
13338.67,2029.858,5381.34,13244.34,1996.252,5602.994,13147.65,1969.388,5559.255,13085.22,1984.715,5430.526,13361.27,2004.762,5477.719
13339.79,2029.858,5380.361,13243.97,1996.252,5604.438,13147.54,1969.388,5560.742,13083.76,1984.715,5430.231,13362.58,2004.762,5477.006
13340.97,2029.858,5379.4,13243.54,1996.252,5605.898,13147.48,1969.388,5562.262,13082.27,1984.715,5429.931,13363.89,2004.762,5476.235
13342.2,2029.858,5378.465,13243.06,1996.252,5607.365,13147.46,1969.388,5563.804,13080.76,1984.715,5429.626,13365.19,2004.762,5475.411
13343.44,2029.858,5377.513,13242.53,1996.252,5608.835,13147.49,1969.388,5565.367,13079.23,1984.715,5429.318,13366.48,2004.762,5474.532
13344.84,2029.858,5376.448,13241.99,1996.252,5610.509,13147.47,1969.388,5567.126,13077.5,1984.715,5428.97,13367.95,2004.762,5473.559
13346.37,2029.858,5375.357,13241.47,1996.252,5612.319,13147.39,1969.388,5569.008,13075.66,1984.715,5428.598,13369.57,2004.762,5472.592
13347.38,2029.858,5374.691,13241.17,1996.252,5613.49,13147.29,1969.388,5570.212,13074.47,1984.715,5428.36,13370.64,2004.762,5472.044
13348.8,2029.858,5373.82,13240.82,1996.252,5615.113,13147.11,1969.388,5571.864,13072.84,1984.715,5428.032,13372.1,2004.762,5471.243
13350.26,2029.858,5372.986,13240.33,1996.252,5616.724,13146.87,1969.388,5573.528,13071.19,1984.715,5427.7,13373.54,2004.762,5470.384
13351.71,2029.858,5372.091,13239.9,1996.252,5618.374,13146.65,1969.388,5575.22,13069.52,1984.715,5427.363,13375.04,2004.762,5469.56
13353.81,2029.858,5370.892,13239.34,1996.252,5620.728,13146.27,1969.388,5577.608,13067.15,1984.715,5426.885,13377.12,2004.762,5468.324
13355.3,2029.858,5369.976,13238.96,1996.252,5622.433,13146.1,1969.388,5579.347,13065.44,1984.715,5426.541,13378.54,2004.762,5467.312
13356.28,2029.858,5369.325,13238.74,1996.252,5623.592,13145.95,1969.388,5580.519,13064.28,1984.715,5426.308,13379.44,2004.762,5466.544
13358.23,2029.858,5367.945,13238.33,1996.252,5625.941,13145.57,1969.388,5582.872,13061.94,1984.715,5425.837,13381.3,2004.762,5465.054
13359.71,2029.858,5366.91,13238.01,1996.252,5627.723,13145.22,1969.388,5584.648,13060.17,1984.715,5425.479,13382.71,2004.762,5463.925
13360.81,2029.858,5366.149,13237.9,1996.252,5629.052,13145.01,1969.388,5585.965,13058.86,1984.715,5425.216,13383.78,2004.762,5463.127
13362.08,2029.858,5365.199,13237.85,1996.252,5630.642,13144.59,1969.388,5587.5,13057.3,1984.715,5424.902,13385.09,2004.762,5462.218
13363.55,2029.858,5364.078,13237.73,1996.252,5632.487,13144.16,1969.388,5589.299,13055.49,1984.715,5424.537,13386.73,2004.762,5461.37
13365.08,2029.858,5362.994,13237.54,1996.252,5634.349,13143.79,1969.388,5591.132,13053.65,1984.715,5424.168,13388.37,2004.762,5460.458
13366.65,2029.858,5361.952,13237.41,1996.252,5636.229,13143.48,1969.388,5592.99,13051.81,1984.715,5423.796,13389.98,2004.762,5459.486
13368.26,2029.858,5360.956,13237.22,1996.252,5638.115,13143.2,1969.388,5594.867,13049.95,1984.715,5423.421,13391.6,2004.762,5458.499
13369.91,2029.858,5360.009,13237.19,1996.252,5640.019,13142.87,1969.388,5596.741,13048.08,1984.715,5423.045,13393.19,2004.762,5457.454
13371.56,2029.858,5358.994,13237.11,1996.252,5641.95,13142.59,1969.388,5598.653,13046.19,1984.715,5422.664,13394.84,2004.762,5456.447
13373.24,2029.858,5358.03,13236.96,1996.252,5643.884,13142.38,1969.388,5600.581,13044.29,1984.715,5422.281,13396.46,2004.762,5455.383
13374.9,2029.858,5357.004,13236.83,1996.252,5645.831,13142.22,1969.388,5602.527,13042.37,1984.715,5421.896,13398.05,2004.762,5454.252
13377.19,2029.858,5355.487,13236.56,1996.252,5648.563,13141.59,1969.388,5605.198,13039.68,1984.715,5421.354,13400.34,2004.762,5452.735
13378.3,2029.858,5354.769,13236.38,1996.252,5649.872,13141.32,1969.388,5606.491,13038.39,1984.715,5421.093,13401.42,2004.762,5451.969
13380.48,2029.858,5353.252,13235.95,1996.252,5652.492,13140.87,1969.388,5609.107,13035.78,1984.715,5420.569,13403.5,2004.762,5450.326
13381.55,2029.858,5352.452,13235.69,1996.252,5653.807,13140.68,1969.388,5610.435,13034.47,1984.715,5420.304,13404.58,2004.762,5449.531
13382.85,2029.858,5351.102,13235.22,1996.252,5655.621,13140.61,1969.388,5612.305,13032.63,1984.715,5419.935,13406.14,2004.762,5448.488
13384.3,2029.858,5349.686,13234.78,1996.252,5657.601,13140.48,1969.388,5614.329,13030.65,1984.715,5419.534,13407.78,2004.762,5447.303
13385.8,2029.858,5348.316,13234.38,1996.252,5659.593,13140.28,1969.388,5616.351,13028.65,1984.715,5419.133,13409.39,2004.762,5446.063
13387.35,2029.858,5346.99,13233.95,1996.252,5661.588,13140.01,1969.388,5618.375,13026.65,1984.715,5418.73,13410.97,2004.762,5444.764
13390.24,2029.858,5344.679,13233.03,1996.252,5665.172,13139.4,1969.388,5622.025,13023.03,1984.715,5418,13413.88,2004.762,5442.481
13392.74,2029.858,5342.813,13232.36,1996.252,5668.216,13138.79,1969.388,5625.082,13019.97,1984.715,5417.384,13416.27,2004.762,5440.478
13394.64,2029.858,5341.298,13231.55,1996.252,5670.504,13138.58,1969.388,5627.499,13017.59,1984.715,5416.905,13418.18,2004.762,5438.98
13395.72,2029.858,5340.419,13231.13,1996.252,5671.836,13138.41,1969.388,5628.885,13016.22,1984.715,5416.629,13419.25,2004.762,5438.083
13396.78,2029.858,5339.506,13230.76,1996.252,5673.18,13138.2,1969.388,5630.264,13014.85,1984.715,5416.354,13420.29,2004.762,5437.16
13397.21,2029.858,5339.221,13230.59,1996.252,5673.675,13138.1,1969.388,5630.776,13014.34,1984.715,5416.25,13420.69,2004.762,5436.827
13398.85,2029.858,5338.068,13230.02,1996.252,5675.597,13137.79,1969.388,5632.756,13012.38,1984.715,5415.855,13422.28,2004.762,5435.601
13400.71,2029.858,5337.052,13229.37,1996.252,5677.608,13137.39,1969.388,5634.833,13010.3,1984.715,5415.438,13423.93,2004.762,5434.276
13402.54,2029.858,5335.971,13228.78,1996.252,5679.648,13136.92,1969.388,5636.906,13008.22,1984.715,5415.018,13425.63,2004.762,5432.999
13404.88,2029.858,5334.501,13228.09,1996.252,5682.329,13136.22,1969.388,5639.583,13005.51,1984.715,5414.472,13427.89,2004.762,5431.41
13406.95,2029.858,5333.384,13227.43,1996.252,5684.584,13135.71,1969.388,5641.875,13003.21,1984.715,5414.008,13429.71,2004.762,5429.926
13408.05,2029.858,5332.737,13227.11,1996.252,5685.827,13135.5,1969.388,5643.141,13001.95,1984.715,5413.754,13430.73,2004.762,5429.149
13409.88,2029.858,5331.588,13226.58,1996.252,5687.918,13135.25,1969.388,5645.286,12999.83,1984.715,5413.328,13432.46,2004.762,5427.852
13411.51,2029.858,5330.545,13226.16,1996.252,5689.803,13134.96,1969.388,5647.196,12997.94,1984.715,5412.947,13434.04,2004.762,5426.744
13414.18,2029.858,5328.702,13225.55,1996.252,5692.996,13134.38,1969.388,5650.392,12994.75,1984.715,5412.305,13436.54,2004.762,5424.667
13414.77,2029.858,5328.271,13225.44,1996.252,5693.711,13134.27,1969.388,5651.108,12994.04,1984.715,5412.162,13437.11,2004.762,5424.223
13417.39,2029.858,5326.202,13225.04,1996.252,5697.025,13133.77,1969.388,5654.409,12990.77,1984.715,5411.503,13439.52,2004.762,5421.915
13418.44,2029.858,5325.313,13224.83,1996.252,5698.387,13133.45,1969.388,5655.747,12989.42,1984.715,5411.231,13440.55,2004.762,5420.995
13420.87,2029.858,5323.116,13224.24,1996.252,5701.614,13132.54,1969.388,5658.898,12986.21,1984.715,5410.583,13442.7,2004.762,5418.515
13421.93,2029.858,5322.096,13223.93,1996.252,5703.049,13132.18,1969.388,5660.322,12984.77,1984.715,5410.293,13443.64,2004.762,5417.39
13422.75,2029.858,5321.253,13223.76,1996.252,5704.213,13131.83,1969.388,5661.444,12983.61,1984.715,5410.061,13444.33,2004.762,5416.439
13424.82,2029.858,5318.983,13223.34,1996.252,5707.253,13131,1969.388,5664.401,12980.6,1984.715,5409.455,13446.22,2004.762,5414.02
13426.25,2029.858,5317.3,13223.09,1996.252,5709.451,13130.48,1969.388,5666.55,12978.43,1984.715,5409.019,13447.64,2004.762,5412.322
13427.77,2029.858,5315.396,13222.73,1996.252,5711.859,13129.97,1969.388,5668.932,12976.05,1984.715,5408.538,13448.92,2004.762,5410.253
13429.67,2029.858,5312.845,13222.34,1996.252,5715.018,13129.42,1969.388,5672.064,12972.93,1984.715,5407.91,13450.69,2004.762,5407.607
13431.38,2029.858,5311.052,13222.08,1996.252,5717.482,13129.06,1969.388,5674.517,12970.5,1984.715,5407.421,13452.07,2004.762,5405.547
13431.75,2029.858,5310.636,13222,1996.252,5718.035,13129,1969.388,5675.072,12969.95,1984.715,5407.311,13452.39,2004.762,5405.093
13433.81,2029.858,5308.193,13221.66,1996.252,5721.21,13128.54,1969.388,5678.232,12966.82,1984.715,5406.68,13454.33,2004.762,5402.554
13434.74,2029.858,5307.018,13221.45,1996.252,5722.693,13128.38,1969.388,5679.722,12965.35,1984.715,5406.384,13455.27,2004.762,5401.392
13436.51,2029.858,5304.623,13221.13,1996.252,5725.657,13127.95,1969.388,5682.671,12962.43,1984.715,5405.796,13457.22,2004.762,5399.139
13437.37,2029.858,5303.391,13220.92,1996.252,5727.143,13127.79,1969.388,5684.163,12960.96,1984.715,5405.5,13458.24,2004.762,5398.036
13439.15,2029.858,5300.798,13220.22,1996.252,5730.208,13127.34,1969.388,5687.275,12957.88,1984.715,5404.878,13460.3,2004.762,5395.655
13440.48,2029.858,5298.989,13219.67,1996.252,5732.387,13127.04,1969.388,5689.502,12955.67,1984.715,5404.435,13461.76,2004.762,5393.951
13440.94,2029.858,5298.401,13219.51,1996.252,5733.118,13126.91,1969.388,5690.24,12954.94,1984.715,5404.287,13462.23,2004.762,5393.369
13442.92,2029.858,5295.938,13218.94,1996.252,5736.222,13126.29,1969.388,5693.333,12951.85,1984.715,5403.664,13464.33,2004.762,5391.011
13444.2,2029.858,5294.434,13218.78,1996.252,5738.194,13125.74,1969.388,5695.235,12949.91,1984.715,5403.273,13465.59,2004.762,5389.49
13445.83,2029.858,5292.478,13218.49,1996.252,5740.725,13125.12,1969.388,5697.705,12947.41,1984.715,5402.771,13467.17,2004.762,5387.489
13446.73,2029.858,5291.564,13218.3,1996.252,5741.994,13124.85,1969.388,5698.958,12946.15,1984.715,5402.518,13467.82,2004.762,5386.386
13448.94,2029.858,5289.18,13217.72,1996.252,5745.187,13123.88,1969.388,5702.056,12942.97,1984.715,5401.877,13469.57,2004.762,5383.649
13449.94,2029.858,5288.027,13217.52,1996.252,5746.7,13123.47,1969.388,5703.527,12941.47,1984.715,5401.576,13470.43,2004.762,5382.388
13451.65,2029.858,5285.917,13217.06,1996.252,5749.383,13122.83,1969.388,5706.172,12938.81,1984.715,5401.039,13472.03,2004.762,5380.188
13453.04,2029.858,5284.103,13216.6,1996.252,5751.619,13122.36,1969.388,5708.407,12936.57,1984.715,5400.588,13473.43,2004.762,5378.386
13454.37,2029.858,5282.25,13216.28,1996.252,5753.875,13121.97,1969.388,5710.652,12934.33,1984.715,5400.138,13474.88,2004.762,5376.63
13455.64,2029.858,5280.355,13216.18,1996.252,5756.153,13121.66,1969.388,5712.91,12932.1,1984.715,5399.688,13476.39,2004.762,5374.919
13456.97,2029.858,5278.499,13216.11,1996.252,5758.438,13121.41,1969.388,5715.184,12929.86,1984.715,5399.236,13477.85,2004.762,5373.156
13458.37,2029.858,5276.685,13215.96,1996.252,5760.721,13121.24,1969.388,5717.465,12927.61,1984.715,5398.784,13479.25,2004.762,5371.344
13459.37,2029.858,5275.158,13215.78,1996.252,5762.538,13120.97,1969.388,5719.271,12925.83,1984.715,5398.424,13480.31,2004.762,5369.863
13460.62,2029.858,5272.71,13215.56,1996.252,5765.28,13120.28,1969.388,5721.933,12923.13,1984.715,5397.881,13481.85,2004.762,5367.58
13461.74,2029.858,5270.703,13215.31,1996.252,5767.563,13119.77,1969.388,5724.172,12920.88,1984.715,5397.427,13483.06,2004.762,5365.632
13463.41,2029.858,5266.659,13214.68,1996.252,5771.893,13118.93,1969.388,5728.467,12916.59,1984.715,5396.563,13485.26,2004.762,5361.849
13464.03,2029.858,5265.293,13214.42,1996.252,5773.369,13118.69,1969.388,5729.946,12915.12,1984.715,5396.268,13485.97,2004.762,5360.529
13464.18,2029.858,5264.864,13214.33,1996.252,5773.816,13118.64,1969.388,5730.399,12914.67,1984.715,5396.177,13486.18,2004.762,5360.121
13465.76,2029.858,5260.928,13213.33,1996.252,5777.938,13118.23,1969.388,5734.62,12910.51,1984.715,5395.34,13488.33,2004.762,5356.465
13466.22,2029.858,5259.873,13213.05,1996.252,5779.056,13118.08,1969.388,5735.763,12909.38,1984.715,5395.112,13488.88,2004.762,5355.453
13467.12,2029.858,5257.998,13212.62,1996.252,5781.088,13117.92,1969.388,5737.834,12907.35,1984.715,5394.702,13490.04,2004.762,5353.734
13468.18,2029.858,5255.95,13212.16,1996.252,5783.351,13117.66,1969.388,5740.129,12905.08,1984.715,5394.247,13491.28,2004.762,5351.783
13469.32,2029.858,5253.934,13211.78,1996.252,5785.631,13117.33,1969.388,5742.418,12902.82,1984.715,5393.79,13492.45,2004.762,5349.79
13469.93,2029.858,5252.442,13211.51,1996.252,5787.222,13117.05,1969.388,5744.006,12901.24,1984.715,5393.472,13493.44,2004.762,5348.513
13471.29,2029.858,5249.418,13211.08,1996.252,5790.508,13116.58,1969.388,5747.287,12897.99,1984.715,5392.817,13495.37,2004.762,5345.824
13471.97,2029.858,5248.026,13210.95,1996.252,5792.053,13116.3,1969.388,5748.812,12896.47,1984.715,5392.511,13496.24,2004.762,5344.537
13473.27,2029.858,5245.578,13210.64,1996.252,5794.807,13115.89,1969.388,5751.553,12893.75,1984.715,5391.964,13497.71,2004.762,5342.188
13474.42,2029.858,5243.567,13210.3,1996.252,5797.1,13115.46,1969.388,5753.831,12891.48,1984.715,5391.506,13498.87,2004.762,5340.183
13475.48,2029.858,5241.509,13209.89,1996.252,5799.377,13115.11,1969.388,5756.118,12889.21,1984.715,5391.049,13499.97,2004.762,5338.145
13476.36,2029.858,5239.363,13209.37,1996.252,5801.639,13114.69,1969.388,5758.398,12886.94,1984.715,5390.591,13501.06,2004.762,5336.099
13477.31,2029.858,5237.244,13208.64,1996.252,5803.843,13114.18,1969.388,5760.666,12884.66,1984.715,5390.133,13502.09,2004.762,5334.015
13478.08,2029.858,5235.304,13208.05,1996.252,5805.843,13113.75,1969.388,5762.707,12882.61,1984.715,5389.721,13502.95,2004.762,5332.115
13479.46,2029.858,5232.107,13206.94,1996.252,5809.147,13112.92,1969.388,5766.09,12879.2,1984.715,5389.033,13504.28,2004.762,5328.896
13480.04,2029.858,5230.661,13206.5,1996.252,5810.638,13112.61,1969.388,5767.614,12877.67,1984.715,5388.726,13504.69,2004.762,5327.396
13480.45,2029.858,5229.491,13206.18,1996.252,5811.84,13112.4,1969.388,5768.838,12876.46,1984.715,5388.48,13505.04,2004.762,5326.203
13481.91,2029.858,5226.579,13205.46,1996.252,5815.015,13111.75,1969.388,5772.03,12873.26,1984.715,5387.837,13506.05,2004.762,5323.106
13482.88,2029.858,5224.471,13204.78,1996.252,5817.234,13111.4,1969.388,5774.323,12870.99,1984.715,5387.379,13506.84,2004.762,5320.926
13483.9,2029.858,5222.359,13204.16,1996.252,5819.495,13111.07,1969.388,5776.647,12868.69,1984.715,5386.916,13507.71,2004.762,5318.748
13485.25,2029.858,5219.4,13203.17,1996.252,5822.595,13110.51,1969.388,5779.852,12865.5,1984.715,5386.274,13508.94,2004.762,5315.733
13485.94,2029.858,5218.186,13202.79,1996.252,5823.935,13110.23,1969.388,5781.214,12864.13,1984.715,5385.999,13509.42,2004.762,5314.429
13487.01,2029.858,5216.112,13202.01,1996.252,5826.137,13109.68,1969.388,5783.484,12861.85,1984.715,5385.538,13510.31,2004.762,5312.27
13488.11,2029.858,5214.052,13201.31,1996.252,5828.363,13109.05,1969.388,5785.734,12859.56,1984.715,5385.077,13511.27,2004.762,5310.141
13489.14,2029.858,5211.963,13200.49,1996.252,5830.542,13108.36,1969.388,5787.957,12857.27,1984.715,5384.617,13512.3,2004.762,5308.05
13490.11,2029.858,5209.834,13199.74,1996.252,5832.755,13107.59,1969.388,5790.163,12854.98,1984.715,5384.156,13513.33,2004.762,5305.954
13491.43,2029.858,5206.847,13199.17,1996.252,5835.973,13106.34,1969.388,5793.183,12851.78,1984.715,5383.511,13514.68,2004.762,5302.977
13491.77,2029.858,5206.146,13199.01,1996.252,5836.735,13106.07,1969.388,5793.912,12851.02,1984.715,5383.357,13515.11,2004.762,5302.329
13493.37,2029.858,5203.103,13198.2,1996.252,5840.075,13104.96,1969.388,5797.168,12847.65,1984.715,5382.678,13516.93,2004.762,5299.415
13494.28,2029.858,5201.483,13197.7,1996.252,5841.868,13104.43,1969.388,5798.95,12845.82,1984.715,5382.311,13517.87,2004.762,5297.805
13495.51,2029.858,5199.48,13197.44,1996.252,5844.2,13103.82,1969.388,5801.217,12843.52,1984.715,5381.847,13518.98,2004.762,5295.737
13497.32,2029.858,5197.149,13197.01,1996.252,5847.123,13103.15,1969.388,5804.094,12840.63,1984.715,5381.264,13520.46,2004.762,5293.184
13497.8,2029.858,5196.521,13196.88,1996.252,5847.899,13103,1969.388,5804.868,12839.85,1984.715,5381.108,13520.88,2004.762,5292.515
13500.1,2029.858,5193.271,13196.18,1996.252,5851.82,13101.85,1969.388,5808.68,12835.95,1984.715,5380.322,13523.1,2004.762,5289.209
13500.83,2029.858,5192.172,13195.91,1996.252,5853.109,13101.51,1969.388,5809.953,12834.66,1984.715,5380.062,13523.71,2004.762,5288.038
13502.54,2029.858,5189.382,13195.22,1996.252,5856.311,13100.73,1969.388,5813.131,12831.45,1984.715,5379.416,13525.3,2004.762,5285.178
13502.94,2029.858,5188.687,13195.03,1996.252,5857.087,13100.56,1969.388,5813.914,12830.66,1984.715,5379.257,13525.71,2004.762,5284.492
13504.49,2029.858,5185.818,13194.34,1996.252,5860.279,13099.78,1969.388,5817.084,12827.46,1984.715,5378.613,13527.3,2004.762,5281.64
13505.68,2029.858,5183.794,13193.77,1996.252,5862.554,13099,1969.388,5819.297,12825.17,1984.715,5378.15,13528.37,2004.762,5279.555
13506.8,2029.858,5181.731,13193.26,1996.252,5864.846,13098.3,1969.388,5821.537,12822.86,1984.715,5377.687,13529.51,2004.762,5277.504
13507.43,2029.858,5179.974,13192.8,1996.252,5866.656,13097.65,1969.388,5823.289,12821.03,1984.715,5377.317,13530.37,2004.762,5275.842
13508.83,2029.858,5176.484,13191.79,1996.252,5870.277,13096.46,1969.388,5826.852,12817.35,1984.715,5376.575,13531.98,2004.762,5272.447
13509.66,2029.858,5174.293,13191.1,1996.252,5872.515,13095.78,1969.388,5829.097,12815.05,1984.715,5376.112,13532.92,2004.762,5270.297
13509.9,2029.858,5173.552,13190.84,1996.252,5873.25,13095.58,1969.388,5829.85,12814.29,1984.715,5375.958,13533.2,2004.762,5269.573
13510.74,2029.858,5169.714,13189.44,1996.252,5876.919,13094.7,1969.388,5833.676,12810.43,1984.715,5375.183,13534.53,2004.762,5265.875
13511.63,2029.858,5166.194,13188.25,1996.252,5880.351,13093.78,1969.388,5837.188,12806.88,1984.715,5374.466,13535.74,2004.762,5262.454
13512.43,2029.858,5163.385,13187.29,1996.252,5883.111,13092.95,1969.388,5839.991,12804.01,1984.715,5373.889,13536.63,2004.762,5259.668
13512.55,2029.858,5162.928,13187.09,1996.252,5883.537,13092.8,1969.388,5840.439,12803.55,1984.715,5373.796,13536.76,2004.762,5259.214
13512.69,2029.858,5162.458,13186.89,1996.252,5883.982,13092.63,1969.388,5840.896,12803.07,1984.715,5373.7,13536.93,2004.762,5258.759
13513.67,2029.858,5159.331,13185.65,1996.252,5887.02,13091.66,1969.388,5844.029,12799.86,1984.715,5373.052,13538.25,2004.762,5255.758
13514.45,2029.858,5157.114,13184.76,1996.252,5889.191,13090.9,1969.388,5846.25,12797.55,1984.715,5372.588,13539.12,2004.762,5253.576
13514.98,2029.858,5154.822,13183.72,1996.252,5891.305,13090.06,1969.388,5848.449,12795.25,1984.715,5372.124,13540.03,2004.762,5251.404
13515.59,2029.858,5152.556,13182.76,1996.252,5893.446,13089.25,1969.388,5850.653,12792.94,1984.715,5371.66,13540.86,2004.762,5249.209
13516.28,2029.858,5150.308,13181.87,1996.252,5895.62,13088.37,1969.388,5852.833,12790.64,1984.715,5371.196,13541.64,2004.762,5246.992
13516.7,2029.858,5147.999,13180.73,1996.252,5897.672,13087.64,1969.388,5855.064,12788.34,1984.715,5370.733,13542.35,2004.762,5244.755
13517.21,2029.858,5145.68,13179.65,1996.252,5899.785,13086.84,1969.388,5857.296,12786.01,1984.715,5370.264,13543,2004.762,5242.471
13517.68,2029.858,5143.721,13178.79,1996.252,5901.607,13086.09,1969.388,5859.167,12784.04,1984.715,5369.866,13543.48,2004.762,5240.514
13518.39,2029.858,5141.147,13177.42,1996.252,5903.904,13085.03,1969.388,5861.623,12781.42,1984.715,5369.339,13544.03,2004.762,5237.901
13519.07,2029.858,5138.404,13176.06,1996.252,5906.38,13083.84,1969.388,5864.182,12778.65,1984.715,5368.781,13544.71,2004.762,5235.158
13519.5,2029.858,5136.58,13175.21,1996.252,5908.05,13083.13,1969.388,5865.918,12776.81,1984.715,5368.411,13545.14,2004.762,5233.335
13520.05,2029.858,5134.282,13174.21,1996.252,5910.189,13082.42,1969.388,5868.169,12774.5,1984.715,5367.945,13545.61,2004.762,5231.02
13520.56,2029.858,5131.743,13173.19,1996.252,5912.571,13081.55,1969.388,5870.611,12771.96,1984.715,5367.433,13546.21,2004.762,5228.499
13521.12,2029.858,5129.389,13172.31,1996.252,5914.825,13080.67,1969.388,5872.864,12769.58,1984.715,5366.956,13546.88,2004.762,5226.173
13521.61,2029.858,5127.38,13171.79,1996.252,5916.825,13079.98,1969.388,5874.812,12767.56,1984.715,5366.547,13547.39,2004.762,5224.17
13521.82,2029.858,5125.381,13171.28,1996.252,5918.77,13079.26,1969.388,5876.689,12765.59,1984.715,5366.15,13547.94,2004.762,5222.239
13522.3,2029.858,5121.956,13170.3,1996.252,5922.085,13078.13,1969.388,5879.958,12762.2,1984.715,5365.467,13548.8,2004.762,5218.887
13522.57,2029.858,5120.412,13170.03,1996.252,5923.63,13077.66,1969.388,5881.456,12760.66,1984.715,5365.158,13549.13,2004.762,5217.355
13522.76,2029.858,5118.04,13169.54,1996.252,5925.959,13077.04,1969.388,5883.75,12758.33,1984.715,5364.688,13549.57,2004.762,5215.016
13523.2,2029.858,5114.154,13168.63,1996.252,5929.76,13076.13,1969.388,5887.554,12754.5,1984.715,5363.916,13550.15,2004.762,5211.149
13523.59,2029.858,5111.514,13168.08,1996.252,5932.373,13075.73,1969.388,5890.193,12751.88,1984.715,5363.389,13550.46,2004.762,5208.5
13524.08,2029.858,5109.217,13167.62,1996.252,5934.675,13075.32,1969.388,5892.504,12749.58,1984.715,5362.926,13550.82,2004.762,5206.178
13524.18,2029.858,5108.641,13167.53,1996.252,5935.252,13075.3,1969.388,5893.089,12749,1984.715,5362.81,13550.92,2004.762,5205.603
13524.42,2029.858,5105.463,13167.11,1996.252,5938.412,13075.06,1969.388,5896.267,12745.88,1984.715,5362.181,13551.74,2004.762,5202.522
13524.59,2029.858,5103.904,13166.75,1996.252,5939.939,13074.9,1969.388,5897.827,12744.34,1984.715,5361.871,13552.09,2004.762,5200.994
13524.82,2029.858,5101.717,13166.21,1996.252,5942.072,13074.6,1969.388,5900.005,12742.19,1984.715,5361.437,13552.52,2004.762,5198.836
13525.15,2029.858,5099.383,13165.71,1996.252,5944.375,13074.2,1969.388,5902.327,12739.88,1984.715,5360.972,13552.9,2004.762,5196.51
13525.56,2029.858,5097.059,13165.29,1996.252,5946.695,13073.72,1969.388,5904.638,12737.56,1984.715,5360.506,13553.2,2004.762,5194.17
13525.78,2029.858,5095.431,13164.94,1996.252,5948.302,13073.44,1969.388,5906.258,12735.95,1984.715,5360.181,13553.47,2004.762,5192.547
13525.95,2029.858,5092.056,13164.33,1996.252,5951.626,13072.76,1969.388,5909.567,12732.64,1984.715,5359.514,13553.9,2004.762,5189.196
13526.07,2029.858,5090.474,13164.13,1996.252,5953.201,13072.25,1969.388,5911.073,12731.08,1984.715,5359.201,13554.05,2004.762,5187.616
13526.16,2029.858,5087.657,13163.75,1996.252,5955.993,13071.45,1969.388,5913.773,12728.32,1984.715,5358.645,13554.23,2004.762,5184.804
13526.19,2029.858,5085.301,13163.36,1996.252,5958.316,13070.85,1969.388,5916.052,12726.01,1984.715,5358.179,13554.58,2004.762,5182.474
13526.27,2029.858,5083.419,13163.06,1996.252,5960.176,13070.43,1969.388,5917.889,12724.16,1984.715,5357.807,13554.81,2004.762,5180.604
13526.42,2029.858,5079.807,13162.62,1996.252,5963.764,13069.59,1969.388,5921.404,12720.62,1984.715,5357.093,13555.11,2004.762,5177.001
13526.39,2029.858,5078.235,13162.48,1996.252,5965.331,13069.17,1969.388,5922.921,12719.08,1984.715,5356.783,13555.28,2004.762,5175.438
13526.42,2029.858,5075.872,13162.21,1996.252,5967.678,13068.63,1969.388,5925.221,12716.76,1984.715,5356.316,13555.46,2004.762,5173.081
13526.53,2029.858,5073.519,13161.85,1996.252,5970.006,13068.16,1969.388,5927.529,12714.45,1984.715,5355.851,13555.86,2004.762,5170.762
13526.72,2029.858,5071.17,13161.67,1996.252,5972.355,13067.72,1969.388,5929.842,12712.14,1984.715,5355.386,13556.2,2004.762,5168.429
13526.99,2029.858,5068.823,13161.41,1996.252,5974.703,13067.34,1969.388,5932.175,12709.83,1984.715,5354.919,13556.45,2004.762,5166.081
13527.17,2029.858,5066.473,13161.42,1996.252,5977.06,13067.05,1969.388,5934.514,12707.52,1984.715,5354.454,13556.33,2004.762,5163.727
13527.26,2029.858,5064.594,13161.4,1996.252,5978.941,13066.88,1969.388,5936.387,12705.67,1984.715,5354.083,13556.29,2004.762,5161.846
13527.31,2029.858,5060.973,13161.24,1996.252,5982.558,13066.46,1969.388,5939.983,12702.12,1984.715,5353.368,13556.34,2004.762,5158.225
13527.28,2029.858,5059.389,13161.12,1996.252,5984.138,13066.18,1969.388,5941.544,12700.57,1984.715,5353.055,13556.22,2004.762,5156.646
13527.59,2029.858,5055.533,13160.69,1996.252,5987.982,13065.64,1969.388,5945.375,12696.78,1984.715,5352.291,13556.03,2004.762,5152.783
13527.62,2029.858,5054.942,13160.62,1996.252,5988.57,13065.54,1969.388,5945.958,12696.2,1984.715,5352.174,13556.02,2004.762,5152.191
13527.96,2029.858,5051.25,13160.08,1996.252,5992.237,13064.69,1969.388,5949.565,12692.56,1984.715,5351.442,13556.02,2004.762,5148.483
13528.15,2029.858,5048.127,13159.52,1996.252,5995.315,13064.06,1969.388,5952.632,12689.49,1984.715,5350.825,13556.12,2004.762,5145.355
13528.18,2029.858,5047.537,13159.46,1996.252,5995.904,13063.96,1969.388,5953.215,12688.91,1984.715,5350.708,13556.16,2004.762,5144.765
13528.26,2029.858,5045.282,13159.21,1996.252,5998.146,13063.66,1969.388,5955.45,12686.7,1984.715,5350.263,13556.38,2004.762,5142.52
13528.41,2029.858,5042.932,13158.88,1996.252,6000.479,13063.42,1969.388,5957.793,12684.39,1984.715,5349.797,13556.53,2004.762,5140.169
13528.8,2029.858,5041.091,13158.68,1996.252,6002.35,13063.37,1969.388,5959.674,12682.55,1984.715,5349.426,13556.71,2004.762,5138.297
13529.67,2029.858,5037.574,13158.41,1996.252,6005.962,13063.42,1969.388,5963.295,12679,1984.715,5348.71,13557.18,2004.762,5134.706
13530.05,2029.858,5036.046,13158.35,1996.252,6007.537,13063.4,1969.388,5964.871,12677.45,1984.715,5348.399,13557.41,2004.762,5133.146
13530.56,2029.858,5033.719,13158.33,1996.252,6009.918,13063.28,1969.388,5967.249,12675.12,1984.715,5347.929,13557.82,2004.762,5130.8
13531.03,2029.858,5031.111,13158.22,1996.252,6012.566,13062.83,1969.388,5969.861,12672.52,1984.715,5347.406,13558.25,2004.762,5128.185
13531.23,2029.858,5029.793,13158.22,1996.252,6013.898,13062.64,1969.388,5971.18,12671.21,1984.715,5347.143,13558.51,2004.762,5126.877
13531.84,2029.858,5026.466,13158.11,1996.252,6017.279,13062.27,1969.388,5974.542,12667.9,1984.715,5346.475,13559.04,2004.762,5123.538
13532.07,2029.858,5024.892,13158.01,1996.252,6018.868,13062.15,1969.388,5976.129,12666.34,1984.715,5346.16,13559.12,2004.762,5121.948
13532.42,2029.858,5022.099,13157.75,1996.252,6021.669,13062.03,1969.388,5978.94,12663.58,1984.715,5345.604,13559.34,2004.762,5119.143
13532.69,2029.858,5020.208,13157.51,1996.252,6023.564,13062,1969.388,5980.85,12661.71,1984.715,5345.228,13559.55,2004.762,5117.245
13532.99,2029.858,5017.41,13157.07,1996.252,6026.345,13062.05,1969.388,5983.665,12658.95,1984.715,5344.672,13559.96,2004.762,5114.459
13533.33,2029.858,5015.077,13156.78,1996.252,6028.683,13062.02,1969.388,5986.021,12656.64,1984.715,5344.207,13560.5,2004.762,5112.165
13533.74,2029.858,5012.748,13156.36,1996.252,6031.011,13062.16,1969.388,5988.381,12654.32,1984.715,5343.74,13560.97,2004.762,5109.847
13534.22,2029.858,5010.438,13156.02,1996.252,6033.346,13062.23,1969.388,5990.741,12652,1984.715,5343.274,13561.36,2004.762,5107.519
13534.85,2029.858,5008.169,13155.75,1996.252,6035.685,13062.22,1969.388,5993.094,12649.7,1984.715,5342.809,13561.82,2004.762,5105.211
13535.4,2029.858,5005.871,13155.57,1996.252,6038.041,13062.14,1969.388,5995.456,12647.38,1984.715,5342.342,13562.36,2004.762,5102.91
13536.43,2029.858,5002.722,13154.96,1996.252,6041.297,13061.91,1969.388,5998.761,12644.13,1984.715,5341.688,13562.81,2004.762,5099.628
13537.34,2029.858,4999.602,13154.23,1996.252,6044.465,13061.58,1969.388,6001.994,12640.95,1984.715,5341.047,13563.35,2004.762,5096.424
13537.9,2029.858,4997.391,13153.79,1996.252,6046.705,13061.38,1969.388,6004.267,12638.71,1984.715,5340.596,13563.7,2004.762,5094.168
13538.02,2029.858,4996.846,13153.71,1996.252,6047.255,13061.31,1969.388,6004.82,12638.16,1984.715,5340.486,13563.8,2004.762,5093.62
13538.58,2029.858,4993.894,13152.83,1996.252,6050.129,13060.85,1969.388,6007.788,12635.22,1984.715,5339.894,13564.07,2004.762,5090.629
13538.8,2029.858,4992.442,13152.46,1996.252,6051.548,13060.58,1969.388,6009.232,12633.78,1984.715,5339.604,13564.16,2004.762,5089.162
13539.08,2029.858,4990.446,13151.85,1996.252,6053.473,13060.27,1969.388,6011.224,12631.8,1984.715,5339.206,13564.34,2004.762,5087.154
13539.31,2029.858,4988.381,13151.3,1996.252,6055.475,13059.88,1969.388,6013.265,12629.77,1984.715,5338.795,13564.54,2004.762,5085.087
13539.48,2029.858,4986.366,13150.82,1996.252,6057.44,13059.45,1969.388,6015.239,12627.78,1984.715,5338.396,13564.79,2004.762,5083.08
13539.59,2029.858,4984.415,13150.42,1996.252,6059.354,13058.96,1969.388,6017.133,12625.87,1984.715,5338.01,13565.09,2004.762,5081.148
13539.67,2029.858,4981.776,13149.96,1996.252,6061.953,13058.23,1969.388,6019.668,12623.28,1984.715,5337.489,13565.56,2004.762,5078.551
13539.67,2029.858,4981.17,13149.88,1996.252,6062.553,13058.04,1969.388,6020.246,12622.68,1984.715,5337.369,13565.68,2004.762,5077.958
13539.63,2029.858,4978.902,13149.62,1996.252,6064.808,13057.27,1969.388,6022.381,12620.46,1984.715,5336.921,13566.21,2004.762,5075.752
13539.57,2029.858,4977.175,13149.48,1996.252,6066.531,13056.63,1969.388,6023.988,12618.77,1984.715,5336.58,13566.67,2004.762,5074.084
13539.46,2029.858,4975.502,13149.4,1996.252,6068.206,13055.97,1969.388,6025.527,12617.12,1984.715,5336.249,13567.15,2004.762,5072.479
13539.33,2029.858,4973.894,13149.37,1996.252,6069.82,13055.28,1969.388,6026.988,12615.54,1984.715,5335.93,13567.67,2004.762,5070.949
13539.16,2029.858,4972.333,13149.39,1996.252,6071.389,13054.57,1969.388,6028.385,12614,1984.715,5335.621,13568.21,2004.762,5069.478
13538.97,2029.858,4970.821,13149.46,1996.252,6072.912,13053.83,1969.388,6029.721,12612.5,1984.715,5335.319,13568.79,2004.762,5068.065
13538.76,2029.858,4969.363,13149.58,1996.252,6074.38,13053.08,1969.388,6030.988,12611.06,1984.715,5335.028,13569.38,2004.762,5066.717
13538.54,2029.858,4967.953,13149.73,1996.252,6075.802,13052.31,1969.388,6032.194,12609.66,1984.715,5334.746,13570,2004.762,5065.428
13538.34,2029.858,4966.86,13149.88,1996.252,6076.901,13051.69,1969.388,6033.111,12608.57,1984.715,5334.527,13570.5,2004.762,5064.441
13537.96,2029.858,4964.933,13150.22,1996.252,6078.837,13050.53,1969.388,6034.698,12606.64,1984.715,5334.139,13571.46,2004.762,5062.724
13537.87,2029.858,4964.495,13150.31,1996.252,6079.275,13050.25,1969.388,6035.051,12606.21,1984.715,5334.051,13571.69,2004.762,5062.34
13537.47,2029.858,4962.774,13150.72,1996.252,6080.994,13049.12,1969.388,6036.409,12604.47,1984.715,5333.702,13572.64,2004.762,5060.853
13536.96,2029.858,4960.667,13151.29,1996.252,6083.087,13047.68,1969.388,6038.031,12602.35,1984.715,5333.274,13573.87,2004.762,5059.064
13536.67,2029.858,4959.563,13151.62,1996.252,6084.178,13046.9,1969.388,6038.86,12601.23,1984.715,5333.049,13574.54,2004.762,5058.144
13536.32,2029.858,4958.281,13152.05,1996.252,6085.438,13045.96,1969.388,6039.798,12599.92,1984.715,5332.786,13575.36,2004.762,5057.096
13535.87,2029.858,4956.735,13152.61,1996.252,6086.945,13044.78,1969.388,6040.895,12598.35,1984.715,5332.468,13576.4,2004.762,5055.861
13535.74,2029.858,4956.303,13152.79,1996.252,6087.364,13044.44,1969.388,6041.192,12597.9,1984.715,5332.379,13576.7,2004.762,5055.523
13535.68,2029.858,4956.104,13152.87,1996.252,6087.554,13044.28,1969.388,6041.324,12597.7,1984.715,5332.338,13576.84,2004.762,5055.372
13535.39,2029.858,4955.233,13153.27,1996.252,6088.379,13043.55,1969.388,6041.883,12596.8,1984.715,5332.157,13577.49,2004.762,5054.726
13534.99,2029.858,4954.073,13153.84,1996.252,6089.466,13042.55,1969.388,6042.599,12595.59,1984.715,5331.915,13578.39,2004.762,5053.891
13534.88,2029.858,4953.766,13154,1996.252,6089.75,13042.28,1969.388,6042.781,12595.27,1984.715,5331.861,13578.64,2004.762,5053.677
13534.44,2029.858,4952.555,13154.67,1996.252,6090.853,13041.19,1969.388,6043.466,12593.99,1984.715,5331.689,13579.64,2004.762,5052.861
13534.01,2029.858,4951.398,13155.34,1996.252,6091.89,13040.12,1969.388,6044.089,12592.76,1984.715,5331.565,13580.62,2004.762,5052.11
13533.9,2029.858,4951.131,13155.51,1996.252,6092.125,13039.87,1969.388,6044.225,12592.48,1984.715,5331.546,13580.85,2004.762,5051.943
13533.47,2029.858,4950.041,13156.21,1996.252,6093.069,13038.82,1969.388,6044.752,12591.3,1984.715,5331.505,13581.83,2004.762,5051.291
13533.2,2029.858,4949.387,13156.64,1996.252,6093.625,13038.18,1969.388,6045.049,12590.6,1984.715,5331.503,13582.43,2004.762,5050.917
13532.78,2029.858,4948.387,13157.34,1996.252,6094.457,13037.18,1969.388,6045.474,12589.51,1984.715,5331.536,13583.37,2004.762,5050.373
13532.61,2029.858,4947.966,13157.64,1996.252,6094.795,13036.77,1969.388,6045.665,12589.06,1984.715,5331.565,13583.75,2004.762,5050.132
13532.23,2029.858,4947.01,13158.35,1996.252,6095.54,13035.85,1969.388,6046.129,12588.04,1984.715,5331.664,13584.61,2004.762,5049.56
13532.14,2029.858,4946.789,13158.52,1996.252,6095.706,13035.64,1969.388,6046.243,12587.8,1984.715,5331.694,13584.8,2004.762,5049.422
13531.84,2029.858,4945.961,13159.17,1996.252,6096.302,13034.88,1969.388,6046.691,12586.93,1984.715,5331.835,13585.5,2004.762,5048.886
13531.62,2029.858,4945.327,13159.68,1996.252,6096.74,13034.31,1969.388,6047.051,12586.27,1984.715,5331.965,13586.02,2004.762,5048.46
13531.42,2029.858,4944.712,13160.19,1996.252,6097.146,13033.78,1969.388,6047.416,12585.64,1984.715,5332.11,13586.51,2004.762,5048.036
13531.17,2029.858,4944,13160.79,1996.252,6097.603,13033.14,1969.388,6047.821,12584.9,1984.715,5332.28,13587.09,2004.762,5047.558
13530.89,2029.858,4943.268,13161.42,1996.252,6098.06,13032.47,1969.388,6048.22,12584.14,1984.715,5332.456,13587.72,2004.762,5047.083
13530.82,2029.858,4943.074,13161.59,1996.252,6098.177,13032.29,1969.388,6048.32,12583.94,1984.715,5332.502,13587.88,2004.762,5046.961
13530.4,2029.858,4942.051,13162.52,1996.252,6098.776,13031.3,1969.388,6048.823,12582.86,1984.715,5332.751,13588.81,2004.762,5046.346
13530.23,2029.858,4941.675,13162.87,1996.252,6098.99,13030.93,1969.388,6048.997,12582.46,1984.715,5332.843,13589.15,2004.762,5046.13
13530.14,2029.858,4941.467,13163.07,1996.252,6099.104,13030.72,1969.388,6049.088,12582.24,1984.715,5332.895,13589.35,2004.762,5046.015
13529.72,2029.858,4940.561,13163.94,1996.252,6099.587,13029.79,1969.388,6049.456,12581.26,1984.715,5333.119,13590.23,2004.762,5045.542
13529.51,2029.858,4940.119,13164.38,1996.252,6099.815,13029.33,1969.388,6049.621,12580.79,1984.715,5333.229,13590.67,2004.762,5045.324
13529.39,2029.858,4939.882,13164.61,1996.252,6099.934,13029.08,1969.388,6049.703,12580.53,1984.715,5333.289,13590.91,2004.762,5045.214
13529.29,2029.858,4939.696,13164.8,1996.252,6100.024,13028.88,1969.388,6049.761,12580.33,1984.715,5333.336,13591.1,2004.762,5045.134
13528.95,2029.858,4939.043,13165.47,1996.252,6100.334,13028.16,1969.388,6049.943,12579.61,1984.715,5333.501,13591.79,2004.762,5044.871
13528.79,2029.858,4938.729,13165.79,1996.252,6100.479,13027.81,1969.388,6050.021,12579.26,1984.715,5333.582,13592.13,2004.762,5044.754
13528.58,2029.858,4938.348,13166.19,1996.252,6100.652,13027.39,1969.388,6050.102,12578.84,1984.715,5333.679,13592.54,2004.762,5044.626
13528.21,2029.858,4937.709,13166.88,1996.252,6100.924,13026.66,1969.388,6050.217,12578.12,1984.715,5333.869,13593.26,2004.762,5044.43
13528.1,2029.858,4937.533,13167.08,1996.252,6100.994,13026.45,1969.388,6050.242,12577.92,1984.715,5333.929,13593.46,2004.762,5044.382
13527.89,2029.858,4937.222,13167.43,1996.252,6101.109,13026.08,1969.388,6050.276,12577.57,1984.715,5334.048,13593.83,2004.762,5044.306
13527.61,2029.858,4936.834,13167.89,1996.252,6101.24,13025.6,1969.388,6050.304,12577.12,1984.715,5334.216,13594.3,2004.762,5044.225
13527.48,2029.858,4936.669,13168.1,1996.252,6101.291,13025.39,1969.388,6050.31,12576.93,1984.715,5334.295,13594.5,2004.762,5044.197
13527.03,2029.858,4936.134,13168.78,1996.252,6101.438,13024.7,1969.388,6050.304,12576.29,1984.715,5334.581,13595.2,2004.762,5044.125
13526.86,2029.858,4935.941,13169.03,1996.252,6101.484,13024.44,1969.388,6050.294,12576.06,1984.715,5334.694,13595.45,2004.762,5044.106
13526.31,2029.858,4935.361,13169.82,1996.252,6101.601,13023.64,1969.388,6050.236,12575.36,1984.715,5335.069,13596.25,2004.762,5044.075
13525.91,2029.858,4934.958,13170.39,1996.252,6101.667,13023.07,1969.388,6050.175,12574.86,1984.715,5335.354,13596.82,2004.762,5044.071
13525.75,2029.858,4934.817,13170.6,1996.252,6101.684,13022.87,1969.388,6050.146,12574.68,1984.715,5335.463,13597.03,2004.762,5044.077
13525.13,2029.858,4934.273,13171.42,1996.252,6101.724,13022.05,1969.388,6050.005,12573.99,1984.715,5335.923,13597.86,2004.762,5044.126
13524.58,2029.858,4933.825,13172.14,1996.252,6101.736,13021.35,1969.388,6049.861,12573.41,1984.715,5336.336,13598.57,2004.762,5044.191
13523.98,2029.858,4933.372,13172.89,1996.252,6101.724,13020.62,1969.388,6049.685,12572.82,1984.715,5336.791,13599.31,2004.762,5044.285
13523.31,2029.858,4932.896,13173.71,1996.252,6101.683,13019.83,1969.388,6049.466,12572.18,1984.715,5337.311,13600.13,2004.762,5044.414
13522.71,2029.858,4932.501,13174.42,1996.252,6101.625,13019.15,1969.388,6049.253,12571.64,1984.715,5337.783,13600.83,2004.762,5044.549
13521.84,2029.858,4931.969,13175.43,1996.252,6101.508,13018.19,1969.388,6048.919,12570.9,1984.715,5338.476,13601.82,2004.762,5044.774
13521.03,2029.858,4931.503,13176.36,1996.252,6101.371,13017.31,1969.388,6048.582,12570.23,1984.715,5339.138,13602.73,2004.762,5045.012
13520.16,2029.858,4931.044,13177.33,1996.252,6101.194,13016.4,1969.388,6048.198,12569.56,1984.715,5339.854,13603.67,2004.762,5045.292
13518.86,2029.858,4930.412,13178.74,1996.252,6100.889,13015.09,1969.388,6047.592,12568.6,1984.715,5340.938,13605.04,2004.762,5045.748
13517.87,2029.858,4929.97,13179.79,1996.252,6100.626,13014.12,1969.388,6047.105,12567.91,1984.715,5341.775,13606.06,2004.762,5046.123
13517.11,2029.858,4929.663,13180.58,1996.252,6100.403,13013.41,1969.388,6046.716,12567.42,1984.715,5342.419,13606.81,2004.762,5046.43
13516.18,2029.858,4929.318,13181.52,1996.252,6100.099,13012.55,1969.388,6046.213,12566.84,1984.715,5343.226,13607.72,2004.762,5046.834
13515.07,2029.858,4928.946,13182.63,1996.252,6099.703,13011.56,1969.388,6045.584,12566.18,1984.715,5344.201,13608.78,2004.762,5047.348
13513.9,2029.858,4928.598,13183.76,1996.252,6099.255,13010.55,1969.388,6044.9,12565.54,1984.715,5345.234,13609.86,2004.762,5047.916
13512.94,2029.858,4928.347,13184.67,1996.252,6098.861,13009.75,1969.388,6044.317,12565.04,1984.715,5346.091,13610.72,2004.762,5048.405
13511.11,2029.858,4927.929,13186.37,1996.252,6098.057,13008.27,1969.388,6043.161,12564.15,1984.715,5347.748,13612.32,2004.762,5049.389
13510.66,2029.858,4927.844,13186.77,1996.252,6097.851,13007.92,1969.388,6042.872,12563.95,1984.715,5348.152,13612.7,2004.762,5049.637
13508.82,2029.858,4927.549,13188.41,1996.252,6096.946,13006.53,1969.388,6041.628,12563.17,1984.715,5349.853,13614.22,2004.762,5050.717
13507.45,2029.858,4927.375,13189.59,1996.252,6096.237,13005.52,1969.388,6040.676,12562.64,1984.715,5351.128,13615.33,2004.762,5051.552
13505.14,2029.858,4927.161,13191.55,1996.252,6095,13003.9,1969.388,6039.024,12561.82,1984.715,5353.296,13617.13,2004.762,5053.011
13504.78,2029.858,4927.139,13191.86,1996.252,6094.818,13003.65,1969.388,6038.76,12561.7,1984.715,5353.637,13617.4,2004.762,5053.247
13503.17,2029.858,4927.095,13193.23,1996.252,6093.956,13002.6,1969.388,6037.537,12561.23,1984.715,5355.182,13618.58,2004.762,5054.345
13501.68,2029.858,4927.103,13194.51,1996.252,6093.205,13001.66,1969.388,6036.381,12560.84,1984.715,5356.617,13619.64,2004.762,5055.389
13500.17,2029.858,4927.16,13195.92,1996.252,6092.651,13000.75,1969.388,6035.174,12560.5,1984.715,5358.088,13620.68,2004.762,5056.486
13499.23,2029.858,4927.227,13196.79,1996.252,6092.306,13000.21,1969.388,6034.408,12560.31,1984.715,5359.008,13621.31,2004.762,5057.188
13497.09,2029.858,4927.449,13198.77,1996.252,6091.448,12999.03,1969.388,6032.607,12559.95,1984.715,5361.134,13622.68,2004.762,5058.845
13494.88,2029.858,4927.751,13200.78,1996.252,6090.495,12997.87,1969.388,6030.708,12559.66,1984.715,5363.339,13624.05,2004.762,5060.603
13494.35,2029.858,4927.842,13201.27,1996.252,6090.269,12997.6,1969.388,6030.24,12559.6,1984.715,5363.875,13624.37,2004.762,5061.039
13491.9,2029.858,4928.343,13203.51,1996.252,6089.14,12996.44,1969.388,6028.022,12559.43,1984.715,5366.374,13625.77,2004.762,5063.113
13490.71,2029.858,4928.626,13204.58,1996.252,6088.557,12995.91,1969.388,6026.926,12559.39,1984.715,5367.591,13626.42,2004.762,5064.143
13488.76,2029.858,4929.159,13206.32,1996.252,6087.531,12995.09,1969.388,6025.08,12559.39,1984.715,5369.611,13627.44,2004.762,5065.886
13486.46,2029.858,4929.789,13208.37,1996.252,6086.32,12994.12,1969.388,6022.9,12559.38,1984.715,5371.996,13628.64,2004.762,5067.944
13484.98,2029.858,4930.194,13209.69,1996.252,6085.54,12993.5,1969.388,6021.496,12559.38,1984.715,5373.533,13629.42,2004.762,5069.27
13484.56,2029.858,4930.309,13210.07,1996.252,6085.319,12993.32,1969.388,6021.1,12559.38,1984.715,5373.966,13629.64,2004.762,5069.644
13482.23,2029.858,4930.949,13212.16,1996.252,6084.088,12992.34,1969.388,6018.883,12559.37,1984.715,5376.391,13630.87,2004.762,5071.736
13480.71,2029.858,4931.363,13213.51,1996.252,6083.291,12991.7,1969.388,6017.449,12559.37,1984.715,5377.96,13631.66,2004.762,5073.09
13479.25,2029.858,4931.763,13214.81,1996.252,6082.521,12991.08,1969.388,6016.063,12559.36,1984.715,5379.477,13632.42,2004.762,5074.399
13477.29,2029.858,4932.37,13216.62,1996.252,6081.536,12990.31,1969.388,6014.16,12559.42,1984.715,5381.529,13633.4,2004.762,5076.204
13475.57,2029.858,4932.964,13218.24,1996.252,6080.704,12989.69,1969.388,6012.451,12559.54,1984.715,5383.346,13634.22,2004.762,5077.832
13474.37,2029.858,4933.42,13219.43,1996.252,6080.254,12989.28,1969.388,6011.237,12559.66,1984.715,5384.619,13634.75,2004.762,5078.993
13471.93,2029.858,4934.449,13221.91,1996.252,6079.3,12988.53,1969.388,6008.692,12560,1984.715,5387.25,13635.79,2004.762,5081.439
13470.42,2029.858,4935.14,13223.44,1996.252,6078.665,12988.12,1969.388,6007.089,12560.27,1984.715,5388.885,13636.38,2004.762,5082.986
13467.63,2029.858,4936.538,13226.37,1996.252,6077.572,12987.43,1969.388,6004.04,12560.87,1984.715,5391.952,13637.4,2004.762,5085.939
13465.99,2029.858,4937.425,13228.14,1996.252,6077.009,12987.08,1969.388,6002.208,12561.29,1984.715,5393.769,13637.95,2004.762,5087.72
13464.75,2029.858,4938.146,13229.49,1996.252,6076.533,12986.86,1969.388,6000.796,12561.66,1984.715,5395.15,13638.33,2004.762,5089.098
13464.21,2029.858,4938.487,13230.09,1996.252,6076.3,12986.78,1969.388,6000.161,12561.84,1984.715,5395.763,13638.48,2004.762,5089.721
13462.17,2029.858,4939.863,13232.35,1996.252,6075.332,12986.56,1969.388,5997.713,12562.62,1984.715,5398.093,13638.97,2004.762,5092.128
13460.6,2029.858,4941.003,13234.11,1996.252,6074.508,12986.44,1969.388,5995.773,12563.3,1984.715,5399.913,13639.3,2004.762,5094.043
13459.65,2029.858,4941.738,13235.21,1996.252,6074.038,12986.41,1969.388,5994.576,12563.76,1984.715,5401.021,13639.47,2004.762,5095.23
13457.25,2029.858,4943.729,13238.04,1996.252,6072.72,12986.44,1969.388,5991.457,12565.04,1984.715,5403.865,13639.79,2004.762,5098.333
13456.03,2029.858,4944.742,13239.47,1996.252,6072.05,12986.45,1969.388,5989.871,12565.69,1984.715,5405.312,13639.96,2004.762,5099.91
13454.5,2029.858,4946.011,13241.27,1996.252,6071.211,12986.46,1969.388,5987.883,12566.51,1984.715,5407.124,13640.16,2004.762,5101.887
13451.12,2029.858,4948.822,13245.26,1996.252,6069.352,12986.5,1969.388,5983.481,12568.31,1984.715,5411.138,13640.62,2004.762,5106.265
13449.87,2029.858,4949.853,13246.73,1996.252,6068.67,12986.51,1969.388,5981.867,12568.98,1984.715,5412.61,13640.79,2004.762,5107.871
13448.64,2029.858,4950.879,13248.19,1996.252,6067.992,12986.52,1969.388,5980.259,12569.64,1984.715,5414.076,13640.96,2004.762,5109.47
13448.25,2029.858,4951.202,13248.64,1996.252,6067.778,12986.53,1969.388,5979.753,12569.85,1984.715,5414.537,13641.01,2004.762,5109.973
13445.5,2029.858,4953.479,13251.88,1996.252,6066.272,12986.55,1969.388,5976.188,12571.31,1984.715,5417.789,13641.38,2004.762,5113.52
13444.72,2029.858,4954.13,13252.8,1996.252,6065.841,12986.56,1969.388,5975.167,12571.73,1984.715,5418.719,13641.49,2004.762,5114.534
13443.61,2029.858,4955.049,13254.11,1996.252,6065.233,12986.57,1969.388,5973.728,12572.32,1984.715,5420.031,13641.64,2004.762,5115.966
13442.03,2029.858,4956.361,13255.97,1996.252,6064.366,12986.59,1969.388,5971.674,12573.16,1984.715,5421.904,13641.85,2004.762,5118.009
13439.82,2029.858,4958.195,13258.57,1996.252,6063.153,12986.61,1969.388,5968.801,12574.34,1984.715,5424.524,13642.15,2004.762,5120.866
13439.29,2029.858,4958.636,13259.2,1996.252,6062.862,12986.62,1969.388,5968.111,12574.63,1984.715,5425.153,13642.22,2004.762,5121.552
13437.26,2029.858,4960.316,13261.58,1996.252,6061.75,12986.64,1969.388,5965.479,12575.71,1984.715,5427.554,13642.5,2004.762,5124.17
13435.66,2029.858,4961.644,13263.47,1996.252,6060.872,12986.65,1969.388,5963.399,12576.56,1984.715,5429.45,13642.71,2004.762,5126.239
13434.05,2029.858,4962.975,13265.36,1996.252,6059.992,12986.67,1969.388,5961.315,12577.42,1984.715,5431.351,13642.93,2004.762,5128.312
13432.45,2029.858,4964.309,13267.25,1996.252,6059.109,12986.68,1969.388,5959.226,12578.27,1984.715,5433.256,13643.15,2004.762,5130.39
13430.83,2029.858,4965.65,13269.16,1996.252,6058.223,12986.7,1969.388,5957.126,12579.13,1984.715,5435.171,13643.37,2004.762,5132.479
13429.21,2029.858,4966.993,13271.06,1996.252,6057.334,12986.71,1969.388,5955.023,12580,1984.715,5437.089,13643.58,2004.762,5134.57
13427.59,2029.858,4968.339,13272.97,1996.252,6056.444,12986.73,1969.388,5952.915,12580.86,1984.715,5439.012,13643.8,2004.762,5136.667
13425.96,2029.858,4969.691,13274.89,1996.252,6055.55,12986.75,1969.388,5950.796,12581.73,1984.715,5440.943,13644.03,2004.762,5138.774
13424.33,2029.858,4971.046,13276.82,1996.252,6054.654,12986.76,1969.388,5948.675,12582.6,1984.715,5442.878,13644.25,2004.762,5140.884
13422.69,2029.858,4972.405,13278.75,1996.252,6053.755,12986.78,1969.388,5946.546,12583.48,1984.715,5444.819,13644.47,2004.762,5143.001
13421.04,2029.858,4973.768,13280.68,1996.252,6052.854,12986.8,1969.388,5944.411,12584.36,1984.715,5446.766,13644.69,2004.762,5145.125
13419.4,2029.858,4975.135,13282.62,1996.252,6051.95,12986.81,1969.388,5942.271,12585.23,1984.715,5448.717,13644.91,2004.762,5147.254
13417.74,2029.858,4976.505,13284.57,1996.252,6051.043,12986.83,1969.388,5940.125,12586.12,1984.715,5450.674,13645.14,2004.762,5149.388
13416.09,2029.858,4977.877,13286.52,1996.252,6050.136,12986.85,1969.388,5937.975,12587,1984.715,5452.634,13645.36,2004.762,5151.526
13414.46,2029.858,4979.319,13288.52,1996.252,6049.283,12986.93,1969.388,5935.804,12587.95,1984.715,5454.585,13645.52,2004.762,5153.693
13411.73,2029.858,4981.908,13292.03,1996.252,6047.919,12987.21,1969.388,5932.047,12589.72,1984.715,5457.911,13645.66,2004.762,5157.457
13410.58,2029.858,4983.063,13293.56,1996.252,6047.381,12987.38,1969.388,5930.431,12590.53,1984.715,5459.321,13645.67,2004.762,5159.082
13409.85,2029.858,4983.854,13294.59,1996.252,6047.057,12987.53,1969.388,5929.362,12591.1,1984.715,5460.239,13645.69,2004.762,5160.161
13407.28,2029.858,4986.816,13298.37,1996.252,6046.002,12988.2,1969.388,5925.499,12593.27,1984.715,5463.504,13645.64,2004.762,5164.081
13406.59,2029.858,4987.664,13299.45,1996.252,6045.841,12988.42,1969.388,5924.43,12593.9,1984.715,5464.393,13645.59,2004.762,5165.171
13405.91,2029.858,4988.511,13300.52,1996.252,6045.681,12988.64,1969.388,5923.362,12594.54,1984.715,5465.281,13645.54,2004.762,5166.261
13403.79,2029.858,4991.117,13303.85,1996.252,6045.187,12989.32,1969.388,5920.074,12596.49,1984.715,5468.015,13645.38,2004.762,5169.615
13402.87,2029.858,4992.25,13305.29,1996.252,6044.972,12989.62,1969.388,5918.646,12597.33,1984.715,5469.203,13645.31,2004.762,5171.073
13401.46,2029.858,4993.983,13307.5,1996.252,6044.643,12990.07,1969.388,5916.459,12598.63,1984.715,5471.021,13645.21,2004.762,5173.303
13399.92,2029.858,4995.889,13309.92,1996.252,6044.282,12990.56,1969.388,5914.055,12600.05,1984.715,5473.02,13645.09,2004.762,5175.755
13398.71,2029.858,4997.375,13311.82,1996.252,6044,12990.95,1969.388,5912.181,12601.17,1984.715,5474.578,13645,2004.762,5177.667
13396.77,2029.858,4999.761,13314.86,1996.252,6043.548,12991.57,1969.388,5909.171,12602.95,1984.715,5477.08,13644.86,2004.762,5180.737
13396.31,2029.858,5000.333,13315.59,1996.252,6043.439,12991.72,1969.388,5908.449,12603.38,1984.715,5477.681,13644.83,2004.762,5181.474
13394.17,2029.858,5002.968,13318.94,1996.252,6042.94,12992.41,1969.388,5905.126,12605.35,1984.715,5480.443,13644.67,2004.762,5184.863
13392.85,2029.858,5004.589,13321.01,1996.252,6042.633,12992.83,1969.388,5903.081,12606.56,1984.715,5482.144,13644.57,2004.762,5186.949
13391.06,2029.858,5006.802,13323.83,1996.252,6042.213,12993.41,1969.388,5900.289,12608.21,1984.715,5484.465,13644.44,2004.762,5189.797
13390.71,2029.858,5007.23,13324.38,1996.252,6042.132,12993.52,1969.388,5899.749,12608.54,1984.715,5484.914,13644.41,2004.762,5190.349
13388.95,2029.858,5009.395,13327.13,1996.252,6041.722,12994.09,1969.388,5897.019,12610.15,1984.715,5487.184,13644.28,2004.762,5193.133
13387.55,2029.858,5011.121,13329.33,1996.252,6041.395,12994.54,1969.388,5894.841,12611.44,1984.715,5488.994,13644.18,2004.762,5195.354
13386.15,2029.858,5012.85,13331.53,1996.252,6041.067,12994.99,1969.388,5892.661,12612.74,1984.715,5490.807,13644.08,2004.762,5197.579
13384.75,2029.858,5014.579,13333.74,1996.252,6040.74,12995.44,1969.388,5890.48,12614.03,1984.715,5492.62,13643.97,2004.762,5199.803
13383.62,2029.858,5015.96,13335.5,1996.252,6040.478,12995.8,1969.388,5888.738,12615.06,1984.715,5494.069,13643.89,2004.762,5201.58
13381.27,2029.858,5018.86,13339.19,1996.252,6039.928,12996.56,1969.388,5885.081,12617.23,1984.715,5497.11,13643.72,2004.762,5205.311
13379.4,2029.858,5021.168,13342.13,1996.252,6039.491,12997.16,1969.388,5882.168,12618.96,1984.715,5499.532,13643.58,2004.762,5208.281
13378.38,2029.858,5022.509,13343.81,1996.252,6039.363,12997.55,1969.388,5880.532,12619.98,1984.715,5500.87,13643.56,2004.762,5209.964
13376.92,2029.858,5024.565,13346.32,1996.252,6039.091,12998.22,1969.388,5878.103,12621.57,1984.715,5502.822,13643.53,2004.762,5212.484
13375.24,2029.858,5027.116,13349.34,1996.252,6038.661,12999.13,1969.388,5875.185,12623.58,1984.715,5505.125,13643.4,2004.762,5215.539
13375,2029.858,5027.497,13349.79,1996.252,6038.629,12999.28,1969.388,5874.763,12623.89,1984.715,5505.452,13643.39,2004.762,5215.985
13374.36,2029.858,5028.619,13351.07,1996.252,6038.502,12999.75,1969.388,5873.557,12624.8,1984.715,5506.368,13643.33,2004.762,5217.276
13372.69,2029.858,5031.78,13354.62,1996.252,6038.036,13001.14,1969.388,5870.266,12627.4,1984.715,5508.817,13643.05,2004.762,5220.839
13372.37,2029.858,5032.454,13355.36,1996.252,6037.914,13001.45,1969.388,5869.585,12627.96,1984.715,5509.313,13642.97,2004.762,5221.584
13371.08,2029.858,5035.334,13358.47,1996.252,6037.387,13002.87,1969.388,5866.766,12630.4,1984.715,5511.32,13642.52,2004.762,5224.706
13370.5,2029.858,5036.753,13359.94,1996.252,6036.973,13003.6,1969.388,5865.42,12631.61,1984.715,5512.255,13642.35,2004.762,5226.229
13369.56,2029.858,5039.279,13362.56,1996.252,6036.33,13004.97,1969.388,5863.098,12633.8,1984.715,5513.83,13642.33,2004.762,5228.923
13368.93,2029.858,5041.183,13364.52,1996.252,6035.915,13006.04,1969.388,5861.402,12635.46,1984.715,5514.949,13642.26,2004.762,5230.928
13367.99,2029.858,5044.334,13367.73,1996.252,6035.193,13007.89,1969.388,5858.682,12638.25,1984.715,5516.692,13642.03,2004.762,5234.208
13367.81,2029.858,5045.047,13368.45,1996.252,6035.055,13008.32,1969.388,5858.086,12638.89,1984.715,5517.062,13641.96,2004.762,5234.942
13366.87,2029.858,5048.605,13372.07,1996.252,6034.365,13010.49,1969.388,5855.113,12642.07,1984.715,5518.908,13641.63,2004.762,5238.605
13366.39,2029.858,5050.441,13373.93,1996.252,6034.009,13011.6,1969.388,5853.578,12643.71,1984.715,5519.861,13641.46,2004.762,5240.497
13366.19,2029.858,5051.196,13374.7,1996.252,6033.863,13012.06,1969.388,5852.947,12644.39,1984.715,5520.253,13641.39,2004.762,5241.274
13365.19,2029.858,5055.019,13378.58,1996.252,6033.122,13014.39,1969.388,5849.753,12647.8,1984.715,5522.237,13641.03,2004.762,5245.209
13364.78,2029.858,5056.579,13380.16,1996.252,6032.82,13015.34,1969.388,5848.449,12649.2,1984.715,5523.046,13640.88,2004.762,5246.815
13364.28,2029.858,5058.482,13382.1,1996.252,6032.451,13016.5,1969.388,5846.859,12650.9,1984.715,5524.034,13640.71,2004.762,5248.774
13363.8,2029.858,5060.299,13383.94,1996.252,6032.099,13017.6,1969.388,5845.34,12652.52,1984.715,5524.978,13640.54,2004.762,5250.646
13363.05,2029.858,5063.194,13386.88,1996.252,6031.538,13019.36,1969.388,5842.921,12655.11,1984.715,5526.48,13640.27,2004.762,5253.625
13362.32,2029.858,5065.969,13389.7,1996.252,6031,13021.05,1969.388,5840.601,12657.59,1984.715,5527.92,13640.01,2004.762,5256.483
13362.18,2029.858,5066.507,13390.25,1996.252,6030.896,13021.38,1969.388,5840.151,12658.07,1984.715,5528.2,13639.96,2004.762,5257.037
13360.89,2029.858,5071.426,13395.24,1996.252,6029.942,13024.37,1969.388,5836.041,12662.47,1984.715,5530.753,13639.5,2004.762,5262.102
13359.91,2029.858,5075.155,13399.03,1996.252,6029.22,13026.64,1969.388,5832.924,12665.81,1984.715,5532.688,13639.15,2004.762,5265.942
13359.58,2029.858,5076.397,13400.29,1996.252,6028.979,13027.4,1969.388,5831.886,12666.92,1984.715,5533.333,13639.04,2004.762,5267.221
13359.26,2029.858,5077.64,13401.55,1996.252,6028.738,13028.16,1969.388,5830.848,12668.03,1984.715,5533.978,13638.92,2004.762,5268.5
13359.08,2029.858,5078.316,13402.24,1996.252,6028.607,13028.57,1969.388,5830.282,12668.63,1984.715,5534.329,13638.86,2004.762,5269.196
13358.61,2029.858,5080.103,13404.05,1996.252,6028.261,13029.65,1969.388,5828.789,12670.23,1984.715,5535.256,13638.69,2004.762,5271.036
13358.13,2029.858,5081.943,13405.92,1996.252,6027.904,13030.77,1969.388,5827.251,12671.87,1984.715,5536.211,13638.52,2004.762,5272.931
13357.33,2029.858,5084.996,13409.02,1996.252,6027.313,13032.63,1969.388,5824.7,12674.6,1984.715,5537.796,13638.23,2004.762,5276.074
13357.12,2029.858,5085.771,13409.81,1996.252,6027.162,13033.1,1969.388,5824.051,12675.3,1984.715,5538.199,13638.16,2004.762,5276.873
13356.22,2029.858,5089.229,13413.32,1996.252,6026.492,13035.21,1969.388,5821.162,12678.39,1984.715,5539.993,13637.84,2004.762,5280.432
13355.76,2029.858,5090.985,13415.1,1996.252,6026.152,13036.27,1969.388,5819.694,12679.96,1984.715,5540.905,13637.67,2004.762,5282.24
13355.18,2029.858,5093.178,13417.33,1996.252,6025.727,13037.61,1969.388,5817.862,12681.92,1984.715,5542.043,13637.47,2004.762,5284.498
13354.61,2029.858,5095.367,13419.55,1996.252,6025.303,13038.94,1969.388,5816.032,12683.88,1984.715,5543.18,13637.27,2004.762,5286.752
13354.03,2029.858,5097.567,13421.79,1996.252,6024.876,13040.28,1969.388,5814.193,12685.84,1984.715,5544.322,13637.06,2004.762,5289.018
13353.45,2029.858,5099.764,13424.02,1996.252,6024.451,13041.62,1969.388,5812.357,12687.81,1984.715,5545.462,13636.86,2004.762,5291.279
13352.88,2029.858,5101.966,13426.25,1996.252,6024.024,13042.96,1969.388,5810.517,12689.78,1984.715,5546.605,13636.65,2004.762,5293.547
13352.37,2029.858,5104.189,13428.51,1996.252,6023.67,13044.36,1969.388,5808.719,12691.71,1984.715,5547.814,13636.37,2004.762,5295.809
13351.95,2029.858,5106.379,13430.72,1996.252,6023.396,13045.79,1969.388,5807.005,12693.65,1984.715,5548.92,13636.02,2004.762,5298.013
13351.6,2029.858,5108.522,13432.88,1996.252,6023.2,13047.23,1969.388,5805.385,12695.49,1984.715,5550.058,13635.79,2004.762,5300.17
13351.34,2029.858,5110.609,13434.98,1996.252,6023.079,13048.68,1969.388,5803.86,12697.4,1984.715,5550.942,13635.62,2004.762,5302.267
13351.15,2029.858,5112.661,13437.04,1996.252,6023.028,13050.15,1969.388,5802.414,12699.24,1984.715,5551.868,13635.38,2004.762,5304.313
13351.03,2029.858,5114.711,13439.1,1996.252,6023.044,13051.66,1969.388,5801.021,12701.09,1984.715,5552.764,13635.17,2004.762,5306.356
13350.98,2029.858,5116.36,13440.74,1996.252,6023.111,13052.91,1969.388,5799.943,12702.55,1984.715,5553.532,13635.17,2004.762,5308.006
13350.89,2029.858,5119.837,13444.22,1996.252,6023.251,13055.54,1969.388,5797.67,12705.63,1984.715,5555.15,13635.17,2004.762,5311.484
13350.81,2029.858,5122.61,13446.99,1996.252,6023.364,13057.64,1969.388,5795.857,12708.09,1984.715,5556.441,13635.17,2004.762,5314.257
13350.77,2029.858,5124.184,13448.56,1996.252,6023.427,13058.83,1969.388,5794.828,12709.48,1984.715,5557.173,13635.18,2004.762,5315.832
13350.7,2029.858,5126.553,13450.93,1996.252,6023.523,13060.62,1969.388,5793.279,12711.58,1984.715,5558.276,13635.18,2004.762,5318.202
13350.62,2029.858,5129.432,13453.81,1996.252,6023.64,13062.8,1969.388,5791.397,12714.13,1984.715,5559.616,13635.18,2004.762,5321.082
13350.61,2029.858,5129.852,13454.23,1996.252,6023.657,13063.12,1969.388,5791.123,12714.5,1984.715,5559.812,13635.18,2004.762,5321.501
13350.55,2029.858,5131.959,13456.34,1996.252,6023.742,13064.72,1969.388,5789.745,12716.37,1984.715,5560.792,13635.19,2004.762,5323.61
13350.57,2029.858,5135.322,13459.69,1996.252,6023.988,13067.33,1969.388,5787.631,12719.29,1984.715,5562.454,13635.08,2004.762,5326.971
13350.64,2029.858,5137.125,13461.48,1996.252,6024.179,13068.77,1969.388,5786.543,12720.83,1984.715,5563.396,13634.99,2004.762,5328.773
13350.68,2029.858,5137.658,13462.01,1996.252,6024.253,13069.21,1969.388,5786.235,12721.28,1984.715,5563.69,13634.96,2004.762,5329.307
13351.01,2029.858,5140.88,13465.21,1996.252,6024.805,13071.92,1969.388,5784.456,12724.14,1984.715,5565.202,13634.68,2004.762,5332.535
13351.04,2029.858,5143.024,13467.3,1996.252,6025.24,13073.75,1969.388,5783.337,12726.08,1984.715,5566.119,13634.43,2004.762,5334.664
13351.07,2029.858,5143.749,13468.01,1996.252,6025.41,13074.38,1969.388,5782.979,12726.72,1984.715,5566.451,13634.32,2004.762,5335.381
13351.27,2029.858,5147.075,13471.22,1996.252,6026.297,13077.33,1969.388,5781.432,12729.64,1984.715,5568.069,13634.11,2004.762,5338.706
13351.36,2029.858,5148.672,13472.76,1996.252,6026.724,13078.74,1969.388,5780.688,12731.04,1984.715,5568.847,13634,2004.762,5340.303
13351.49,2029.858,5150.845,13474.86,1996.252,6027.303,13080.67,1969.388,5779.677,12732.94,1984.715,5569.905,13633.87,2004.762,5342.475
13351.62,2029.858,5153.024,13476.97,1996.252,6027.885,13082.6,1969.388,5778.662,12734.85,1984.715,5570.966,13633.73,2004.762,5344.653
13351.75,2029.858,5155.21,13479.08,1996.252,6028.468,13084.54,1969.388,5777.645,12736.76,1984.715,5572.03,13633.59,2004.762,5346.839
13351.88,2029.858,5157.397,13481.19,1996.252,6029.051,13086.48,1969.388,5776.626,12738.67,1984.715,5573.095,13633.45,2004.762,5349.026
13352.01,2029.858,5159.596,13483.31,1996.252,6029.638,13088.43,1969.388,5775.603,12740.6,1984.715,5574.165,13633.31,2004.762,5351.224
13352,2029.858,5161.803,13485.42,1996.252,6030.295,13090.42,1969.388,5774.642,12742.49,1984.715,5575.3,13633.21,2004.762,5353.429
13352.02,2029.858,5164.008,13487.5,1996.252,6031.02,13092.44,1969.388,5773.747,12744.38,1984.715,5576.432,13633.04,2004.762,5355.627
13352.12,2029.858,5166.219,13489.57,1996.252,6031.816,13094.49,1969.388,5772.916,12746.32,1984.715,5577.501,13632.79,2004.762,5357.827
13352.31,2029.858,5169.337,13492.44,1996.252,6033.034,13097.42,1969.388,5771.837,12749.02,1984.715,5579.079,13632.52,2004.762,5360.939
13352.5,2029.858,5171.407,13494.33,1996.252,6033.906,13099.39,1969.388,5771.184,12750.78,1984.715,5580.188,13632.27,2004.762,5363.003
13352.57,2029.858,5171.993,13494.86,1996.252,6034.171,13099.96,1969.388,5771.017,12751.31,1984.715,5580.447,13632.22,2004.762,5363.591
13353.1,2029.858,5175.736,13498.18,1996.252,6035.979,13103.62,1969.388,5770.066,12754.65,1984.715,5582.217,13631.77,2004.762,5367.345
13353.68,2029.858,5179.953,13501.85,1996.252,6038.136,13107.77,1969.388,5769.131,12758.34,1984.715,5584.333,13631.13,2004.762,5371.553
13353.88,2029.858,5181.921,13503.52,1996.252,6039.194,13109.72,1969.388,5768.76,12760.03,1984.715,5585.358,13630.77,2004.762,5373.498
13353.88,2029.858,5182.296,13503.83,1996.252,6039.405,13110.09,1969.388,5768.702,12760.36,1984.715,5585.535,13630.75,2004.762,5373.872
13353.92,2029.858,5183.997,13505.2,1996.252,6040.406,13111.77,1969.388,5768.493,12761.84,1984.715,5586.386,13630.63,2004.762,5375.568
13353.99,2029.858,5186.499,13507.18,1996.252,6041.946,13114.27,1969.388,5768.267,12763.96,1984.715,5587.709,13630.36,2004.762,5378.058
13354.11,2029.858,5188.448,13508.68,1996.252,6043.196,13116.22,1969.388,5768.154,12765.58,1984.715,5588.795,13630.08,2004.762,5379.992
13354.25,2029.858,5190.705,13510.41,1996.252,6044.644,13118.47,1969.388,5768.023,12767.46,1984.715,5590.053,13629.77,2004.762,5382.23
13354.42,2029.858,5193.54,13512.6,1996.252,6046.463,13121.31,1969.388,5767.859,12769.82,1984.715,5591.632,13629.38,2004.762,5385.043
13354.47,2029.858,5194.339,13513.21,1996.252,6046.976,13122.11,1969.388,5767.813,12770.49,1984.715,5592.078,13629.26,2004.762,5385.836
13354.71,2029.858,5198.184,13516.17,1996.252,6049.443,13125.96,1969.388,5767.59,12773.69,1984.715,5594.22,13628.73,2004.762,5389.652
13354.81,2029.858,5199.709,13517.34,1996.252,6050.421,13127.48,1969.388,5767.501,12774.96,1984.715,5595.07,13628.51,2004.762,5391.165
13354.89,2029.858,5201.091,13518.41,1996.252,6051.309,13128.87,1969.388,5767.421,12776.11,1984.715,5595.84,13628.32,2004.762,5392.537
13355.04,2029.858,5203.446,13520.22,1996.252,6052.819,13131.22,1969.388,5767.285,12778.07,1984.715,5597.152,13627.99,2004.762,5394.873
13355.14,2029.858,5205.158,13521.54,1996.252,6053.918,13132.93,1969.388,5767.186,12779.5,1984.715,5598.106,13627.75,2004.762,5396.572
13355.31,2029.858,5207.915,13523.66,1996.252,6055.687,13135.69,1969.388,5767.026,12781.79,1984.715,5599.643,13627.37,2004.762,5399.307
13355.35,2029.858,5208.514,13524.12,1996.252,6056.071,13136.29,1969.388,5766.992,12782.29,1984.715,5599.977,13627.29,2004.762,5399.901
13355.49,2029.858,5210.73,13525.82,1996.252,6057.493,13138.51,1969.388,5766.863,12784.14,1984.715,5601.211,13626.98,2004.762,5402.1
13355.59,2029.858,5212.415,13527.12,1996.252,6058.573,13140.19,1969.388,5766.766,12785.54,1984.715,5602.149,13626.74,2004.762,5403.771
13355.69,2029.858,5214.045,13528.37,1996.252,6059.62,13141.82,1969.388,5766.671,12786.9,1984.715,5603.058,13626.51,2004.762,5405.389
13355.79,2029.858,5215.619,13529.58,1996.252,6060.629,13143.4,1969.388,5766.58,12788.21,1984.715,5603.935,13626.29,2004.762,5406.95
13355.88,2029.858,5217.151,13530.76,1996.252,6061.612,13144.93,1969.388,5766.491,12789.48,1984.715,5604.789,13626.08,2004.762,5408.47
13355.98,2029.858,5218.638,13531.91,1996.252,6062.566,13146.42,1969.388,5766.405,12790.72,1984.715,5605.617,13625.87,2004.762,5409.945
13356.1,2029.858,5220.645,13533.45,1996.252,6063.854,13148.42,1969.388,5766.289,12792.39,1984.715,5606.735,13625.59,2004.762,5411.937
13356.27,2029.858,5223.338,13535.53,1996.252,6065.582,13151.12,1969.388,5766.133,12794.64,1984.715,5608.236,13625.22,2004.762,5414.609
13356.34,2029.858,5224.537,13536.45,1996.252,6066.351,13152.32,1969.388,5766.064,12795.63,1984.715,5608.904,13625.05,2004.762,5415.798
13356.39,2029.858,5225.382,13537.1,1996.252,6066.893,13153.16,1969.388,5766.015,12796.34,1984.715,5609.375,13624.93,2004.762,5416.636
13356.43,2029.858,5226.004,13537.58,1996.252,6067.292,13153.79,1969.388,5765.979,12796.86,1984.715,5609.722,13624.84,2004.762,5417.253
13356.45,2029.858,5226.308,13537.81,1996.252,6067.487,13154.09,1969.388,5765.961,12797.11,1984.715,5609.891,13624.8,2004.762,5417.554
13356.58,2029.858,5228.382,13539.41,1996.252,6068.817,13156.16,1969.388,5765.841,12798.84,1984.715,5611.047,13624.51,2004.762,5419.612
13356.6,2029.858,5228.673,13539.63,1996.252,6069.004,13156.45,1969.388,5765.825,12799.08,1984.715,5611.209,13624.47,2004.762,5419.901
13356.69,2029.858,5230.182,13540.79,1996.252,6069.972,13157.96,1969.388,5765.737,12800.33,1984.715,5612.05,13624.26,2004.762,5421.398
13356.77,2029.858,5231.423,13541.75,1996.252,6070.768,13159.2,1969.388,5765.666,12801.37,1984.715,5612.741,13624.09,2004.762,5422.629
13356.88,2029.858,5233.21,13543.12,1996.252,6071.915,13160.99,1969.388,5765.562,12802.86,1984.715,5613.737,13623.84,2004.762,5424.402
13356.93,2029.858,5234.085,13543.79,1996.252,6072.477,13161.87,1969.388,5765.511,12803.58,1984.715,5614.225,13623.72,2004.762,5425.271
13357.08,2029.858,5236.418,13545.59,1996.252,6073.973,13164.2,1969.388,5765.376,12805.53,1984.715,5615.525,13623.39,2004.762,5427.585
13357.1,2029.858,5236.765,13545.86,1996.252,6074.196,13164.55,1969.388,5765.356,12805.82,1984.715,5615.718,13623.34,2004.762,5427.929
13357.21,2029.858,5238.668,13547.32,1996.252,6075.417,13166.45,1969.388,5765.246,12807.4,1984.715,5616.779,13623.08,2004.762,5429.818
13357.26,2029.858,5239.143,13547.68,1996.252,6075.733,13166.93,1969.388,5765.234,12807.8,1984.715,5617.045,13623,2004.762,5430.287
13357.4,2029.858,5241.386,13549.31,1996.252,6077.283,13169.17,1969.388,5765.251,12809.66,1984.715,5618.308,13622.65,2004.762,5432.508
13357.5,2029.858,5242.481,13550.08,1996.252,6078.066,13170.27,1969.388,5765.295,12810.54,1984.715,5618.956,13622.45,2004.762,5433.589
13357.6,2029.858,5243.995,13551.1,1996.252,6079.181,13171.79,1969.388,5765.406,12811.84,1984.715,5619.747,13622.12,2004.762,5435.069
13357.6,2029.858,5245.531,13552.11,1996.252,6080.343,13173.31,1969.388,5765.568,12813.12,1984.715,5620.59,13621.74,2004.762,5436.557
13357.55,2029.858,5247.097,13553.09,1996.252,6081.562,13174.87,1969.388,5765.785,12814.4,1984.715,5621.493,13621.3,2004.762,5438.061
13357.56,2029.858,5248.692,13554.05,1996.252,6082.835,13176.44,1969.388,5766.057,12815.67,1984.715,5622.455,13620.65,2004.762,5439.519
13357.62,2029.858,5250.31,13554.99,1996.252,6084.159,13178.02,1969.388,5766.385,12816.93,1984.715,5623.473,13620.04,2004.762,5441.021
13357.65,2029.858,5251.944,13555.88,1996.252,6085.525,13179.61,1969.388,5766.768,12818.17,1984.715,5624.542,13619.48,2004.762,5442.555
13357.78,2029.858,5254.282,13557.1,1996.252,6087.522,13181.87,1969.388,5767.391,12819.89,1984.715,5626.129,13618.75,2004.762,5444.778
13357.61,2029.858,5256.537,13558.22,1996.252,6089.489,13184.03,1969.388,5768.064,12821.6,1984.715,5627.607,13618.11,2004.762,5446.947
13357.55,2029.858,5257.314,13558.58,1996.252,6090.18,13184.76,1969.388,5768.32,12822.25,1984.715,5628.043,13617.92,2004.762,5447.702
13357.49,2029.858,5258.74,13559.2,1996.252,6091.465,13186.1,1969.388,5768.833,12823.41,1984.715,5628.879,13617.58,2004.762,5449.089
13357.43,2029.858,5260.681,13559.99,1996.252,6093.239,13187.88,1969.388,5769.59,12824.95,1984.715,5630.054,13617.25,2004.762,5451.002
13357.33,2029.858,5262.214,13560.57,1996.252,6094.664,13189.28,1969.388,5770.235,12826.14,1984.715,5631.023,13616.94,2004.762,5452.508
13357.18,2029.858,5263.989,13561.18,1996.252,6096.336,13190.87,1969.388,5771.035,12827.49,1984.715,5632.192,13616.53,2004.762,5454.24
13357.09,2029.858,5265.731,13561.73,1996.252,6097.992,13192.4,1969.388,5771.869,12828.77,1984.715,5633.378,13616.07,2004.762,5455.922
13357.05,2029.858,5267.428,13562.21,1996.252,6099.62,13193.87,1969.388,5772.729,12829.97,1984.715,5634.573,13615.56,2004.762,5457.543
13357.08,2029.858,5269.072,13562.62,1996.252,6101.211,13195.25,1969.388,5773.607,12831.18,1984.715,5635.691,13615.03,2004.762,5459.099
13357.12,2029.858,5270.053,13562.84,1996.252,6102.169,13196.07,1969.388,5774.159,12831.88,1984.715,5636.382,13614.74,2004.762,5460.038
13357.21,2029.858,5272.204,13563.24,1996.252,6104.284,13197.81,1969.388,5775.426,12833.46,1984.715,5637.846,13614.18,2004.762,5462.115
13357.33,2029.858,5273.692,13563.47,1996.252,6105.759,13198.99,1969.388,5776.344,12834.52,1984.715,5638.891,13613.74,2004.762,5463.542
13357.44,2029.858,5275.166,13563.66,1996.252,6107.225,13200.12,1969.388,5777.29,12835.61,1984.715,5639.889,13613.12,2004.762,5464.886
13357.51,2029.858,5276.728,13563.8,1996.252,6108.783,13201.29,1969.388,5778.33,12836.81,1984.715,5640.893,13612.52,2004.762,5466.329
13357.6,2029.858,5277.905,13563.87,1996.252,6109.961,13202.14,1969.388,5779.144,12837.74,1984.715,5641.616,13611.99,2004.762,5467.382
13357.66,2029.858,5279.227,13563.9,1996.252,6111.284,13203.07,1969.388,5780.086,12838.76,1984.715,5642.46,13611.43,2004.762,5468.582
13357.71,2029.858,5280.502,13563.93,1996.252,6112.56,13203.97,1969.388,5780.996,12839.75,1984.715,5643.274,13610.89,2004.762,5469.738
13357.76,2029.858,5281.737,13563.96,1996.252,6113.795,13204.83,1969.388,5781.876,12840.7,1984.715,5644.063,13610.37,2004.762,5470.858
13357.82,2029.858,5282.937,13563.99,1996.252,6114.997,13205.68,1969.388,5782.732,12841.62,1984.715,5644.829,13609.86,2004.762,5471.947
13357.87,2029.858,5284.103,13564.02,1996.252,6116.163,13206.5,1969.388,5783.563,12842.52,1984.715,5645.573,13609.37,2004.762,5473.005
13357.92,2029.858,5285.338,13564.05,1996.252,6117.399,13207.36,1969.388,5784.444,12843.47,1984.715,5646.362,13608.84,2004.762,5474.126
13357.97,2029.858,5286.459,13564.08,1996.252,6118.521,13208.15,1969.388,5785.244,12844.34,1984.715,5647.078,13608.37,2004.762,5475.143
13358,2029.858,5287.177,13564.1,1996.252,6119.24,13208.66,1969.388,5785.756,12844.89,1984.715,5647.537,13608.07,2004.762,5475.794
13358.04,2029.858,5288.809,13564.09,1996.252,6120.872,13209.76,1969.388,5786.956,12846.12,1984.715,5648.607,13607.42,2004.762,5477.295
13358.03,2029.858,5290.105,13564.03,1996.252,6122.168,13210.61,1969.388,5787.937,12847.07,1984.715,5649.49,13606.96,2004.762,5478.504
13357.92,2029.858,5291.092,13563.96,1996.252,6123.158,13211.23,1969.388,5788.709,12847.84,1984.715,5650.117,13606.62,2004.762,5479.439
13357.86,2029.858,5291.865,13563.88,1996.252,6123.93,13211.7,1969.388,5789.329,12848.43,1984.715,5650.626,13606.38,2004.762,5480.178
13357.85,2029.858,5292.097,13563.85,1996.252,6124.16,13211.84,1969.388,5789.518,12848.6,1984.715,5650.784,13606.3,2004.762,5480.396
13357.83,2029.858,5293.147,13563.67,1996.252,6125.195,13212.41,1969.388,5790.396,12849.35,1984.715,5651.516,13605.98,2004.762,5481.394
13357.85,2029.858,5294.292,13563.44,1996.252,6126.315,13213.01,1969.388,5791.372,12850.14,1984.715,5652.34,13605.65,2004.762,5482.491
13357.87,2029.858,5295.383,13563.21,1996.252,6127.384,13213.58,1969.388,5792.304,12850.9,1984.715,5653.126,13605.35,2004.762,5483.539
13357.89,2029.858,5296.149,13563.06,1996.252,6128.134,13213.98,1969.388,5792.957,12851.43,1984.715,5653.677,13605.13,2004.762,5484.274
13357.9,2029.858,5296.781,13562.93,1996.252,6128.752,13214.31,1969.388,5793.496,12851.87,1984.715,5654.132,13604.95,2004.762,5484.88
13357.92,2029.858,5297.787,13562.73,1996.252,6129.738,13214.83,1969.388,5794.354,12852.57,1984.715,5654.857,13604.67,2004.762,5485.846
13357.93,2029.858,5298.432,13562.6,1996.252,6130.37,13215.17,1969.388,5794.905,12853.02,1984.715,5655.321,13604.49,2004.762,5486.465
13357.95,2029.858,5299.524,13562.38,1996.252,6131.439,13215.74,1969.388,5795.837,12853.77,1984.715,5656.108,13604.18,2004.762,5487.513
13357.95,2029.858,5299.782,13562.32,1996.252,6131.692,13215.87,1969.388,5796.057,12853.95,1984.715,5656.294,13604.11,2004.762,5487.761
13357.91,2029.858,5300.727,13562.1,1996.252,6132.611,13216.34,1969.388,5796.879,12854.63,1984.715,5656.953,13603.93,2004.762,5488.688
13357.9,2029.858,5301.445,13561.91,1996.252,6133.304,13216.67,1969.388,5797.516,12855.13,1984.715,5657.468,13603.76,2004.762,5489.389
13357.8,2029.858,5302.406,13561.62,1996.252,6134.226,13217.09,1969.388,5798.385,12855.83,1984.715,5658.138,13603.64,2004.762,5490.347
13357.78,2029.858,5302.846,13561.48,1996.252,6134.642,13217.27,1969.388,5798.788,12856.18,1984.715,5658.406,13603.57,2004.762,5490.782
13357.75,2029.858,5303.459,13561.26,1996.252,6135.215,13217.5,1969.388,5799.357,12856.65,1984.715,5658.794,13603.45,2004.762,5491.384
13357.67,2029.858,5304.08,13561.01,1996.252,6135.792,13217.76,1969.388,5799.929,12857.15,1984.715,5659.18,13603.32,2004.762,5491.997
13357.6,2029.858,5304.691,13560.75,1996.252,6136.35,13217.99,1969.388,5800.499,12857.62,1984.715,5659.574,13603.17,2004.762,5492.593
13357.54,2029.858,5305.281,13560.51,1996.252,6136.888,13218.21,1969.388,5801.049,12858.07,1984.715,5659.955,13603.03,2004.762,5493.169
13357.48,2029.858,5305.852,13560.26,1996.252,6137.41,13218.43,1969.388,5801.581,12858.51,1984.715,5660.323,13602.89,2004.762,5493.727
13357.42,2029.858,5306.409,13560.03,1996.252,6137.918,13218.64,1969.388,5802.1,12858.94,1984.715,5660.683,13602.76,2004.762,5494.27
13357.36,2029.858,5306.943,13559.8,1996.252,6138.405,13218.84,1969.388,5802.597,12859.36,1984.715,5661.027,13602.63,2004.762,5494.791
13357.31,2029.858,5307.463,13559.58,1996.252,6138.879,13219.04,1969.388,5803.082,12859.76,1984.715,5661.362,13602.5,2004.762,5495.298
13357.23,2029.858,5308.168,13559.29,1996.252,6139.523,13219.3,1969.388,5803.739,12860.3,1984.715,5661.817,13602.33,2004.762,5495.986
13357.2,2029.858,5308.488,13559.15,1996.252,6139.815,13219.42,1969.388,5804.037,12860.55,1984.715,5662.023,13602.25,2004.762,5496.299
13357.16,2029.858,5308.938,13558.95,1996.252,6140.219,13219.61,1969.388,5804.45,12860.88,1984.715,5662.325,13602.13,2004.762,5496.734
13357.07,2029.858,5309.595,13558.63,1996.252,6140.801,13219.89,1969.388,5805.048,12861.42,1984.715,5662.716,13601.93,2004.762,5497.366
13357,2029.858,5310.177,13558.33,1996.252,6141.307,13220.15,1969.388,5805.574,12861.88,1984.715,5663.077,13601.73,2004.762,5497.918
13356.99,2029.858,5310.385,13558.22,1996.252,6141.483,13220.24,1969.388,5805.764,12862.04,1984.715,5663.21,13601.64,2004.762,5498.104
13356.96,2029.858,5310.95,13557.91,1996.252,6141.951,13220.45,1969.388,5806.286,12862.46,1984.715,5663.587,13601.4,2004.762,5498.616
13356.96,2029.858,5311.221,13557.75,1996.252,6142.169,13220.55,1969.388,5806.538,12862.66,1984.715,5663.774,13601.29,2004.762,5498.865
13356.97,2029.858,5311.441,13557.61,1996.252,6142.343,13220.64,1969.388,5806.74,12862.82,1984.715,5663.921,13601.21,2004.762,5499.07
13356.98,2029.858,5311.966,13557.29,1996.252,6142.757,13220.85,1969.388,5807.222,12863.21,1984.715,5664.272,13601.02,2004.762,5499.559
13356.98,2029.858,5312.334,13557.06,1996.252,6143.048,13221,1969.388,5807.56,12863.49,1984.715,5664.518,13600.88,2004.762,5499.902
13356.99,2029.858,5312.697,13556.84,1996.252,6143.334,13221.14,1969.388,5807.893,12863.76,1984.715,5664.761,13600.75,2004.762,5500.24
13357,2029.858,5313.043,13556.63,1996.252,6143.607,13221.28,1969.388,5808.21,12864.02,1984.715,5664.992,13600.63,2004.762,5500.563
13357.01,2029.858,5313.378,13556.42,1996.252,6143.871,13221.41,1969.388,5808.518,12864.26,1984.715,5665.216,13600.5,2004.762,5500.875
13357.01,2029.858,5313.713,13556.21,1996.252,6144.135,13221.55,1969.388,5808.825,12864.51,1984.715,5665.44,13600.38,2004.762,5501.186
13357.02,2029.858,5314.222,13555.9,1996.252,6144.537,13221.75,1969.388,5809.292,12864.89,1984.715,5665.78,13600.2,2004.762,5501.66
13357.03,2029.858,5314.43,13555.77,1996.252,6144.697,13221.84,1969.388,5809.478,12865.05,1984.715,5665.918,13600.12,2004.762,5501.854
13357.03,2029.858,5314.759,13555.55,1996.252,6144.942,13221.98,1969.388,5809.775,12865.29,1984.715,5666.145,13600.01,2004.762,5502.164
13357.05,2029.858,5315.045,13555.35,1996.252,6145.149,13222.1,1969.388,5810.038,12865.52,1984.715,5666.313,13599.88,2004.762,5502.417
13357.05,2029.858,5315.327,13555.15,1996.252,6145.348,13222.2,1969.388,5810.3,12865.74,1984.715,5666.486,13599.75,2004.762,5502.67
13357.06,2029.858,5315.596,13554.95,1996.252,6145.53,13222.32,1969.388,5810.539,12865.95,1984.715,5666.657,13599.64,2004.762,5502.916
13357.09,2029.858,5315.86,13554.75,1996.252,6145.703,13222.46,1969.388,5810.768,12866.15,1984.715,5666.833,13599.54,2004.762,5503.161
13357.12,2029.858,5316.274,13554.44,1996.252,6145.975,13222.67,1969.388,5811.126,12866.46,1984.715,5667.109,13599.38,2004.762,5503.546
13357.14,2029.858,5316.511,13554.26,1996.252,6146.13,13222.79,1969.388,5811.331,12866.64,1984.715,5667.267,13599.29,2004.762,5503.765
13357.16,2029.858,5316.718,13554.1,1996.252,6146.266,13222.9,1969.388,5811.511,12866.79,1984.715,5667.405,13599.22,2004.762,5503.958
13357.18,2029.858,5316.926,13553.94,1996.252,6146.402,13223,1969.388,5811.69,12866.95,1984.715,5667.543,13599.14,2004.762,5504.151
13357.2,2029.858,5317.133,13553.78,1996.252,6146.539,13223.11,1969.388,5811.87,12867.11,1984.715,5667.681,13599.06,2004.762,5504.344
13357.22,2029.858,5317.341,13553.63,1996.252,6146.675,13223.21,1969.388,5812.05,12867.26,1984.715,5667.819,13598.98,2004.762,5504.537
13357.24,2029.858,5317.548,13553.47,1996.252,6146.811,13223.32,1969.388,5812.229,12867.42,1984.715,5667.958,13598.9,2004.762,5504.729
13357.26,2029.858,5317.756,13553.31,1996.252,6146.947,13223.42,1969.388,5812.409,12867.57,1984.715,5668.096,13598.82,2004.762,5504.922
13357.27,2029.858,5317.963,13553.16,1996.252,6147.083,13223.53,1969.388,5812.589,12867.73,1984.715,5668.234,13598.74,2004.762,5505.115
13357.29,2029.858,5318.171,13553,1996.252,6147.22,13223.63,1969.388,5812.769,12867.89,1984.715,5668.372,13598.66,2004.762,5505.308
13357.31,2029.858,5318.378,13552.84,1996.252,6147.356,13223.74,1969.388,5812.948,12868.04,1984.715,5668.51,13598.58,2004.762,5505.501
13357.33,2029.858,5318.586,13552.68,1996.252,6147.492,13223.84,1969.388,5813.128,12868.2,1984.715,5668.648,13598.5,2004.762,5505.694
13357.35,2029.858,5318.793,13552.53,1996.252,6147.628,13223.95,1969.388,5813.308,12868.36,1984.715,5668.787,13598.42,2004.762,5505.887
13357.37,2029.858,5319.001,13552.37,1996.252,6147.765,13224.06,1969.388,5813.487,12868.51,1984.715,5668.925,13598.35,2004.762,5506.08
13357.38,2029.858,5319.209,13552.21,1996.252,6147.896,13224.16,1969.388,5813.67,12868.67,1984.715,5669.059,13598.27,2004.762,5506.275
13357.38,2029.858,5319.417,13552.04,1996.252,6148.021,13224.25,1969.388,5813.856,12868.83,1984.715,5669.199,13598.19,2004.762,5506.464
13357.39,2029.858,5319.626,13551.87,1996.252,6148.141,13224.35,1969.388,5814.04,12868.99,1984.715,5669.328,13598.1,2004.762,5506.656
13357.42,2029.858,5319.833,13551.7,1996.252,6148.255,13224.45,1969.388,5814.222,12869.15,1984.715,5669.455,13598.03,2004.762,5506.85
13357.45,2029.858,5320.039,13551.52,1996.252,6148.364,13224.54,1969.388,5814.407,12869.31,1984.715,5669.587,13597.94,2004.762,5507.041
13357.47,2029.858,5320.245,13551.34,1996.252,6148.466,13224.64,1969.388,5814.593,12869.47,1984.715,5669.722,13597.87,2004.762,5507.233
13357.5,2029.858,5320.452,13551.16,1996.252,6148.569,13224.73,1969.388,5814.78,12869.63,1984.715,5669.857,13597.79,2004.762,5507.426
13357.52,2029.858,5320.658,13550.97,1996.252,6148.671,13224.82,1969.388,5814.966,12869.79,1984.715,5669.993,13597.71,2004.762,5507.619
13357.55,2029.858,5320.865,13550.79,1996.252,6148.774,13224.92,1969.388,5815.153,12869.95,1984.715,5670.128,13597.63,2004.762,5507.812
13357.57,2029.858,5321.071,13550.61,1996.252,6148.876,13225.01,1969.388,5815.339,12870.11,1984.715,5670.263,13597.55,2004.762,5508.005
13357.6,2029.858,5321.278,13550.43,1996.252,6148.979,13225.1,1969.388,5815.526,12870.26,1984.715,5670.398,13597.48,2004.762,5508.198
13357.63,2029.858,5321.484,13550.25,1996.252,6149.082,13225.19,1969.388,5815.712,12870.42,1984.715,5670.534,13597.4,2004.762,5508.391
