CognitiveLoad,SwarmCohesion,TargetKnowledge,TerrainKnowledge,CogWindow
2.13515833829425,1,1,1,4
0.464051815173899,1,2,1,4
0.0198097631515156,1,1,2,4
0.110249674375218,1,2,2,4
-1.18200926928003,2,1,1,4
0.386172412629226,2,2,1,4
0.186785763843416,2,1,2,4
-0.248946089501316,2,2,2,4
0.598894847009074,1,1,1,4
0.585344096097272,1,2,1,4
-0.500426408135682,1,1,2,4
-0.682529513848322,1,2,2,4
-5.71856240478524,2,1,1,4
-0.684168931478845,2,2,1,4
-1.2729434799596,2,1,2,4
-0.308758096451729,2,2,2,4
-0.0708013644988985,1,1,1,4
2.18560643438267,1,2,1,4
0.817059665809955,1,1,2,4
1.542577608515,1,2,2,4
0.170405324184893,2,1,1,4
0.295291837858484,2,2,1,4
-0.902969137174932,2,1,2,4
1.05154650742929,2,2,2,4
15.1929222787126,1,1,2,4
-0.153249020885235,1,2,2,4
28.2732428202412,2,2,1,4
0.744340334214281,2,1,2,4
-0.0867096692965948,2,2,2,4
0.052358489421946,1,1,1,4
-0.0860475749359567,1,2,1,4
-0.0457208376091342,1,1,2,4
-1.33511060877139,1,2,2,4
-0.0243598632815094,2,1,1,4
2.32390998449147,2,2,1,4
-0.322915432944918,2,1,2,4
0.0937034689953999,2,2,2,4
1.08928941454982,1,1,1,4
-0.494787584113134,1,2,1,4
-0.124097157962452,1,1,2,4
0.597420316421338,1,2,2,4
-1.69852100021869,2,1,1,4
-0.194070047165857,2,2,1,4
0.184499938718424,2,1,2,4
0.393766840827036,2,2,2,4
-0.149085697682803,1,1,1,4
2.57285539141275,1,2,1,4
-0.859223208770832,1,1,2,4
-0.680433334011235,1,2,2,4
-1.85765224775224,2,1,1,4
0.0896047512136661,2,2,1,4
0.158304983300244,2,1,2,4
-0.993752600182526,2,2,2,4
0.285600642178639,1,1,1,4
-0.0512196445240923,1,2,1,4
0.231168761073252,1,1,2,4
0.483182090984066,1,2,2,4
-0.170782230751495,2,1,1,4
0.708334866547667,2,2,1,4
-0.0162369437436988,2,1,2,4
-0.462201964203096,2,2,2,4
-0.184022187195866,1,1,1,4
-0.439957182466385,1,2,1,4
-0.163339525350817,1,1,2,4
-0.0916198598968546,1,2,2,4
0.488423826819779,2,1,1,4
-0.393020947638633,2,2,1,4
-0.308179406390947,2,1,2,4
-0.394305255356098,2,2,2,4
0.988165933858138,1,1,1,4
0.0759163905220888,1,2,1,4
-0.0848525485424846,1,1,2,4
-0.39919442835492,1,2,2,4
-0.132022266070185,2,1,1,4
1.27532874723616,2,2,1,4
0.157665173670793,2,1,2,4
-6.79124584212599,2,2,2,4
-0.628003689215677,1,1,1,4
0.254229190052538,1,2,1,4
1.22828995526576,1,1,2,4
0.707427156979399,1,2,2,4
0.160442970568157,2,1,1,4
1.41681795375054,2,2,1,4
-0.0387689589682766,2,1,2,4
0.101840528175701,2,2,2,4
0.0421556838288131,1,1,1,4
-0.0825836506522583,1,2,1,4
-0.515757772098715,1,1,2,4
1.10165817234609,1,2,2,4
-0.0492332004502891,2,1,1,4
-0.51786502150508,2,2,1,4
0.167151173122565,2,1,2,4
0.156516572605101,2,2,2,4
0.255309446148119,1,1,1,4
-0.479034967252269,1,2,1,4
-0.329037772969373,1,1,2,4
0.605221089201057,1,2,2,4
1.04777267944191,2,1,1,4
-0.0883858162940158,2,2,1,4
-1.22406792524441,2,1,2,4
-0.210019158587012,2,2,2,4
-0.174022473216283,1,1,1,4
-1.52289380531296,1,2,1,4
-0.046013352643633,1,1,2,4
0.164073660187518,1,2,2,4
0.108486659355891,2,1,1,4
-0.329933897091224,2,2,1,4
-0.748438762779775,2,1,2,4
0.469745901513218,2,2,2,4
-0.455877064251423,1,1,1,4
-0.88692092103274,1,2,1,4
0.0791777137769432,1,1,2,4
-0.00356821848655491,1,2,2,4
-1.01628381903273,2,1,1,4
0.0636344075424256,2,2,1,4
-0.443653459551482,2,1,2,4
0.496606251344794,2,2,2,4
-0.698007417704283,1,1,1,4
-1.61567545743984,1,2,1,4
-6.49631159901927,1,1,2,4
-0.666429821451512,1,2,2,4
-2.07686249138015,2,1,1,4
-2.45754977041934,2,2,1,4
0.0824133578482348,2,1,2,4
-0.221517061842948,2,2,2,4
0.199679252950269,1,1,1,4
0.267639782618471,1,2,1,4
-0.652217926791581,1,1,2,4
1.10311988719754,1,2,2,4
0.0204158937617456,2,1,1,4
-0.186097174585348,2,2,1,4
-0.116386137072203,2,1,2,4
-0.636531751388312,2,2,2,4
-1.20466636029541,1,1,1,4
0.244417459934356,1,2,1,4
0.48894177235945,1,1,2,4
-0.244530469470875,1,2,2,4
0.241938626937136,2,1,1,4
-0.501480844595843,2,2,1,4
-0.796266004511072,2,1,2,4
0.507374926244905,2,2,2,4
-0.288232061212713,1,1,1,4
1.13957776231312,1,2,1,4
0.125871317556819,1,1,2,4
-1.41647051628032,1,2,2,4
0.495228483387432,2,1,1,4
0.599469075461837,2,2,1,4
0.614868484662726,2,1,2,4
1.24191126164485,2,2,2,4
-0.945305254888093,1,1,1,4
0.943345741348351,1,2,1,4
0.149799277373235,1,1,2,4
0.816974215555136,1,2,2,4
3.53182048002242,2,1,1,4
0.0767093479938369,2,2,1,4
1.70032777386916,2,1,2,4
-1.47861104523118,2,2,2,4
1.65819042743145,1,1,1,5
-0.0591743761001164,1,2,1,5
0.559775334179343,1,1,2,5
-0.164313722766195,1,2,2,5
0.294489541746507,2,1,1,5
0.224324371910729,2,2,1,5
-0.287197201521755,2,1,2,5
0.00215441172557779,2,2,2,5
0.332268458870356,1,1,1,5
0.332085726692408,1,2,1,5
-0.196701121680905,1,1,2,5
0.0115819426888485,1,2,2,5
-9.37270217378155,2,1,1,5
-2.29726716299564,2,2,1,5
0.336569764369678,2,1,2,5
-0.23217038820966,2,2,2,5
-0.153040461368499,1,1,1,5
1.41942700838829,1,2,1,5
0.504832769207654,1,1,2,5
1.52359596766136,1,2,2,5
-0.175865524156016,2,1,1,5
0.588308282010574,2,2,1,5
-0.696020222859265,2,1,2,5
0.94776346037991,2,2,2,5
21.4609779838788,1,1,2,5
-0.22379305478306,1,2,2,5
-6.07305865263797,2,2,1,5
0.869759414123538,2,1,2,5
-0.0849468918897991,2,2,2,5
0.471044950189127,1,1,1,5
0.0504303418555821,1,2,1,5
-0.106105788028692,1,1,2,5
-0.199720228646629,1,2,2,5
0.414814106992941,2,1,1,5
3.42411429463644,2,2,1,5
-0.297028291974039,2,1,2,5
0.705390974222098,2,2,2,5
1.2523100851976,1,1,1,5
-0.590239980017422,1,2,1,5
-0.409610056048361,1,1,2,5
0.623452836350242,1,2,2,5
-1.59773684468379,2,1,1,5
-0.246168892840148,2,2,1,5
-0.960730268010401,2,1,2,5
0.355692390900809,2,2,2,5
0.884650439826026,1,1,1,5
2.27878737040448,1,2,1,5
-1.13794010255563,1,1,2,5
0.434338896536327,1,2,2,5
-1.91855332459765,2,1,1,5
-0.245447830702786,2,2,1,5
1.95460668585753,2,1,2,5
-1.16133922306291,2,2,2,5
0.0817676634130688,1,1,1,5
0.0401107310386022,1,2,1,5
0.145103626386582,1,1,2,5
1.12332412421278,1,2,2,5
-0.00124624172459858,2,1,1,5
0.656718967661471,2,2,1,5
-0.155421055163899,2,1,2,5
0.11848623322638,2,2,2,5
-0.385563196203371,1,1,1,5
-0.537638734853861,1,2,1,5
-0.241797653737616,1,1,2,5
-0.11483192685848,1,2,2,5
0.474226168140487,2,1,1,5
0.242352719794178,2,2,1,5
-0.164895505765622,2,1,2,5
-0.145633691551862,2,2,2,5
2.84048424288525,1,1,1,5
0.285618005130216,1,2,1,5
0.133980738139703,1,1,2,5
-0.0710841004006936,1,2,2,5
0.00550396456819671,2,1,1,5
1.21442664144263,2,2,1,5
-1.14396268624619,2,1,2,5
-4.29331985377617,2,2,2,5
-0.14040070173763,1,1,1,5
0.515468946207633,1,2,1,5
1.16925642250533,1,1,2,5
0.297148762666107,1,2,2,5
0.14085895714501,2,1,1,5
0.91742324444316,2,2,1,5
0.0076126998719602,2,1,2,5
0.0377081968192021,2,2,2,5
-0.151208843875716,1,1,1,5
0.00618737830868116,1,2,1,5
-0.785127909985016,1,1,2,5
1.55113198637475,1,2,2,5
0.493492242019494,2,1,1,5
0.0329417560762919,2,2,1,5
0.0936175558548168,2,1,2,5
-0.0971967243219657,2,2,2,5
0.230058417244882,1,1,1,5
0.795370572056766,1,2,1,5
0.572298462035741,1,1,2,5
-0.0807433265796358,1,2,2,5
1.42897830568773,2,1,1,5
0.412165957650711,2,2,1,5
-0.733156844081556,2,1,2,5
0.286759836905778,2,2,2,5
-0.419304202635612,1,1,1,5
-1.06511388511434,1,2,1,5
-0.900394597352163,1,1,2,5
0.361664228732255,1,2,2,5
0.295810363013069,2,1,1,5
-0.271138241118687,2,2,1,5
-0.493817075556707,2,1,2,5
1.14481912893423,2,2,2,5
0.1414747293604,1,1,1,5
-0.586699837567964,1,2,1,5
0.230512407350624,1,1,2,5
0.139964343643001,1,2,2,5
-1.12132770431303,2,1,1,5
0.31059601992583,2,2,1,5
0.300860411510167,2,1,2,5
0.698965438853332,2,2,2,5
-0.0648227750238738,1,1,1,5
-2.47641120689159,1,2,1,5
-9.31840983448451,1,1,2,5
-0.600971269768368,1,2,2,5
-12.5672402426994,2,1,1,5
-2.09404505357117,2,2,1,5
-3.35683496566437,2,1,2,5
0.543768730464796,2,2,2,5
0.72340490921834,1,1,1,5
0.158554603490595,1,2,1,5
-0.463444809376674,1,1,2,5
1.20893384164768,1,2,2,5
0.148096917557726,2,1,1,5
-0.171042393978594,2,2,1,5
0.298146548414901,2,1,2,5
-0.771585011392982,2,2,2,5
-1.23241389221145,1,1,1,5
0.742420127986349,1,2,1,5
-0.724851750768322,1,1,2,5
0.044428200810043,1,2,2,5
0.184403444052657,2,1,1,5
0.046155775587699,2,2,1,5
-0.142859099426653,2,1,2,5
-0.169713214921496,2,2,2,5
-0.49822251929504,1,1,1,5
1.24217674000132,1,2,1,5
-1.15980317223221,1,1,2,5
-1.1192747498651,1,2,2,5
-0.173026944062745,2,1,1,5
0.72060941877996,2,2,1,5
0.904238104997407,2,1,2,5
1.4308197307711,2,2,2,5
0.0608652579391654,1,1,1,5
0.974022143479321,1,2,1,5
-0.201556067577689,1,1,2,5
0.981267027537023,1,2,2,5
3.37598168755585,2,1,1,5
0.187880330825806,2,2,1,5
1.71460177399726,2,1,2,5
-2.09283689629395,2,2,2,5
1.23444699781675,1,1,1,6
1.14181178587849,1,2,1,6
0.43109254162975,1,1,2,6
0.594556030833438,1,2,2,6
0.464704650207182,2,1,1,6
0.758197377958859,2,2,1,6
-0.0347210717545907,2,1,2,6
-0.173775148439472,2,2,2,6
-0.470700987520268,1,1,1,6
0.522944778370991,1,2,1,6
-0.352474016209842,1,1,2,6
0.260718909279029,1,2,2,6
-5.90217751854899,2,1,1,6
-0.373922359203939,2,2,1,6
0.0342274747251361,2,1,2,6
-0.364979686065904,2,2,2,6
0.0653275237960353,1,1,1,6
2.07958389618322,1,2,1,6
0.639740952054544,1,1,2,6
1.730282896148,1,2,2,6
0.260153384033172,2,1,1,6
1.51209569318533,2,2,1,6
-0.394253933556535,2,1,2,6
1.2862894842288,2,2,2,6
14.7322981154485,1,1,2,6
0.303743559938129,1,2,2,6
-2.56795728237569,2,2,1,6
0.967772770690793,2,1,2,6
-0.00496632206334872,2,2,2,6
0.643384733770594,1,1,1,6
-0.0144606311968483,1,2,1,6
0.165859695124542,1,1,2,6
-0.579016058776843,1,2,2,6
0.379713848740436,2,1,1,6
2.9680375708481,2,2,1,6
-0.2437300365957,2,1,2,6
0.630820601895988,2,2,2,6
-3.36678639149786,1,1,1,6
0.020405724909994,1,2,1,6
0.0442167098849363,1,1,2,6
1.06190553424694,1,2,2,6
-1.10497043105444,2,1,1,6
0.375732899800301,2,2,1,6
0.0501906555399472,2,1,2,6
0.3622823434885,2,2,2,6
0.310661876263971,1,1,1,6
2.00315263314249,1,2,1,6
-0.707309361221502,1,1,2,6
1.0595586655988,1,2,2,6
-0.85831985626548,2,1,1,6
0.281862640196348,2,2,1,6
2.66389133195066,2,1,2,6
-0.36227222320755,2,2,2,6
0.107872533404047,1,1,1,6
0.139002452213416,1,2,1,6
0.622377940899494,1,1,2,6
1.06644898221484,1,2,2,6
-0.238563855506926,2,1,1,6
0.759343298271603,2,2,1,6
0.325484421858416,2,1,2,6
-0.192463334262691,2,2,2,6
-0.417703707038725,1,1,1,6
0.0621325945955431,1,2,1,6
-0.453157385812451,1,1,2,6
-0.0228572850924577,1,2,2,6
0.569672424208056,2,1,1,6
0.0646257956955686,2,2,1,6
-0.0316982650835469,2,1,2,6
-0.150791764379655,2,2,2,6
2.4229775210119,1,1,1,6
-0.0255111732768556,1,2,1,6
-0.107541736812627,1,1,2,6
-0.0545596708583227,1,2,2,6
0.277366101317696,2,1,1,6
1.22143885240201,2,2,1,6
-0.0397551379393182,2,1,2,6
-3.64924377384364,2,2,2,6
0.310395713130588,1,1,1,6
0.740066822343105,1,2,1,6
1.19804560201795,1,1,2,6
1.26262510553298,1,2,2,6
0.462101574981974,2,1,1,6
2.03770517968823,2,2,1,6
0.114174122274555,2,1,2,6
0.104416247464983,2,2,2,6
-0.0866708161661478,1,1,1,6
0.201372118322711,1,2,1,6
-0.275252287174311,1,1,2,6
0.950339949107202,1,2,2,6
0.38929234032312,2,1,1,6
0.533135501460493,2,2,1,6
0.0360857651386314,2,1,2,6
-0.123633358237808,2,2,2,6
-0.0434889669660875,1,1,1,6
0.588152345063164,1,2,1,6
-0.188580775252583,1,1,2,6
0.483016145949588,1,2,2,6
1.8402969711179,2,1,1,6
0.314162854888276,2,2,1,6
-0.735259164820084,2,1,2,6
-0.0466846759961417,2,2,2,6
-0.664383172522691,1,1,1,6
-1.47146274080848,1,2,1,6
-0.610162961164897,1,1,2,6
0.454868234206901,1,2,2,6
0.271958260323891,2,1,1,6
-0.203865630884356,2,2,1,6
-0.211221110729272,2,1,2,6
0.385843353335276,2,2,2,6
0.284794004153707,1,1,1,6
-0.0818436231174578,1,2,1,6
0.580377354802238,1,1,2,6
0.298637013386957,1,2,2,6
-0.310700890345135,2,1,1,6
0.583830780533659,2,2,1,6
0.308897017067823,2,1,2,6
0.509837189941488,2,2,2,6
-0.000297875441696085,1,1,1,6
-1.37167870040113,1,2,1,6
-7.66852735427042,1,1,2,6
-4.57252294151673,1,2,2,6
-12.3103454142396,2,1,1,6
-1.75786789601154,2,2,1,6
-2.49156235021036,2,1,2,6
0.00250254376766088,2,2,2,6
0.597900128282308,1,1,1,6
0.255082033959933,1,2,1,6
-0.186451490212287,1,1,2,6
1.09840880586685,1,2,2,6
0.27423391289414,2,1,1,6
-0.164933129893867,2,2,1,6
-0.0664391607701043,2,1,2,6
-0.264421535551419,2,2,2,6
-0.632289138836235,1,1,1,6
0.846848338743856,1,2,1,6
0.23585791277974,1,1,2,6
0.321618807586672,1,2,2,6
0.139527837586515,2,1,1,6
-0.028400361635083,2,2,1,6
-0.220449723202672,2,1,2,6
0.758650292315888,2,2,2,6
0.400351759364895,1,1,1,6
1.35209544483615,1,2,1,6
-0.132803264387736,1,1,2,6
-0.504600327032132,1,2,2,6
0.823129098391131,2,1,1,6
0.821380095057827,2,2,1,6
1.05419016809103,2,1,2,6
1.03084817660344,2,2,2,6
-0.381470046419818,1,1,1,6
0.913312192941466,1,2,1,6
-0.698074794673099,1,1,2,6
1.18413803812578,1,2,2,6
4.20296926094867,2,1,1,6
0.698848251006147,2,2,1,6
0.870489317291132,2,1,2,6
-1.54659860100733,2,2,2,6
1.90347151466853,1,1,1,7
0.942244342767634,1,2,1,7
0.55169901972555,1,1,2,7
0.297377303317721,1,2,2,7
-0.249375602390141,2,1,1,7
0.812379652164455,2,2,1,7
0.602538426052698,2,1,2,7
0.409339574784306,2,2,2,7
0.973577392209114,1,1,1,7
0.682644193544972,1,2,1,7
0.0364285178403798,1,1,2,7
0.174470836820904,1,2,2,7
-7.56666570213508,2,1,1,7
-1.4439645256833,2,2,1,7
0.277804736411028,2,1,2,7
-1.71535004802818,2,2,2,7
0.00488526069008214,1,1,1,7
2.15809176156656,1,2,1,7
0.880597356644766,1,1,2,7
1.78626689069511,1,2,2,7
0.372051216060257,2,1,1,7
1.04336595650643,2,2,1,7
-0.329525651313952,2,1,2,7
0.996202558077893,2,2,2,7
0.558189200599257,1,2,2,7
10.1243190893583,2,1,1,7
13.4567838714431,2,2,1,7
1.10539636247321,2,1,2,7
0.585397276343873,2,2,2,7
0.716051107252175,1,1,1,7
0.288767780069671,1,2,1,7
0.225682083979194,1,1,2,7
0.141538419963969,1,2,2,7
0.584609144947552,2,1,1,7
3.62270250601182,2,2,1,7
0.222745660063154,2,1,2,7
0.974300369612162,2,2,2,7
1.09056977749408,1,1,1,7
-0.488057891578463,1,2,1,7
-0.085284757507026,1,1,2,7
0.88651000292353,1,2,2,7
-0.455231094594472,2,1,1,7
0.206337675142488,2,2,1,7
-0.509367134460037,2,1,2,7
0.470633198783818,2,2,2,7
0.744251583056295,1,1,1,7
2.04772093229328,1,2,1,7
-0.678061099360767,1,1,2,7
1.56176080101769,1,2,2,7
-1.91003764263209,2,1,1,7
-0.0328967831073691,2,2,1,7
2.06553918446637,2,1,2,7
-0.268778410346495,2,2,2,7
0.259287542129073,1,1,1,7
0.246775991085548,1,2,1,7
0.838933129052805,1,1,2,7
1.47789040062889,1,2,2,7
0.250658828477241,2,1,1,7
0.861210310076454,2,2,1,7
0.189524197949772,2,1,2,7
0.113751251819212,2,2,2,7
-1.03170835625163,1,1,1,7
-0.310507442657905,1,2,1,7
0.042394990367302,1,1,2,7
-0.122028558970635,1,2,2,7
0.481844783876517,2,1,1,7
0.441231624015358,2,2,1,7
0.0446275576329785,2,1,2,7
0.286906608801266,2,2,2,7
2.76281102033148,1,1,1,7
0.24979924579361,1,2,1,7
0.458373682235359,1,1,2,7
-0.086096095003668,1,2,2,7
0.218619155885536,2,1,1,7
1.05376146976349,2,2,1,7
-0.378920634412593,2,1,2,7
-2.84484206234715,2,2,2,7
0.183386041981445,1,1,1,7
0.484823456314551,1,2,1,7
1.0795109029839,1,1,2,7
0.866096379788255,1,2,2,7
0.46303362833544,2,1,1,7
1.97284519568536,2,2,1,7
0.0993031620224082,2,1,2,7
0.170241865885039,2,2,2,7
-0.0420381751069977,1,1,1,7
0.166461129023602,1,2,1,7
-0.525114507717838,1,1,2,7
1.01363175438315,1,2,2,7
0.508486730132436,2,1,1,7
0.385412302727405,2,2,1,7
0.116867235935942,2,1,2,7
0.422413773673483,2,2,2,7
0.0946708623573133,1,1,1,7
0.162834551841209,1,2,1,7
0.472498506246232,1,1,2,7
0.200219651080791,1,2,2,7
2.00580084348808,2,1,1,7
0.66689215166021,2,2,1,7
-0.193557651445345,2,1,2,7
0.428855417307485,2,2,2,7
-0.797591847881498,1,1,1,7
-0.816388700556742,1,2,1,7
-0.324734577199636,1,1,2,7
-0.0497770650401856,1,2,2,7
0.444337003542669,2,1,1,7
0.020851481774097,2,2,1,7
-0.259733907892997,2,1,2,7
0.570449349438124,2,2,2,7
0.130688475250058,1,1,1,7
-0.427192039538581,1,2,1,7
0.190751182962179,1,1,2,7
0.190490891400372,1,2,2,7
0.10855425864826,2,1,1,7
0.337152426085548,2,2,1,7
0.564593581962887,2,1,2,7
0.373825891997785,2,2,2,7
0.429737091794151,1,1,1,7
-1.10197989933926,1,2,1,7
-6.53827704919826,1,1,2,7
-5.15908332991649,1,2,2,7
-9.89284518530136,2,1,1,7
-1.2736607903484,2,2,1,7
-1.81229588541093,2,1,2,7
0.349209574272329,2,2,2,7
0.605917814655914,1,1,1,7
0.115688519597943,1,2,1,7
0.104240868311649,1,1,2,7
1.26305138116502,1,2,2,7
0.364806835151848,2,1,1,7
-0.157968569151592,2,2,1,7
0.330124236584966,2,1,2,7
-0.429617911597548,2,2,2,7
-0.664309159129869,1,1,1,7
0.750695705988842,1,2,1,7
0.389550146772003,1,1,2,7
0.430897655682772,1,2,2,7
0.655705100888592,2,1,1,7
0.368573181696987,2,2,1,7
0.17662199922702,2,1,2,7
0.921592055575314,2,2,2,7
0.488490641007929,1,1,1,7
1.32064045943294,1,2,1,7
-0.40598739645316,1,1,2,7
-0.246906100547491,1,2,2,7
0.384013395476176,2,1,1,7
-0.288880185025452,2,2,1,7
1.06837732398277,2,1,2,7
1.23467549279315,2,2,2,7
0.670482450134716,1,1,1,7
1.60523078691427,1,2,1,7
0.057570061075684,1,1,2,7
1.37873326200157,1,2,2,7
3.9089798681448,2,1,1,7
0.946082486377394,2,2,1,7
1.08770100569097,2,1,2,7
-0.487472204739291,2,2,2,7
2.0605124507157,1,1,1,8
1.70076776036595,1,2,1,8
0.358903323468244,1,1,2,8
0.561082827173664,1,2,2,8
-0.234408314453895,2,1,1,8
0.732789758196541,2,2,1,8
0.481903248980254,2,1,2,8
0.709595982726478,2,2,2,8
1.18663957629429,1,1,1,8
0.963637369728209,1,2,1,8
0.081051430686253,1,1,2,8
0.0819867646619416,1,2,2,8
-4.19015007133653,2,1,1,8
-0.451804997580822,2,2,1,8
0.357029405214157,2,1,2,8
0.233244525442188,2,2,2,8
0.279317136240432,1,1,1,8
2.386782834395,1,2,1,8
1.00323020248633,1,1,2,8
1.90945434242549,1,2,2,8
0.575630641514986,2,1,1,8
1.24298757682953,2,2,1,8
-0.0402397521196083,2,1,2,8
1.20822189659455,2,2,2,8
0.547506311822087,1,2,2,8
10.8386487096381,2,2,1,8
1.33819614792498,2,1,2,8
0.508214563921552,2,2,2,8
0.658098156586436,1,1,1,8
0.334273890000499,1,2,1,8
0.126386721939666,1,1,2,8
-0.297231177849597,1,2,2,8
0.582007942648582,2,1,1,8
3.62702455463173,2,2,1,8
0.00461717160447184,2,1,2,8
0.870820585311306,2,2,2,8
0.640133977264817,1,1,1,8
0.102182391807828,1,2,1,8
0.0122245970843223,1,1,2,8
1.13837066039701,1,2,2,8
-1.09267965388537,2,1,1,8
0.314078141098517,2,2,1,8
0.119443434780198,2,1,2,8
0.526825613442702,2,2,2,8
0.958480502359263,1,1,1,8
2.37596124428055,1,2,1,8
-0.137035874818194,1,1,2,8
-0.123551090042889,1,2,2,8
0.23379158675939,2,1,1,8
0.0861768368778182,2,2,1,8
2.83767705854363,2,1,2,8
-0.0187498305498441,2,2,2,8
0.344575013012609,1,1,1,8
0.102951187569049,1,2,1,8
0.959642575348223,1,1,2,8
1.03965397352317,1,2,2,8
0.366271044247653,2,1,1,8
0.946954493174025,2,2,1,8
-0.0957066765949526,2,1,2,8
0.05884151070259,2,2,2,8
0.13831365821967,1,1,1,8
0.265117267243109,1,2,1,8
-0.130397747168037,1,1,2,8
0.157566367229002,1,2,2,8
0.551222629270629,2,1,1,8
0.463203565751746,2,2,1,8
0.241447104353962,2,1,2,8
0.347762853215955,2,2,2,8
2.47447826611754,1,1,1,8
0.247505719598438,1,2,1,8
0.421151859108586,1,1,2,8
-0.0505820633932385,1,2,2,8
0.339488626154787,2,1,1,8
1.2038305739519,2,2,1,8
0.064382161692098,2,1,2,8
-2.47935687792094,2,2,2,8
0.330696008551191,1,1,1,8
0.409142034462771,1,2,1,8
0.560147624072464,1,1,2,8
1.23951851744003,1,2,2,8
0.44831744783471,2,1,1,8
2.17167948128774,2,2,1,8
0.114213239999872,2,1,2,8
0.0826885457499114,2,2,2,8
0.219160399894812,1,1,1,8
0.468191132254646,1,2,1,8
-0.212523085967814,1,1,2,8
1.53044825438212,1,2,2,8
0.368841699627338,2,1,1,8
0.587583637971676,2,2,1,8
0.14385660938768,2,1,2,8
0.141119424205546,2,2,2,8
0.256803271783208,1,1,1,8
0.48732616104622,1,2,1,8
0.80540792033889,1,1,2,8
0.343222518136151,1,2,2,8
1.92938139773728,2,1,1,8
0.449267191338385,2,2,1,8
-0.116304064546592,2,1,2,8
-0.424262520949602,2,2,2,8
-0.529266613769356,1,1,1,8
-0.873879996062035,1,2,1,8
-0.35253900687751,1,1,2,8
-0.201336128520181,1,2,2,8
0.256015326741507,2,1,1,8
0.0860216648588857,2,2,1,8
-0.286157294199561,2,1,2,8
-0.141123408319676,2,2,2,8
0.474706411580626,1,1,1,8
-0.620689110011209,1,2,1,8
0.702825936846496,1,1,2,8
0.480533102190551,1,2,2,8
0.367416051905376,2,1,1,8
0.480459073479507,2,2,1,8
0.469584000638474,2,1,2,8
0.721760349629074,2,2,2,8
-0.0806791530336393,1,1,1,8
-0.738903357311015,1,2,1,8
-4.45752628776025,1,1,2,8
-4.1886396057959,1,2,2,8
-8.82990191607958,2,1,1,8
-0.81305964476401,2,2,1,8
-0.645518397641043,2,1,2,8
-0.168882083519275,2,2,2,8
0.387269421720212,1,1,1,8
0.409161881235529,1,2,1,8
0.20457198445772,1,1,2,8
1.18673264453042,1,2,2,8
0.433637008210345,2,1,1,8
0.0513618485195843,2,2,1,8
0.46508301602151,2,1,2,8
-0.336877423371433,2,2,2,8
-0.0531284746415027,1,1,1,8
0.643024968038267,1,2,1,8
0.6702876737908,1,1,2,8
0.353160583274252,1,2,2,8
0.706448666725777,2,1,1,8
0.0714496350248433,2,2,1,8
0.180434568147471,2,1,2,8
0.313938818496495,2,2,2,8
0.575203044838553,1,1,1,8
1.4916614594691,1,2,1,8
0.181348978128239,1,1,2,8
-0.572937063257073,1,2,2,8
0.828881717957224,2,1,1,8
0.709844865676149,2,2,1,8
1.49943211062557,2,1,2,8
1.63117276545092,2,2,2,8
0.447366707225414,1,1,1,8
1.61468085047845,1,2,1,8
0.30533830558921,1,1,2,8
1.45718602405483,1,2,2,8
4.30359129773069,2,1,1,8
0.887172765178803,2,2,1,8
1.23454570968459,2,1,2,8
-0.562316252783879,2,2,2,8
2.35241764827025,1,1,1,9
0.944942596416477,1,2,1,9
1.01645774938802,1,1,2,9
0.605756281604252,1,2,2,9
0.247339356081834,2,1,1,9
1.01177090823208,2,2,1,9
0.38293566640269,2,1,2,9
0.696065227598595,2,2,2,9
0.74215043618927,1,1,1,9
0.95835255902322,1,2,1,9
-0.287679841790546,1,1,2,9
0.51093015248176,1,2,2,9
-5.8487988832293,2,1,1,9
-0.236930775164362,2,2,1,9
0.0622493207694997,2,1,2,9
-0.23902647804508,2,2,2,9
0.0324795645749739,1,1,1,9
2.52612203365865,1,2,1,9
0.816761817031153,1,1,2,9
1.95734137351368,1,2,2,9
0.911352803803837,2,1,1,9
0.578150106681241,2,2,1,9
0.177678573851946,2,1,2,9
1.15106883567318,2,2,2,9
0.424129393464739,1,2,2,9
-35.6345604650546,2,1,1,9
23.3265399663841,2,2,1,9
1.09619993940934,2,1,2,9
0.710649204558124,2,2,2,9
0.771353257095064,1,1,1,9
0.340603305762609,1,2,1,9
0.324875133124592,1,1,2,9
0.263147620823471,1,2,2,9
0.740150640493509,2,1,1,9
3.63428908094349,2,2,1,9
0.310474809186079,2,1,2,9
1.08624181583462,2,2,2,9
1.18872755029946,1,1,1,9
-0.157978410697366,1,2,1,9
-0.0191624504149863,1,1,2,9
1.28604128833794,1,2,2,9
-0.231454381571526,2,1,1,9
0.253113869603168,2,2,1,9
0.0434652824764057,2,1,2,9
0.0868165823453949,2,2,2,9
0.673584459404103,1,1,1,9
2.6316382116354,1,2,1,9
-0.299794728241147,1,1,2,9
0.442557600829314,1,2,2,9
-0.473957040110497,2,1,1,9
0.074937697197489,2,2,1,9
2.49739136124378,2,1,2,9
-0.280701150415922,2,2,2,9
0.10345830911591,1,1,1,9
0.293422187505421,1,2,1,9
0.723862440625229,1,1,2,9
1.26662851364906,1,2,2,9
0.273094224655682,2,1,1,9
0.926264584271659,2,2,1,9
0.137436191957757,2,1,2,9
0.261856267254644,2,2,2,9
-0.266852588915485,1,1,1,9
0.018226018060289,1,2,1,9
-0.206083126198134,1,1,2,9
0.173080572280615,1,2,2,9
0.433411554710673,2,1,1,9
0.597001690655555,2,2,1,9
0.0919386144508821,2,1,2,9
0.574051270523635,2,2,2,9
3.16526035157594,1,1,1,9
0.376538268763297,1,2,1,9
0.339630469135362,1,1,2,9
-0.135336335215327,1,2,2,9
0.392497038576001,2,1,1,9
1.46505250415051,2,2,1,9
0.157286725509734,2,1,2,9
-2.27049334478796,2,2,2,9
0.300185617390552,1,1,1,9
0.420914160057275,1,2,1,9
1.05132461266754,1,1,2,9
1.0956710927652,1,2,2,9
0.337041022608381,2,1,1,9
2.17151284882751,2,2,1,9
0.214301605688344,2,1,2,9
-0.0991927107964325,2,2,2,9
0.0108856214163883,1,1,1,9
0.394462099770396,1,2,1,9
-0.11022510079347,1,1,2,9
1.66678149742134,1,2,2,9
0.913745792390956,2,1,1,9
0.243015185993267,2,2,1,9
0.275108122885451,2,1,2,9
0.406362472274481,2,2,2,9
-0.23720876681496,1,1,1,9
0.304160457670304,1,2,1,9
1.11237009718198,1,1,2,9
0.911749151028215,1,2,2,9
2.01848381639521,2,1,1,9
0.860024748968617,2,2,1,9
-0.0583440216215617,2,1,2,9
0.389615465842605,2,2,2,9
-1.2230367596636,1,1,1,9
-0.535331750599594,1,2,1,9
-0.11712393703933,1,1,2,9
-0.547688627979632,1,2,2,9
0.148034552963898,2,1,1,9
0.234956279260832,2,2,1,9
-0.524820976505739,2,1,2,9
0.645157646586541,2,2,2,9
0.254274233554516,1,1,1,9
-0.750307387180965,1,2,1,9
1.07102342069774,1,1,2,9
0.537794335530461,1,2,2,9
0.00543403238543907,2,1,1,9
0.402205468901722,2,2,1,9
0.475089266650793,2,1,2,9
0.735262454367271,2,2,2,9
0.347392984983585,1,1,1,9
-0.38980412788407,1,2,1,9
-4.43794959205049,1,1,2,9
-3.21497472549222,1,2,2,9
-7.69175702317054,2,1,1,9
-0.859903612977284,2,2,1,9
-0.993599980268937,2,1,2,9
0.441310239733783,2,2,2,9
0.564480283203005,1,1,1,9
0.292497556713944,1,2,1,9
0.2221566533623,1,1,2,9
1.67105037073058,1,2,2,9
0.474629289487057,2,1,1,9
-0.0892903834048,2,2,1,9
0.342282383671389,2,1,2,9
-0.0766460703696783,2,2,2,9
-0.164291835725609,1,1,1,9
0.153259120247996,1,2,1,9
0.659643025374392,1,1,2,9
0.442788092439332,1,2,2,9
0.786229582506213,2,1,1,9
0.243995375612007,2,2,1,9
0.331516032496561,2,1,2,9
0.61782727495697,2,2,2,9
0.723213802796259,1,1,1,9
1.42055160929579,1,2,1,9
-0.111335029073504,1,1,2,9
-0.384014969886347,1,2,2,9
0.817579543518668,2,1,1,9
-0.670819091879849,2,2,1,9
1.12211569744008,2,1,2,9
0.566702551646094,2,2,2,9
0.811111322224039,1,1,1,9
1.64293715766346,1,2,1,9
-0.0400021133025684,1,1,2,9
1.45861231032498,1,2,2,9
3.76450077067982,2,1,1,9
1.09379024277308,2,2,1,9
1.36496026504199,2,1,2,9
-0.213476017401988,2,2,2,9
2.99014778867824,1,1,1,10
2.03089447078828,1,2,1,10
0.699665473233746,1,1,2,10
0.428275295824991,1,2,2,10
0.319435168656101,2,1,1,10
0.97945702305026,2,2,1,10
0.805588110053333,2,1,2,10
0.496056924225675,2,2,2,10
1.33055192169774,1,1,1,10
1.12543998727981,1,2,1,10
-0.0835670257826998,1,1,2,10
0.385624085766358,1,2,2,10
-3.51705768816097,2,1,1,10
-0.88152593217183,2,2,1,10
0.478641653366799,2,1,2,10
0.394385444109412,2,2,2,10
0.295017893485269,1,1,1,10
2.43525169810736,1,2,1,10
0.785742071916848,1,1,2,10
2.47023800376408,1,2,2,10
1.13727944540415,2,1,1,10
1.38973288268648,2,2,1,10
0.213103547274982,2,1,2,10
1.04412047845248,2,2,2,10
0.691186965551223,1,2,2,10
-30.0024030578372,2,1,1,10
20.615624912132,2,2,1,10
1.11348378563914,2,1,2,10
0.629868503090741,2,2,2,10
1.08358778431598,1,1,1,10
0.462608712475736,1,2,1,10
0.541569518265701,1,1,2,10
0.143760198374868,1,2,2,10
0.920056656665453,2,1,1,10
3.86292869449044,2,2,1,10
0.10645112293117,2,1,2,10
0.796271420930134,2,2,2,10
1.12497380912607,1,1,1,10
0.096107317316645,1,2,1,10
0.167844623297493,1,1,2,10
0.845971351233814,1,2,2,10
-0.808744591915957,2,1,1,10
0.249699105903289,2,2,1,10
0.149180389899793,2,1,2,10
0.462659484355326,2,2,2,10
0.929000663650673,1,1,1,10
2.63917950661979,1,2,1,10
0.126771062697614,1,1,2,10
-0.189804013574413,1,2,2,10
0.246676112604954,2,1,1,10
0.440289499383967,2,2,1,10
2.53020532822292,2,1,2,10
-0.260290246108535,2,2,2,10
0.421586722035372,1,1,1,10
0.096751019007736,1,2,1,10
0.667765375232839,1,1,2,10
1.14831676298146,1,2,2,10
0.478168932900225,2,1,1,10
0.854383528287374,2,2,1,10
0.356009630731156,2,1,2,10
0.107358551683539,2,2,2,10
0.0323000670532653,1,1,1,10
0.0861298713186813,1,2,1,10
-0.126090692078636,1,1,2,10
0.143582076122455,1,2,2,10
0.576957893136253,2,1,1,10
0.574314117296647,2,2,1,10
0.0862364220547621,2,1,2,10
0.537061327087357,2,2,2,10
2.93471197223881,1,1,1,10
0.157483543169392,1,2,1,10
0.312381087219324,1,1,2,10
-0.415207279141169,1,2,2,10
0.741661182537267,2,1,1,10
1.43234591764492,2,2,1,10
0.575908531217299,2,1,2,10
-1.72874006864291,2,2,2,10
0.639370800034026,1,1,1,10
0.729948989630861,1,2,1,10
1.25246167387411,1,1,2,10
1.44793223149881,1,2,2,10
0.505077079091081,2,1,1,10
1.80727737555179,2,2,1,10
0.105748673058041,2,1,2,10
0.139665638989082,2,2,2,10
0.393577238519733,1,1,1,10
0.588231748240736,1,2,1,10
0.229421586642376,1,1,2,10
1.73182591323254,1,2,2,10
0.53083814598835,2,1,1,10
0.609946145183598,2,2,1,10
0.505156769482789,2,1,2,10
0.23501420580563,2,2,2,10
0.251083533283619,1,1,1,10
0.656215008508953,1,2,1,10
0.766059732186168,1,1,2,10
0.729213896250924,1,2,2,10
1.96955435289333,2,1,1,10
1.00631854740581,2,2,1,10
0.00732000342703493,2,1,2,10
0.360281880656611,2,2,2,10
-1.23089741178097,1,1,1,10
-0.40683827140138,1,2,1,10
-0.244027568040886,1,1,2,10
0.0258697926974461,1,2,2,10
0.0678394245143799,2,1,1,10
0.298779290588405,2,2,1,10
-0.466126534883554,2,1,2,10
0.761722489128604,2,2,2,10
0.583897519239809,1,1,1,10
-0.184953151103551,1,2,1,10
1.03372400446382,1,1,2,10
0.661652992771293,1,2,2,10
0.649358945527264,2,1,1,10
0.510723920983684,2,2,1,10
0.729843188541633,2,1,2,10
0.837131655836066,2,2,2,10
0.224913870194836,1,1,1,10
-0.322416872036047,1,2,1,10
-3.45784921846321,1,1,2,10
-2.96892292264768,1,2,2,10
-6.83816117340376,2,1,1,10
-0.421824747727757,2,2,1,10
-0.449898380240944,2,1,2,10
-0.0114525601639037,2,2,2,10
0.465711148386259,1,1,1,10
0.407421995315076,1,2,1,10
0.722366480770022,1,1,2,10
1.29025700843349,1,2,2,10
0.307434386304333,2,1,1,10
0.105746669212507,2,2,1,10
0.378875050604356,2,1,2,10
-0.249668729949177,2,2,2,10
-0.10472628309435,1,1,1,10
0.892595146972432,1,2,1,10
0.724384726222286,1,1,2,10
0.71181455816862,1,2,2,10
0.956594158129098,2,1,1,10
0.236085076681754,2,2,1,10
0.165867654966613,2,1,2,10
1.15941499852186,2,2,2,10
0.362040842195125,1,1,1,10
1.46109550886459,1,2,1,10
0.244031225212404,1,1,2,10
-0.175608804224439,1,2,2,10
0.904633235535224,2,1,1,10
0.300258442856602,2,2,1,10
1.56974217373233,2,1,2,10
-7.25154792631974,2,2,2,10
0.598981791621274,1,1,1,10
1.47369209074267,1,2,1,10
0.0231850431637981,1,1,2,10
1.43113481904616,1,2,2,10
4.35213246108821,2,1,1,10
1.38930829716564,2,2,1,10
1.38458279458416,2,1,2,10
-0.571506284884499,2,2,2,10
2.87491779940082,1,1,1,11
1.65267711369579,1,2,1,11
0.739877880157231,1,1,2,11
0.656148684956932,1,2,2,11
0.790392138071005,2,1,1,11
1.12377046717519,2,2,1,11
0.657814585401585,2,1,2,11
0.490188654113961,2,2,2,11
1.24877095975258,1,1,1,11
1.13988463886719,1,2,1,11
-0.195815647067354,1,1,2,11
0.565078797020548,1,2,2,11
-4.05635183334183,2,1,1,11
-1.32261920979378,2,2,1,11
0.224451689276285,2,1,2,11
0.258557347799022,2,2,2,11
0.377846418913572,1,1,1,11
2.6408924553203,1,2,1,11
1.0557558592379,1,1,2,11
2.06894799621924,1,2,2,11
1.03365891830126,2,1,1,11
1.57590937207539,2,2,1,11
-0.0596969907654697,2,1,2,11
0.953653479941778,2,2,2,11
0.568616926436635,1,2,2,11
-22.8833999743167,2,1,1,11
28.8055810915251,2,2,1,11
1.12531822499877,2,1,2,11
0.520028674938827,2,2,2,11
0.965392955147739,1,1,1,11
0.49831915911679,1,2,1,11
0.48515624842717,1,1,2,11
0.348259639369323,1,2,2,11
0.770350666629889,2,1,1,11
3.7384382591924,2,2,1,11
0.284237664371332,2,1,2,11
1.12778751839017,2,2,2,11
1.2431178578935,1,1,1,11
-0.211414559382284,1,2,1,11
0.0129848286770481,1,1,2,11
1.21061086740328,1,2,2,11
-0.0258559385445139,2,1,1,11
0.346550944536722,2,2,1,11
0.120341312062016,2,1,2,11
0.548431301417,2,2,2,11
0.642286351665918,1,1,1,11
2.86081417332764,1,2,1,11
-0.0926042431528326,1,1,2,11
0.663134403406386,1,2,2,11
0.353992289325552,2,1,1,11
0.0286643760951633,2,2,1,11
2.69749364206229,2,1,2,11
0.0215129773313583,2,2,2,11
0.652860048896337,1,1,1,11
0.360358264640903,1,2,1,11
1.17210516684386,1,1,2,11
1.35933776597042,1,2,2,11
0.460174962068409,2,1,1,11
0.925813766149707,2,2,1,11
0.220702175129748,2,1,2,11
0.348330107152655,2,2,2,11
0.139006300459016,1,1,1,11
0.101302448814643,1,2,1,11
0.0283481366442508,1,1,2,11
0.198048468782318,1,2,2,11
0.440466507692135,2,1,1,11
0.721972712083509,2,2,1,11
0.190949478670866,2,1,2,11
0.519370691455275,2,2,2,11
3.14962619909157,1,1,1,11
0.461140455860781,1,2,1,11
0.500048292927565,1,1,2,11
-0.297338056215683,1,2,2,11
0.511409747080483,2,1,1,11
1.34658093247518,2,2,1,11
0.409146854944217,2,1,2,11
-1.54268239245368,2,2,2,11
0.460451681410044,1,1,1,11
0.561549444350177,1,2,1,11
1.19743521479309,1,1,2,11
1.46799152289701,1,2,2,11
0.585568455168207,2,1,1,11
1.9665819593175,2,2,1,11
0.301344207913764,2,1,2,11
0.374329449376577,2,2,2,11
0.143825984267149,1,1,1,11
0.574491497113225,1,2,1,11
0.228929606915603,1,1,2,11
2.00315727397565,1,2,2,11
0.569256577446779,2,1,1,11
0.691852162947478,2,2,1,11
0.417943906180063,2,1,2,11
0.330627112281314,2,2,2,11
-0.0036580503990075,1,1,1,11
0.770438170674147,1,2,1,11
1.22999002963956,1,1,2,11
1.34760004124956,1,2,2,11
2.48112162203193,2,1,1,11
0.748880425504761,2,2,1,11
0.191945974199712,2,1,2,11
-1.61928312639392,2,2,2,11
-0.745025430277108,1,1,1,11
-0.146001905864372,1,2,1,11
-0.1969586697755,1,1,2,11
-0.233622750690352,1,2,2,11
0.236938950067942,2,1,1,11
0.329971385603826,2,2,1,11
-0.384251506947799,2,1,2,11
0.869648678002825,2,2,2,11
0.151448415398036,1,1,1,11
-0.555998726728721,1,2,1,11
1.00241566821471,1,1,2,11
0.737944998401906,1,2,2,11
0.512752848573511,2,1,1,11
0.586417645062363,2,2,1,11
0.514419968440941,2,1,2,11
0.861460142641521,2,2,2,11
0.484127392911175,1,1,1,11
0.28150801011775,1,2,1,11
-2.96127183533134,1,1,2,11
-2.53725296004466,1,2,2,11
-6.2202001918696,2,1,1,11
-0.348481829794754,2,2,1,11
-0.699345491378755,2,1,2,11
0.500744429143427,2,2,2,11
0.57109652221093,1,1,1,11
0.197412393551327,1,2,1,11
0.504294352064264,1,1,2,11
1.64512253694198,1,2,2,11
0.401663622033225,2,1,1,11
0.143721795673212,2,2,1,11
0.602308949525193,2,1,2,11
-0.0644689105893606,2,2,2,11
-0.0613155366655462,1,1,1,11
1.09066882640183,1,2,1,11
0.802538534666125,1,1,2,11
0.743113814152237,1,2,2,11
1.24097893045523,2,1,1,11
0.411738987870749,2,2,1,11
0.426853771862353,2,1,2,11
1.05773180323829,2,2,2,11
0.440527075464776,1,1,1,11
1.36491999587595,1,2,1,11
0.214462287291238,1,1,2,11
-0.355944379485663,1,2,2,11
1.08608198853747,2,1,1,11
0.517989850789848,2,2,1,11
1.59430597878665,2,1,2,11
0.0213211594279828,2,2,2,11
0.932638481708531,1,1,1,11
2.0174675296292,1,2,1,11
-0.235330490968161,1,1,2,11
1.31985596625207,1,2,2,11
4.06944815859851,2,1,1,11
0.949863980023963,2,2,1,11
1.8648027736554,2,1,2,11
-0.695431006281547,2,2,2,11
2.74429008459694,1,1,1,12
1.87304938349896,1,2,1,12
1.11679813427774,1,1,2,12
1.10866429571882,1,2,2,12
0.731135220629309,2,1,1,12
1.18242500324996,2,2,1,12
1.12618466905121,2,1,2,12
0.407735768830095,2,2,2,12
1.19257782700496,1,1,1,12
1.17040520118121,1,2,1,12
0.113471207351873,1,1,2,12
0.384982282013279,1,2,2,12
-2.46266951835296,2,1,1,12
-0.467682804448683,2,2,1,12
0.0157430798933407,2,1,2,12
0.509860013299919,2,2,2,12
0.183550093235411,1,1,1,12
2.41863533171065,1,2,1,12
1.04375590531602,1,1,2,12
2.11514231753819,1,2,2,12
0.814540045169856,2,1,1,12
1.63428669214637,2,2,1,12
0.283955343378745,2,1,2,12
1.24147636550022,2,2,2,12
31.4608939998659,1,1,2,12
0.793700633562673,1,2,2,12
-25.8744442611079,2,1,1,12
25.8273898724026,2,2,1,12
1.2399465010218,2,1,2,12
0.604462772255724,2,2,2,12
1.27556730572037,1,1,1,12
0.578970027210981,1,2,1,12
0.689589170848935,1,1,2,12
0.357592586061416,1,2,2,12
0.902951083345546,2,1,1,12
3.86057413829465,2,2,1,12
0.196876876205924,2,1,2,12
0.825321556975684,2,2,2,12
1.31652152532125,1,1,1,12
0.0406899126951929,1,2,1,12
0.173397297405672,1,1,2,12
0.720217212115533,1,2,2,12
0.0471822235632799,2,1,1,12
0.343796359112728,2,2,1,12
0.320962543736158,2,1,2,12
0.438969164755226,2,2,2,12
0.813395845946604,1,1,1,12
2.77562692727725,1,2,1,12
0.235088608714253,1,1,2,12
0.17675510847042,1,2,2,12
-0.238530507073833,2,1,1,12
0.469004739290719,2,2,1,12
3.09323483022779,2,1,2,12
-0.0886760280287096,2,2,2,12
0.559712861431395,1,1,1,12
0.214833044906118,1,2,1,12
0.791204671416892,1,1,2,12
1.33140036096264,1,2,2,12
0.355488128706606,2,1,1,12
1.05036935137912,2,2,1,12
0.32389110422294,2,1,2,12
0.175352511756693,2,2,2,12
0.297542075606479,1,1,1,12
0.30270854141864,1,2,1,12
-0.071038928272644,1,1,2,12
0.110074152566748,1,2,2,12
0.509879339780151,2,1,1,12
0.849540788385468,2,2,1,12
0.265364775634485,2,1,2,12
0.517079705842405,2,2,2,12
3.23215716504806,1,1,1,12
0.312918156226882,1,2,1,12
0.254673823026157,1,1,2,12
-0.0701775648186234,1,2,2,12
0.690306513066963,2,1,1,12
1.23283220839928,2,2,1,12
0.692826404849055,2,1,2,12
-1.37646982353939,2,2,2,12
0.563278888503201,1,1,1,12
0.740530816929707,1,2,1,12
1.38968356680707,1,1,2,12
1.4694467575516,1,2,2,12
0.590876989674961,2,1,1,12
2.10467656767085,2,2,1,12
0.150079596836533,2,1,2,12
0.304625793843614,2,2,2,12
0.290692649840538,1,1,1,12
0.680299922189171,1,2,1,12
0.575910150103703,1,1,2,12
1.80654667981729,1,2,2,12
0.606446962152887,2,1,1,12
0.729698870007207,2,2,1,12
0.439371056351929,2,1,2,12
0.370086776803429,2,2,2,12
0.555400519924787,1,1,1,12
0.429728093722375,1,2,1,12
0.779562064279971,1,1,2,12
1.21949514835667,1,2,2,12
2.23843828312704,2,1,1,12
0.72330013791652,2,2,1,12
0.162431608221682,2,1,2,12
-0.658325413517033,2,2,2,12
-0.878765749665363,1,1,1,12
-0.125969137763192,1,2,1,12
-0.405035149497186,1,1,2,12
-0.0342989796026906,1,2,2,12
0.124199341676598,2,1,1,12
0.466688926034404,2,2,1,12
-0.154446079011193,2,1,2,12
0.458118007960428,2,2,2,12
0.0351516122655596,1,1,1,12
-0.0206882301025959,1,2,1,12
1.13407956159478,1,1,2,12
1.09701863584984,1,2,2,12
0.450438876182784,2,1,1,12
0.707748989482805,2,2,1,12
0.963688840218403,2,1,2,12
0.945986001009909,2,2,2,12
0.571228310069959,1,1,1,12
0.25876001985214,1,2,1,12
-2.50043189786344,1,1,2,12
-2.33673116528608,1,2,2,12
-5.64093805276409,2,1,1,12
-0.559672468531109,2,2,1,12
-0.329421094928584,2,1,2,12
0.522709571615795,2,2,2,12
0.444377740637956,1,1,1,12
0.41192634481688,1,2,1,12
0.675297552501064,1,1,2,12
1.36421022370663,1,2,2,12
0.429618815825948,2,1,1,12
0.126394457608018,2,2,1,12
0.3951782563848,2,1,2,12
-0.0571157224596527,2,2,2,12
-0.0111840300622891,1,1,1,12
1.15736801183081,1,2,1,12
0.270524511755324,1,1,2,12
0.854809051282462,1,2,2,12
1.20507792368885,2,1,1,12
0.4093046297144,2,2,1,12
0.609461307375903,2,1,2,12
0.612367303158671,2,2,2,12
0.689202231227954,1,1,1,12
1.26525123236042,1,2,1,12
0.240153403237308,1,1,2,12
0.159058757589372,1,2,2,12
1.13786544232083,2,1,1,12
0.305775091669609,2,2,1,12
1.86623405334442,2,1,2,12
-0.454624361061383,2,2,2,12
1.01710275977004,1,1,1,12
1.72657680120347,1,2,1,12
0.200345587496502,1,1,2,12
1.60708996328736,1,2,2,12
3.9973215478708,2,1,1,12
1.7014084298985,2,2,1,12
1.80866032180997,2,1,2,12
-0.167279678908585,2,2,2,12
2.71366663152323,1,1,1,13
1.66566728949953,1,2,1,13
0.859782301049445,1,1,2,13
1.04415751271207,1,2,2,13
0.680421243874292,2,1,1,13
1.12623172778478,2,2,1,13
0.629084998620202,2,1,2,13
0.471803814914481,2,2,2,13
1.39053483766624,1,1,1,13
1.07793290361763,1,2,1,13
-0.0362896328716531,1,1,2,13
0.448603978630358,1,2,2,13
-3.21216413577313,2,1,1,13
-0.671047532589327,2,2,1,13
0.356433727686876,2,1,2,13
0.31809224408765,2,2,2,13
0.13708504853109,1,1,1,13
2.70992594817293,1,2,1,13
1.04440385017472,1,1,2,13
1.84720258145012,1,2,2,13
0.742928900427976,2,1,1,13
1.77498128289156,2,2,1,13
0.25555244851373,2,1,2,13
1.24044500966855,2,2,2,13
0.774397012315639,1,2,2,13
-24.3991495783917,2,1,1,13
31.6953251661009,2,2,1,13
1.40464312361549,2,1,2,13
0.584896648023795,2,2,2,13
0.950930678850105,1,1,1,13
0.6745258286019,1,2,1,13
0.427325929818114,1,1,2,13
0.552970833682172,1,2,2,13
0.828908621219964,2,1,1,13
3.78206858577992,2,2,1,13
0.373196435894423,2,1,2,13
1.00006166565352,2,2,2,13
1.4051544212458,1,1,1,13
0.188017777542763,1,2,1,13
0.234131554516794,1,1,2,13
1.32461780138429,1,2,2,13
0.220416301095795,2,1,1,13
0.558628037218867,2,2,1,13
0.231107903952321,2,1,2,13
0.634729017708785,2,2,2,13
0.682584697683472,1,1,1,13
2.92613383801368,1,2,1,13
-0.168585224396741,1,1,2,13
0.474198726774265,1,2,2,13
-0.228136641003361,2,1,1,13
0.319183110548276,2,2,1,13
2.94135174648472,2,1,2,13
0.107890059563883,2,2,2,13
0.4449048266955,1,1,1,13
0.353296674518526,1,2,1,13
1.05412366720797,1,1,2,13
1.49092519768855,1,2,2,13
0.609144725217645,2,1,1,13
0.974608925294947,2,2,1,13
0.450054648301212,2,1,2,13
0.391857854526539,2,2,2,13
0.322878501994483,1,1,1,13
0.154335223137709,1,2,1,13
0.103108729654128,1,1,2,13
0.251079727254102,1,2,2,13
0.367440755101135,2,1,1,13
0.813730678877945,2,2,1,13
0.309419124273713,2,1,2,13
0.845037911362461,2,2,2,13
3.19085138177227,1,1,1,13
0.374010713762504,1,2,1,13
0.315194278814299,1,1,2,13
-0.124926435715596,1,2,2,13
0.78862820095931,2,1,1,13
0.995120647506514,2,2,1,13
0.371903102968153,2,1,2,13
-1.0812951477233,2,2,2,13
0.508133343033102,1,1,1,13
0.662506874618422,1,2,1,13
1.33871247138104,1,1,2,13
1.50060824012897,1,2,2,13
0.609182387602294,2,1,1,13
2.32120283911489,2,2,1,13
0.355682637537841,2,1,2,13
0.484978891270027,2,2,2,13
0.367037083125843,1,1,1,13
0.347059760797039,1,2,1,13
0.211821971274819,1,1,2,13
1.9050810626,1,2,2,13
0.614475289351407,2,1,1,13
0.795866710561328,2,2,1,13
0.350520593484784,2,1,2,13
0.388838924663098,2,2,2,13
0.232236587309708,1,1,1,13
0.794634166944128,1,2,1,13
1.03054355207471,1,1,2,13
1.12384242013419,1,2,2,13
2.10979849509707,2,1,1,13
0.898255961231149,2,2,1,13
0.377080521318025,2,1,2,13
-1.44647094094301,2,2,2,13
-0.549396174363503,1,1,1,13
-0.0178605127681817,1,2,1,13
-0.131802185004072,1,1,2,13
0.0330394178112972,1,2,2,13
0.18495402067754,2,1,1,13
0.193497059968568,2,2,1,13
-0.266070969659311,2,1,2,13
0.587308530506734,2,2,2,13
0.426479890245792,1,1,1,13
-0.0364407111819264,1,2,1,13
0.972572238901084,1,1,2,13
0.720316041831637,1,2,2,13
0.562615484947012,2,1,1,13
0.531016779584758,2,2,1,13
0.835856478546708,2,1,2,13
0.948344784603739,2,2,2,13
0.633231629453018,1,1,1,13
0.401915566850374,1,2,1,13
-2.25779729326452,1,1,2,13
-1.9208459362389,1,2,2,13
-5.19776439731211,2,1,1,13
-0.0300177757470697,2,2,1,13
-0.492992891674155,2,1,2,13
0.38454185580311,2,2,2,13
0.489157016333703,1,1,1,13
0.472750443954705,1,2,1,13
0.748233108250734,1,1,2,13
1.68384479528061,1,2,2,13
0.442252039098061,2,1,1,13
0.376302065585692,2,2,1,13
0.579039668171643,2,1,2,13
0.119551258200953,2,2,2,13
-0.195071047411256,1,1,1,13
0.768081592642764,1,2,1,13
0.710835132643878,1,1,2,13
0.67803172984032,1,2,2,13
1.08796955922352,2,1,1,13
0.468001181624165,2,2,1,13
0.614254709192716,2,1,2,13
1.06448163944179,2,2,2,13
0.779526147581002,1,1,1,13
1.35881079113247,1,2,1,13
0.378206777817748,1,1,2,13
-0.424943070019837,1,2,2,13
1.12776640014143,2,1,1,13
0.574932857425333,2,2,1,13
1.71102911859351,2,1,2,13
0.183690902455674,2,2,2,13
0.802146791286696,1,1,1,13
2.03581845529832,1,2,1,13
0.0545023892713319,1,1,2,13
1.54315592235086,1,2,2,13
4.12036362308003,2,1,1,13
1.70467332420702,2,2,1,13
1.81563572495624,2,1,2,13
-0.878748486413408,2,2,2,13
2.85800605214912,1,1,1,14
2.0314337902346,1,2,1,14
1.0543034778323,1,1,2,14
0.930573453932283,1,2,2,14
0.706857729123634,2,1,1,14
1.27147756441941,2,2,1,14
1.01200357789491,2,1,2,14
0.419968028118023,2,2,2,14
1.30981736760427,1,1,1,14
1.00194014172268,1,2,1,14
0.185725235845183,1,1,2,14
0.681929318782671,1,2,2,14
-1.72731747586224,2,1,1,14
-1.32402773490305,2,2,1,14
0.258594219100797,2,1,2,14
0.383637422122795,2,2,2,14
0.0528743453283115,1,1,1,14
2.37369318191449,1,2,1,14
0.901960563430127,1,1,2,14
2.16097782766969,1,2,2,14
1.22974128944422,2,1,1,14
1.67233465197962,2,2,1,14
0.196223240462873,2,1,2,14
1.19560139264504,2,2,2,14
0.809397157236914,1,2,2,14
30.4550856718974,2,2,1,14
1.32887540263417,2,1,2,14
0.788080942386393,2,2,2,14
1.2303113230143,1,1,1,14
0.735193126501862,1,2,1,14
0.552403363500458,1,1,2,14
0.492344148078889,1,2,2,14
0.995310529292978,2,1,1,14
3.9213871133252,2,2,1,14
0.231424347096532,2,1,2,14
1.04092002561447,2,2,2,14
1.14554248394999,1,1,1,14
0.114573310545882,1,2,1,14
0.308056232225237,1,1,2,14
0.952286109603203,1,2,2,14
-0.120877742985772,2,1,1,14
0.290239743157829,2,2,1,14
0.371945493950148,2,1,2,14
0.474780479973744,2,2,2,14
1.0995453359383,1,1,1,14
2.62213024305813,1,2,1,14
0.113898588423776,1,1,2,14
0.741066038121231,1,2,2,14
0.605424708198651,2,1,1,14
0.549035321462322,2,2,1,14
2.98704541103712,2,1,2,14
0.102602257563527,2,2,2,14
0.758468145730134,1,1,1,14
0.343466820659283,1,2,1,14
0.879818217326393,1,1,2,14
1.46220411493557,1,2,2,14
0.534794340065843,2,1,1,14
1.1171347334567,2,2,1,14
0.186482798149773,2,1,2,14
0.303484506489727,2,2,2,14
0.305771413676425,1,1,1,14
0.118198450890947,1,2,1,14
0.0581383218433239,1,1,2,14
0.155753919806224,1,2,2,14
0.529164677730188,2,1,1,14
0.873023395986129,2,2,1,14
0.177392582500627,2,1,2,14
0.340064636130375,2,2,2,14
3.46487481101014,1,1,1,14
0.156940849023314,1,2,1,14
0.492458993137754,1,1,2,14
0.143026197187704,1,2,2,14
0.5707331177102,2,1,1,14
0.997562628020222,2,2,1,14
0.719415343380412,2,1,2,14
-0.950843059153702,2,2,2,14
0.712461924179714,1,1,1,14
0.750551348694604,1,2,1,14
1.51209855333627,1,1,2,14
1.61854199679361,1,2,2,14
0.625523647234389,2,1,1,14
2.05986861765771,2,2,1,14
0.219131491206683,2,1,2,14
0.383132024523936,2,2,2,14
0.306759422411316,1,1,1,14
0.718097832271443,1,2,1,14
0.623795350920963,1,1,2,14
2.0271458637303,1,2,2,14
1.03348296032925,2,1,1,14
0.863670474175206,2,2,1,14
0.520285965601421,2,1,2,14
0.575397838261224,2,2,2,14
0.676762594095115,1,1,1,14
0.40918348488889,1,2,1,14
0.753788459818863,1,1,2,14
0.833868449762993,1,2,2,14
2.05528571195005,2,1,1,14
1.00620959338518,2,2,1,14
0.183929165795855,2,1,2,14
-1.5602448138067,2,2,2,14
-0.441816748266893,1,1,1,14
0.241217143321337,1,2,1,14
-0.101337478035643,1,1,2,14
0.0393048633144191,1,2,2,14
0.226788724868561,2,1,1,14
0.402906817597996,2,2,1,14
-0.196137197721516,2,1,2,14
0.574531510767973,2,2,2,14
0.421991378482436,1,1,1,14
0.109560263278038,1,2,1,14
1.19980110020611,1,1,2,14
0.98118596259941,1,2,2,14
0.686643934725669,2,1,1,14
0.730679215679518,2,2,1,14
0.69217620033714,2,1,2,14
0.883689357542106,2,2,2,14
0.2933584542734,1,1,1,14
0.715864590568268,1,2,1,14
-1.64255968598293,1,1,2,14
-1.71156362753137,1,2,2,14
-4.81582836904832,2,1,1,14
-0.30683408055861,2,2,1,14
-0.243497654588507,2,1,2,14
-1.60432356876247,2,2,2,14
0.544335025804424,1,1,1,14
0.538820998846506,1,2,1,14
0.947441936720701,1,1,2,14
1.40274138989673,1,2,2,14
0.620475378254597,2,1,1,14
0.14846343527334,2,2,1,14
0.395519683602847,2,1,2,14
0.0964893304359989,2,2,2,14
-0.0886282541525103,1,1,1,14
0.862225169949514,1,2,1,14
0.724647472403748,1,1,2,14
0.97603708535141,1,2,2,14
1.10876402486109,2,1,1,14
0.4703435851682,2,2,1,14
0.701226466093712,2,1,2,14
0.854651830154577,2,2,2,14
0.785517350080872,1,1,1,14
1.50407856269771,1,2,1,14
0.446809586752225,1,1,2,14
0.598892789670189,1,2,2,14
1.09675549091712,2,1,1,14
-0.240790416698932,2,2,1,14
1.76820187224213,2,1,2,14
1.67990973896846,2,2,2,14
0.965145832418123,1,1,1,14
1.59690737450861,1,2,1,14
0.48317799952391,1,1,2,14
1.47906603832221,1,2,2,14
4.75308990870714,2,1,1,14
1.5519129080238,2,2,1,14
1.84641900264499,2,1,2,14
-0.121328254597949,2,2,2,14
3.02629242515475,1,1,1,15
1.69407021164736,1,2,1,15
0.85813807307647,1,1,2,15
1.15427202744257,1,2,2,15
0.978674152760153,2,1,1,15
0.954567879085856,2,2,1,15
1.09742422486759,2,1,2,15
0.491717743420514,2,2,2,15
1.14461532373537,1,1,1,15
1.24473665244938,1,2,1,15
-0.0972144537982623,1,1,2,15
0.746090812731503,1,2,2,15
-2.50316806308728,2,1,1,15
-0.184042864274429,2,2,1,15
0.490068790411487,2,1,2,15
0.306395170502226,2,2,2,15
0.194670201518639,1,1,1,15
2.32177009237903,1,2,1,15
0.995116441354157,1,1,2,15
2.25959364331701,1,2,2,15
1.2260127701862,2,1,1,15
1.85357879891278,2,2,1,15
0.418473765907091,2,1,2,15
1.31671625445856,2,2,2,15
0.852410172606135,1,2,2,15
-25.1399947238391,2,1,1,15
33.6388136789359,2,2,1,15
1.3034418217052,2,1,2,15
0.686594985753132,2,2,2,15
1.22358779423709,1,1,1,15
0.842346934686485,1,2,1,15
0.826350714930712,1,1,2,15
0.66560454150909,1,2,2,15
0.985011794335961,2,1,1,15
3.8072206162949,2,2,1,15
0.294896695493756,2,1,2,15
1.07563369987795,2,2,2,15
1.21071155081827,1,1,1,15
0.171576537157237,1,2,1,15
0.246690421194452,1,1,2,15
1.18503193856911,1,2,2,15
0.225280430178725,2,1,1,15
0.491523948997313,2,2,1,15
0.361487063369816,2,1,2,15
0.435999088017075,2,2,2,15
0.904878460853603,1,1,1,15
2.8995683262449,1,2,1,15
0.015604550974171,1,1,2,15
0.836394026527829,1,2,2,15
-0.231639103910219,2,1,1,15
0.365899675597929,2,2,1,15
3.39718601828796,2,1,2,15
-0.0467705360112156,2,2,2,15
0.50815944459243,1,1,1,15
0.324089857271937,1,2,1,15
0.745067169765432,1,1,2,15
1.54219243997757,1,2,2,15
0.4971700350891,2,1,1,15
0.969158386194917,2,2,1,15
0.293835098131628,2,1,2,15
0.380691556107358,2,2,2,15
0.20872003807082,1,1,1,15
0.329814231692023,1,2,1,15
0.170303322828291,1,1,2,15
0.257981262898415,1,2,2,15
0.410706041314778,2,1,1,15
1.05022382227654,2,2,1,15
0.170813315675317,2,1,2,15
1.07619100258903,2,2,2,15
2.9748414203163,1,1,1,15
0.216385817240784,1,2,1,15
0.515954512483452,1,1,2,15
-0.0762611463604146,1,2,2,15
0.587957709040815,2,1,1,15
1.11128423593316,2,2,1,15
0.62084695250816,2,1,2,15
-3.10898795568333,2,2,2,15
0.817984410314924,1,1,1,15
0.688776736959953,1,2,1,15
1.35170973204483,1,1,2,15
1.54148844455171,1,2,2,15
0.694673424567214,2,1,1,15
1.89445937290471,2,2,1,15
0.273699865765793,2,1,2,15
0.485637615511459,2,2,2,15
0.312726387421482,1,1,1,15
0.509893187110418,1,2,1,15
0.394721834152595,1,1,2,15
1.98768614120886,1,2,2,15
0.663973887411324,2,1,1,15
0.666886185088074,2,2,1,15
0.571870048292769,2,1,2,15
0.450342562586159,2,2,2,15
0.441895848596413,1,1,1,15
0.661384154405575,1,2,1,15
1.02491556354419,1,1,2,15
1.22301345220208,1,2,2,15
1.80874863553289,2,1,1,15
0.745839685117356,2,2,1,15
0.514994644743308,2,1,2,15
-0.638722288377089,2,2,2,15
-0.354725096943107,1,1,1,15
0.167334070231191,1,2,1,15
-0.222466386408352,1,1,2,15
0.0782382327194525,1,2,2,15
0.101829475738378,2,1,1,15
0.322654866682157,2,2,1,15
0.00566285013189504,2,1,2,15
0.848888305359757,2,2,2,15
0.707414728527267,1,1,1,15
0.171347977472963,1,2,1,15
1.22786470572133,1,1,2,15
0.574414713456913,1,2,2,15
0.587195690377677,2,1,1,15
0.569743575655888,2,2,1,15
0.451891056535335,2,1,2,15
0.977882136673124,2,2,2,15
0.488323045795752,1,1,1,15
1.01636524487922,1,2,1,15
-1.64749191225324,1,1,2,15
-1.59049184198637,1,2,2,15
-4.35499053485307,2,1,1,15
-0.209795408541303,2,2,1,15
-0.36144261104386,2,1,2,15
-1.0850079773996,2,2,2,15
0.573991888877883,1,1,1,15
0.498149634819052,1,2,1,15
0.805926691926316,1,1,2,15
1.72721822126576,1,2,2,15
0.595174935049355,2,1,1,15
0.254487868519265,2,2,1,15
0.234267614420018,2,1,2,15
0.115734178768647,2,2,2,15
-0.0268602134033513,1,1,1,15
0.749259049136787,1,2,1,15
0.826238099913139,1,1,2,15
0.81213573669277,1,2,2,15
1.2942719472526,2,1,1,15
0.535340745544385,2,2,1,15
0.730067294993889,2,1,2,15
1.1059159112129,2,2,2,15
0.821332182090775,1,1,1,15
1.52637674716719,1,2,1,15
0.543208779925842,1,1,2,15
-0.03255765228186,1,2,2,15
1.36669970911173,2,1,1,15
0.529157652667475,2,2,1,15
1.74252071673158,2,1,2,15
1.86198097450398,2,2,2,15
1.0481690585864,1,1,1,15
1.81375571503994,1,2,1,15
0.185654700198365,1,1,2,15
1.6068518686258,1,2,2,15
4.4192793444945,2,1,1,15
1.74936681363833,2,2,1,15
1.89634376197073,2,1,2,15
-0.327686862582757,2,2,2,15
